solid "fr-wheel-rill-25mm"
  facet normal 0.998715341091 0 -0.0506717227399
    outer loop
      vertex -170.099151611 4.74707937241 25
      vertex -170.099151611 4.74707937241 20
      vertex -170.111984253 4.99999952316 25
    endloop
  endfacet
  facet normal 0.998715341091 0 -0.0506717227399
    outer loop
      vertex -170.111984253 4.99999952316 25
      vertex -170.099151611 4.74707937241 20
      vertex -170.111984253 4.99999952316 20
    endloop
  endfacet
  facet normal 0.998715341091 0 0.0506717227399
    outer loop
      vertex -170.111984253 4.99999952316 25
      vertex -170.111984253 4.99999952316 20
      vertex -170.099151611 5.25292015076 25
    endloop
  endfacet
  facet normal 0.998715341091 0 0.0506717227399
    outer loop
      vertex -170.099151611 5.25292015076 25
      vertex -170.111984253 4.99999952316 20
      vertex -170.099151611 5.25292015076 20
    endloop
  endfacet
  facet normal 0.988470673561 0 0.151412382722
    outer loop
      vertex -170.099151611 5.25292015076 25
      vertex -170.099151611 5.25292015076 20
      vertex -170.060806274 5.50324583054 25
    endloop
  endfacet
  facet normal 0.988470673561 0 0.151412382722
    outer loop
      vertex -170.060806274 5.50324583054 25
      vertex -170.099151611 5.25292015076 20
      vertex -170.060806274 5.50324583054 20
    endloop
  endfacet
  facet normal 0.968076765537 0 0.250653892756
    outer loop
      vertex -170.060806274 5.50324583054 25
      vertex -170.060806274 5.50324583054 20
      vertex -169.997329712 5.74840831757 25
    endloop
  endfacet
  facet normal 0.968076765537 0 0.250653892756
    outer loop
      vertex -169.997329712 5.74840831757 25
      vertex -170.060806274 5.50324583054 20
      vertex -169.997329712 5.74840831757 20
    endloop
  endfacet
  facet normal 0.937754034996 0 0.347300201654
    outer loop
      vertex -169.997329712 5.74840831757 25
      vertex -169.997329712 5.74840831757 20
      vertex -169.909378052 5.98588943481 25
    endloop
  endfacet
  facet normal 0.937754034996 0 0.347300201654
    outer loop
      vertex -169.909378052 5.98588943481 25
      vertex -169.997329712 5.74840831757 20
      vertex -169.909378052 5.98588943481 20
    endloop
  endfacet
  facet normal 0.897807717323 0 0.440387696028
    outer loop
      vertex -169.909378052 5.98588943481 25
      vertex -169.909378052 5.98588943481 20
      vertex -169.797851562 6.21325492859 25
    endloop
  endfacet
  facet normal 0.897807717323 0 0.440387696028
    outer loop
      vertex -169.797851562 6.21325492859 25
      vertex -169.909378052 5.98588943481 20
      vertex -169.797851562 6.21325492859 20
    endloop
  endfacet
  facet normal 0.848646044731 0 0.528961122036
    outer loop
      vertex -169.797851562 6.21325492859 25
      vertex -169.797851562 6.21325492859 20
      vertex -169.663894653 6.42817020416 25
    endloop
  endfacet
  facet normal 0.848646044731 0 0.528961122036
    outer loop
      vertex -169.663894653 6.42817020416 25
      vertex -169.797851562 6.21325492859 20
      vertex -169.663894653 6.42817020416 20
    endloop
  endfacet
  facet normal 0.790775775909 0 0.61210590601
    outer loop
      vertex -169.663894653 6.42817020416 25
      vertex -169.663894653 6.42817020416 20
      vertex -169.508880615 6.62843179703 25
    endloop
  endfacet
  facet normal 0.790775775909 0 0.61210590601
    outer loop
      vertex -169.508880615 6.62843179703 25
      vertex -169.663894653 6.42817020416 20
      vertex -169.508880615 6.62843179703 20
    endloop
  endfacet
  facet normal 0.724779605865 0 0.68898075819
    outer loop
      vertex -169.508880615 6.62843179703 25
      vertex -169.508880615 6.62843179703 20
      vertex -169.334396362 6.81198215485 25
    endloop
  endfacet
  facet normal 0.724779605865 0 0.68898075819
    outer loop
      vertex -169.334396362 6.81198215485 25
      vertex -169.508880615 6.62843179703 20
      vertex -169.334396362 6.81198215485 20
    endloop
  endfacet
  facet normal 0.651368796825 0 0.758761286736
    outer loop
      vertex -169.334396362 6.81198215485 25
      vertex -169.334396362 6.81198215485 20
      vertex -169.142242432 6.97693967819 25
    endloop
  endfacet
  facet normal 0.651368796825 0 0.758761286736
    outer loop
      vertex -169.142242432 6.97693967819 25
      vertex -169.334396362 6.81198215485 20
      vertex -169.142242432 6.97693967819 20
    endloop
  endfacet
  facet normal 0.571266651154 0 0.820764541626
    outer loop
      vertex -169.142242432 6.97693967819 25
      vertex -169.142242432 6.97693967819 20
      vertex -168.934387207 7.12161064148 25
    endloop
  endfacet
  facet normal 0.571266651154 0 0.820764541626
    outer loop
      vertex -168.934387207 7.12161064148 25
      vertex -169.142242432 6.97693967819 20
      vertex -168.934387207 7.12161064148 20
    endloop
  endfacet
  facet normal 0.48530843854 0 0.874343037605
    outer loop
      vertex -168.934387207 7.12161064148 25
      vertex -168.934387207 7.12161064148 20
      vertex -168.712966919 7.24451112747 25
    endloop
  endfacet
  facet normal 0.48530843854 0 0.874343037605
    outer loop
      vertex -168.712966919 7.24451112747 25
      vertex -168.934387207 7.12161064148 20
      vertex -168.712966919 7.24451112747 20
    endloop
  endfacet
  facet normal 0.394349932671 0 0.91896033287
    outer loop
      vertex -168.712966919 7.24451112747 25
      vertex -168.712966919 7.24451112747 20
      vertex -168.480239868 7.34438037872 25
    endloop
  endfacet
  facet normal 0.394349932671 0 0.91896033287
    outer loop
      vertex -168.480239868 7.34438037872 25
      vertex -168.712966919 7.24451112747 20
      vertex -168.480239868 7.34438037872 20
    endloop
  endfacet
  facet normal 0.29937466979 0 0.954135656357
    outer loop
      vertex -168.480239868 7.34438037872 25
      vertex -168.480239868 7.34438037872 20
      vertex -168.238616943 7.42019319534 25
    endloop
  endfacet
  facet normal 0.29937466979 0 0.954135656357
    outer loop
      vertex -168.238616943 7.42019319534 25
      vertex -168.480239868 7.34438037872 20
      vertex -168.238616943 7.42019319534 20
    endloop
  endfacet
  facet normal 0.201297432184 0 0.979530155659
    outer loop
      vertex -168.238616943 7.42019319534 25
      vertex -168.238616943 7.42019319534 20
      vertex -167.99055481 7.47117090225 25
    endloop
  endfacet
  facet normal 0.201297432184 0 0.979530155659
    outer loop
      vertex -167.99055481 7.47117090225 25
      vertex -168.238616943 7.42019319534 20
      vertex -167.99055481 7.47117090225 20
    endloop
  endfacet
  facet normal 0.101162984967 0 0.994869887829
    outer loop
      vertex -167.99055481 7.47117090225 25
      vertex -167.99055481 7.47117090225 20
      vertex -167.738601685 7.49679088593 25
    endloop
  endfacet
  facet normal 0.101162984967 0 0.994869887829
    outer loop
      vertex -167.738601685 7.49679088593 25
      vertex -167.99055481 7.47117090225 20
      vertex -167.738601685 7.49679088593 20
    endloop
  endfacet
  facet normal -0 0 1
    outer loop
      vertex -167.738601685 7.49679088593 25
      vertex -167.738601685 7.49679088593 20
      vertex -167.485351562 7.49679088593 25
    endloop
  endfacet
  facet normal 0 0 1
    outer loop
      vertex -167.485351562 7.49679088593 25
      vertex -167.738601685 7.49679088593 20
      vertex -167.485351562 7.49679088593 20
    endloop
  endfacet
  facet normal -0.101168952882 0 0.994869232178
    outer loop
      vertex -167.485351562 7.49679088593 25
      vertex -167.485351562 7.49679088593 20
      vertex -167.233413696 7.47117090225 25
    endloop
  endfacet
  facet normal -0.101168952882 0 0.994869232178
    outer loop
      vertex -167.233413696 7.47117090225 25
      vertex -167.485351562 7.49679088593 20
      vertex -167.233413696 7.47117090225 20
    endloop
  endfacet
  facet normal -0.201297432184 0 0.979530155659
    outer loop
      vertex -167.233413696 7.47117090225 25
      vertex -167.233413696 7.47117090225 20
      vertex -166.985351562 7.42019319534 25
    endloop
  endfacet
  facet normal -0.201297432184 0 0.979530155659
    outer loop
      vertex -166.985351562 7.42019319534 25
      vertex -167.233413696 7.47117090225 20
      vertex -166.985351562 7.42019319534 20
    endloop
  endfacet
  facet normal -0.299357712269 0 0.95414096117
    outer loop
      vertex -166.985351562 7.42019319534 25
      vertex -166.985351562 7.42019319534 20
      vertex -166.743713379 7.34438037872 25
    endloop
  endfacet
  facet normal -0.299357712269 0 0.95414096117
    outer loop
      vertex -166.743713379 7.34438037872 25
      vertex -166.985351562 7.42019319534 20
      vertex -166.743713379 7.34438037872 20
    endloop
  endfacet
  facet normal -0.394371420145 0 0.918951153755
    outer loop
      vertex -166.743713379 7.34438037872 25
      vertex -166.743713379 7.34438037872 20
      vertex -166.511001587 7.24451112747 25
    endloop
  endfacet
  facet normal -0.394371420145 0 0.918951153755
    outer loop
      vertex -166.511001587 7.24451112747 25
      vertex -166.743713379 7.34438037872 20
      vertex -166.511001587 7.24451112747 20
    endloop
  endfacet
  facet normal -0.485283255577 0 0.874356985092
    outer loop
      vertex -166.511001587 7.24451112747 25
      vertex -166.511001587 7.24451112747 20
      vertex -166.28956604 7.12161064148 25
    endloop
  endfacet
  facet normal -0.485283255577 0 0.874356985092
    outer loop
      vertex -166.28956604 7.12161064148 25
      vertex -166.511001587 7.24451112747 20
      vertex -166.28956604 7.12161064148 20
    endloop
  endfacet
  facet normal -0.571266651154 0 0.820764541626
    outer loop
      vertex -166.28956604 7.12161064148 25
      vertex -166.28956604 7.12161064148 20
      vertex -166.081710815 6.97693967819 25
    endloop
  endfacet
  facet normal -0.571266651154 0 0.820764541626
    outer loop
      vertex -166.081710815 6.97693967819 25
      vertex -166.28956604 7.12161064148 20
      vertex -166.081710815 6.97693967819 20
    endloop
  endfacet
  facet normal -0.651371240616 0 0.758759200573
    outer loop
      vertex -166.081710815 6.97693967819 25
      vertex -166.081710815 6.97693967819 20
      vertex -165.889556885 6.81198215485 25
    endloop
  endfacet
  facet normal -0.651371240616 0 0.758759200573
    outer loop
      vertex -165.889556885 6.81198215485 25
      vertex -166.081710815 6.97693967819 20
      vertex -165.889556885 6.81198215485 20
    endloop
  endfacet
  facet normal -0.724809229374 0 0.688949584961
    outer loop
      vertex -165.889556885 6.81198215485 25
      vertex -165.889556885 6.81198215485 20
      vertex -165.715087891 6.62843179703 25
    endloop
  endfacet
  facet normal -0.724809229374 0 0.688949584961
    outer loop
      vertex -165.715087891 6.62843179703 25
      vertex -165.889556885 6.81198215485 20
      vertex -165.715087891 6.62843179703 20
    endloop
  endfacet
  facet normal -0.790775775909 0 0.61210590601
    outer loop
      vertex -165.715087891 6.62843179703 25
      vertex -165.715087891 6.62843179703 20
      vertex -165.560073853 6.42817020416 25
    endloop
  endfacet
  facet normal -0.790775775909 0 0.61210590601
    outer loop
      vertex -165.560073853 6.42817020416 25
      vertex -165.715087891 6.62843179703 20
      vertex -165.560073853 6.42817020416 20
    endloop
  endfacet
  facet normal -0.848643839359 0 0.528964698315
    outer loop
      vertex -165.560073853 6.42817020416 25
      vertex -165.560073853 6.42817020416 20
      vertex -165.426116943 6.21325492859 25
    endloop
  endfacet
  facet normal -0.848643839359 0 0.528964698315
    outer loop
      vertex -165.426116943 6.21325492859 25
      vertex -165.560073853 6.42817020416 20
      vertex -165.426116943 6.21325492859 20
    endloop
  endfacet
  facet normal -0.897807717323 0 0.440387696028
    outer loop
      vertex -165.426116943 6.21325492859 25
      vertex -165.426116943 6.21325492859 20
      vertex -165.314590454 5.98588943481 25
    endloop
  endfacet
  facet normal -0.897807717323 0 0.440387696028
    outer loop
      vertex -165.314590454 5.98588943481 25
      vertex -165.426116943 6.21325492859 20
      vertex -165.314590454 5.98588943481 20
    endloop
  endfacet
  facet normal -0.937754034996 0 0.347300201654
    outer loop
      vertex -165.314590454 5.98588943481 25
      vertex -165.314590454 5.98588943481 20
      vertex -165.226638794 5.74840831757 25
    endloop
  endfacet
  facet normal -0.937754034996 0 0.347300201654
    outer loop
      vertex -165.226638794 5.74840831757 25
      vertex -165.314590454 5.98588943481 20
      vertex -165.226638794 5.74840831757 20
    endloop
  endfacet
  facet normal -0.96807795763 0 0.250649273396
    outer loop
      vertex -165.226638794 5.74840831757 25
      vertex -165.226638794 5.74840831757 20
      vertex -165.163162231 5.50324583054 25
    endloop
  endfacet
  facet normal -0.96807795763 0 0.250649273396
    outer loop
      vertex -165.163162231 5.50324583054 25
      vertex -165.226638794 5.74840831757 20
      vertex -165.163162231 5.50324583054 20
    endloop
  endfacet
  facet normal -0.988461077213 0 0.151475161314
    outer loop
      vertex -165.163162231 5.50324583054 25
      vertex -165.163162231 5.50324583054 20
      vertex -165.124801636 5.25292015076 25
    endloop
  endfacet
  facet normal -0.988461077213 0 0.151475161314
    outer loop
      vertex -165.124801636 5.25292015076 25
      vertex -165.163162231 5.50324583054 20
      vertex -165.124801636 5.25292015076 20
    endloop
  endfacet
  facet normal -0.998718380928 0 0.05061256513
    outer loop
      vertex -165.124801636 5.25292015076 25
      vertex -165.124801636 5.25292015076 20
      vertex -165.111984253 4.99999952316 25
    endloop
  endfacet
  facet normal -0.998718380928 0 0.05061256513
    outer loop
      vertex -165.111984253 4.99999952316 25
      vertex -165.124801636 5.25292015076 20
      vertex -165.111984253 4.99999952316 20
    endloop
  endfacet
  facet normal -0.998718380928 -0 -0.05061256513
    outer loop
      vertex -165.111984253 4.99999952316 25
      vertex -165.111984253 4.99999952316 20
      vertex -165.124801636 4.74707937241 25
    endloop
  endfacet
  facet normal -0.998718380928 -0 -0.05061256513
    outer loop
      vertex -165.124801636 4.74707937241 25
      vertex -165.111984253 4.99999952316 20
      vertex -165.124801636 4.74707937241 20
    endloop
  endfacet
  facet normal -0.988461077213 -0 -0.151475161314
    outer loop
      vertex -165.124801636 4.74707937241 25
      vertex -165.124801636 4.74707937241 20
      vertex -165.163162231 4.49675369263 25
    endloop
  endfacet
  facet normal -0.988461077213 -0 -0.151475161314
    outer loop
      vertex -165.163162231 4.49675369263 25
      vertex -165.124801636 4.74707937241 20
      vertex -165.163162231 4.49675369263 20
    endloop
  endfacet
  facet normal -0.968077659607 -0 -0.250650465488
    outer loop
      vertex -165.163162231 4.49675369263 25
      vertex -165.163162231 4.49675369263 20
      vertex -165.226638794 4.25159215927 25
    endloop
  endfacet
  facet normal -0.968077659607 -0 -0.250650465488
    outer loop
      vertex -165.226638794 4.25159215927 25
      vertex -165.163162231 4.49675369263 20
      vertex -165.226638794 4.25159215927 20
    endloop
  endfacet
  facet normal -0.937754631042 -0 -0.347298592329
    outer loop
      vertex -165.226638794 4.25159215927 25
      vertex -165.226638794 4.25159215927 20
      vertex -165.314590454 4.01411008835 25
    endloop
  endfacet
  facet normal -0.937754631042 -0 -0.347298592329
    outer loop
      vertex -165.314590454 4.01411008835 25
      vertex -165.226638794 4.25159215927 20
      vertex -165.314590454 4.01411008835 20
    endloop
  endfacet
  facet normal -0.897806763649 -0 -0.440389662981
    outer loop
      vertex -165.314590454 4.01411008835 25
      vertex -165.314590454 4.01411008835 20
      vertex -165.426116943 3.78674554825 25
    endloop
  endfacet
  facet normal -0.897806763649 -0 -0.440389662981
    outer loop
      vertex -165.426116943 3.78674554825 25
      vertex -165.314590454 4.01411008835 20
      vertex -165.426116943 3.78674554825 20
    endloop
  endfacet
  facet normal -0.848645210266 -0 -0.528962492943
    outer loop
      vertex -165.426116943 3.78674554825 25
      vertex -165.426116943 3.78674554825 20
      vertex -165.560073853 3.57182908058 25
    endloop
  endfacet
  facet normal -0.848645210266 -0 -0.528962492943
    outer loop
      vertex -165.560073853 3.57182908058 25
      vertex -165.426116943 3.78674554825 20
      vertex -165.560073853 3.57182908058 20
    endloop
  endfacet
  facet normal -0.790773928165 -0 -0.612108290195
    outer loop
      vertex -165.560073853 3.57182908058 25
      vertex -165.560073853 3.57182908058 20
      vertex -165.715087891 3.37156867981 25
    endloop
  endfacet
  facet normal -0.790773928165 -0 -0.612108290195
    outer loop
      vertex -165.715087891 3.37156867981 25
      vertex -165.560073853 3.57182908058 20
      vertex -165.715087891 3.37156867981 20
    endloop
  endfacet
  facet normal -0.724809229374 -0 -0.688949584961
    outer loop
      vertex -165.715087891 3.37156867981 25
      vertex -165.715087891 3.37156867981 20
      vertex -165.889556885 3.18801856041 25
    endloop
  endfacet
  facet normal -0.724809229374 -0 -0.688949584961
    outer loop
      vertex -165.889556885 3.18801856041 25
      vertex -165.715087891 3.37156867981 20
      vertex -165.889556885 3.18801856041 20
    endloop
  endfacet
  facet normal -0.651371240616 -0 -0.758759200573
    outer loop
      vertex -165.889556885 3.18801856041 25
      vertex -165.889556885 3.18801856041 20
      vertex -166.081710815 3.02306103706 25
    endloop
  endfacet
  facet normal -0.651371240616 -0 -0.758759200573
    outer loop
      vertex -166.081710815 3.02306103706 25
      vertex -165.889556885 3.18801856041 20
      vertex -166.081710815 3.02306103706 20
    endloop
  endfacet
  facet normal -0.571266651154 -0 -0.820764541626
    outer loop
      vertex -166.081710815 3.02306103706 25
      vertex -166.081710815 3.02306103706 20
      vertex -166.28956604 2.87838983536 25
    endloop
  endfacet
  facet normal -0.571266651154 -0 -0.820764541626
    outer loop
      vertex -166.28956604 2.87838983536 25
      vertex -166.081710815 3.02306103706 20
      vertex -166.28956604 2.87838983536 20
    endloop
  endfacet
  facet normal -0.485287040472 -0 -0.87435489893
    outer loop
      vertex -166.28956604 2.87838983536 25
      vertex -166.28956604 2.87838983536 20
      vertex -166.511001587 2.75548815727 25
    endloop
  endfacet
  facet normal -0.485287040472 -0 -0.87435489893
    outer loop
      vertex -166.511001587 2.75548815727 25
      vertex -166.28956604 2.87838983536 20
      vertex -166.511001587 2.75548815727 20
    endloop
  endfacet
  facet normal -0.394371420145 -0 -0.918951153755
    outer loop
      vertex -166.511001587 2.75548815727 25
      vertex -166.511001587 2.75548815727 20
      vertex -166.743713379 2.65561914444 25
    endloop
  endfacet
  facet normal -0.394371420145 -0 -0.918951153755
    outer loop
      vertex -166.743713379 2.65561914444 25
      vertex -166.511001587 2.75548815727 20
      vertex -166.743713379 2.65561914444 20
    endloop
  endfacet
  facet normal -0.299353212118 -0 -0.954142391682
    outer loop
      vertex -166.743713379 2.65561914444 25
      vertex -166.743713379 2.65561914444 20
      vertex -166.985351562 2.57980751991 25
    endloop
  endfacet
  facet normal -0.299353212118 -0 -0.954142391682
    outer loop
      vertex -166.985351562 2.57980751991 25
      vertex -166.743713379 2.65561914444 20
      vertex -166.985351562 2.57980751991 20
    endloop
  endfacet
  facet normal -0.201297432184 -0 -0.979530155659
    outer loop
      vertex -166.985351562 2.57980751991 25
      vertex -166.985351562 2.57980751991 20
      vertex -167.233413696 2.52882957458 25
    endloop
  endfacet
  facet normal -0.201297432184 -0 -0.979530155659
    outer loop
      vertex -167.233413696 2.52882957458 25
      vertex -166.985351562 2.57980751991 20
      vertex -167.233413696 2.52882957458 20
    endloop
  endfacet
  facet normal -0.101173847914 -0 -0.994868755341
    outer loop
      vertex -167.233413696 2.52882957458 25
      vertex -167.233413696 2.52882957458 20
      vertex -167.485351562 2.50320863724 25
    endloop
  endfacet
  facet normal -0.101173847914 -0 -0.994868755341
    outer loop
      vertex -167.485351562 2.50320863724 25
      vertex -167.233413696 2.52882957458 20
      vertex -167.485351562 2.50320863724 20
    endloop
  endfacet
  facet normal -0 -0 -1
    outer loop
      vertex -167.485351562 2.50320863724 25
      vertex -167.485351562 2.50320863724 20
      vertex -167.738601685 2.50320863724 25
    endloop
  endfacet
  facet normal 0 0 -1
    outer loop
      vertex -167.738601685 2.50320863724 25
      vertex -167.485351562 2.50320863724 20
      vertex -167.738601685 2.50320863724 20
    endloop
  endfacet
  facet normal 0.101167879999 0 -0.994869351387
    outer loop
      vertex -167.738601685 2.50320863724 25
      vertex -167.738601685 2.50320863724 20
      vertex -167.99055481 2.52882957458 25
    endloop
  endfacet
  facet normal 0.101167879999 0 -0.994869351387
    outer loop
      vertex -167.99055481 2.52882957458 25
      vertex -167.738601685 2.50320863724 20
      vertex -167.99055481 2.52882957458 20
    endloop
  endfacet
  facet normal 0.201297432184 0 -0.979530155659
    outer loop
      vertex -167.99055481 2.52882957458 25
      vertex -167.99055481 2.52882957458 20
      vertex -168.238616943 2.57980751991 25
    endloop
  endfacet
  facet normal 0.201297432184 0 -0.979530155659
    outer loop
      vertex -168.238616943 2.57980751991 25
      vertex -167.99055481 2.52882957458 20
      vertex -168.238616943 2.57980751991 20
    endloop
  endfacet
  facet normal 0.29937016964 0 -0.954137027264
    outer loop
      vertex -168.238616943 2.57980751991 25
      vertex -168.238616943 2.57980751991 20
      vertex -168.480239868 2.65561914444 25
    endloop
  endfacet
  facet normal 0.29937016964 0 -0.954137027264
    outer loop
      vertex -168.480239868 2.65561914444 25
      vertex -168.238616943 2.57980751991 20
      vertex -168.480239868 2.65561914444 20
    endloop
  endfacet
  facet normal 0.394349932671 0 -0.91896033287
    outer loop
      vertex -168.480239868 2.65561914444 25
      vertex -168.480239868 2.65561914444 20
      vertex -168.712966919 2.75548815727 25
    endloop
  endfacet
  facet normal 0.394349932671 0 -0.91896033287
    outer loop
      vertex -168.712966919 2.75548815727 25
      vertex -168.480239868 2.65561914444 20
      vertex -168.712966919 2.75548815727 20
    endloop
  endfacet
  facet normal 0.485312193632 0 -0.874340951443
    outer loop
      vertex -168.712966919 2.75548815727 25
      vertex -168.712966919 2.75548815727 20
      vertex -168.934387207 2.87838983536 25
    endloop
  endfacet
  facet normal 0.485312193632 0 -0.874340951443
    outer loop
      vertex -168.934387207 2.87838983536 25
      vertex -168.712966919 2.75548815727 20
      vertex -168.934387207 2.87838983536 20
    endloop
  endfacet
  facet normal 0.571266651154 0 -0.820764541626
    outer loop
      vertex -168.934387207 2.87838983536 25
      vertex -168.934387207 2.87838983536 20
      vertex -169.142242432 3.02306103706 25
    endloop
  endfacet
  facet normal 0.571266651154 0 -0.820764541626
    outer loop
      vertex -169.142242432 3.02306103706 25
      vertex -168.934387207 2.87838983536 20
      vertex -169.142242432 3.02306103706 20
    endloop
  endfacet
  facet normal 0.651368796825 0 -0.758761286736
    outer loop
      vertex -169.142242432 3.02306103706 25
      vertex -169.142242432 3.02306103706 20
      vertex -169.334396362 3.18801856041 25
    endloop
  endfacet
  facet normal 0.651368796825 0 -0.758761286736
    outer loop
      vertex -169.334396362 3.18801856041 25
      vertex -169.142242432 3.02306103706 20
      vertex -169.334396362 3.18801856041 20
    endloop
  endfacet
  facet normal 0.724779605865 0 -0.68898075819
    outer loop
      vertex -169.334396362 3.18801856041 25
      vertex -169.334396362 3.18801856041 20
      vertex -169.508880615 3.37156867981 25
    endloop
  endfacet
  facet normal 0.724779605865 0 -0.68898075819
    outer loop
      vertex -169.508880615 3.37156867981 25
      vertex -169.334396362 3.18801856041 20
      vertex -169.508880615 3.37156867981 20
    endloop
  endfacet
  facet normal 0.790773928165 0 -0.612108290195
    outer loop
      vertex -169.508880615 3.37156867981 25
      vertex -169.508880615 3.37156867981 20
      vertex -169.663894653 3.57182908058 25
    endloop
  endfacet
  facet normal 0.790773928165 0 -0.612108290195
    outer loop
      vertex -169.663894653 3.57182908058 25
      vertex -169.508880615 3.37156867981 20
      vertex -169.663894653 3.57182908058 20
    endloop
  endfacet
  facet normal 0.848647415638 0 -0.528958916664
    outer loop
      vertex -169.663894653 3.57182908058 25
      vertex -169.663894653 3.57182908058 20
      vertex -169.797851562 3.78674554825 25
    endloop
  endfacet
  facet normal 0.848647415638 0 -0.528958916664
    outer loop
      vertex -169.797851562 3.78674554825 25
      vertex -169.663894653 3.57182908058 20
      vertex -169.797851562 3.78674554825 20
    endloop
  endfacet
  facet normal 0.897806763649 0 -0.440389662981
    outer loop
      vertex -169.797851562 3.78674554825 25
      vertex -169.797851562 3.78674554825 20
      vertex -169.909378052 4.01411008835 25
    endloop
  endfacet
  facet normal 0.897806763649 0 -0.440389662981
    outer loop
      vertex -169.909378052 4.01411008835 25
      vertex -169.797851562 3.78674554825 20
      vertex -169.909378052 4.01411008835 20
    endloop
  endfacet
  facet normal 0.937754631042 0 -0.347298592329
    outer loop
      vertex -169.909378052 4.01411008835 25
      vertex -169.909378052 4.01411008835 20
      vertex -169.997329712 4.25159215927 25
    endloop
  endfacet
  facet normal 0.937754631042 0 -0.347298592329
    outer loop
      vertex -169.997329712 4.25159215927 25
      vertex -169.909378052 4.01411008835 20
      vertex -169.997329712 4.25159215927 20
    endloop
  endfacet
  facet normal 0.968076467514 0 -0.250655114651
    outer loop
      vertex -169.997329712 4.25159215927 25
      vertex -169.997329712 4.25159215927 20
      vertex -170.060806274 4.49675369263 25
    endloop
  endfacet
  facet normal 0.968076467514 0 -0.250655114651
    outer loop
      vertex -170.060806274 4.49675369263 25
      vertex -169.997329712 4.25159215927 20
      vertex -170.060806274 4.49675369263 20
    endloop
  endfacet
  facet normal 0.988470673561 0 -0.151412382722
    outer loop
      vertex -170.060806274 4.49675369263 25
      vertex -170.060806274 4.49675369263 20
      vertex -170.099151611 4.74707937241 25
    endloop
  endfacet
  facet normal 0.988470673561 0 -0.151412382722
    outer loop
      vertex -170.099151611 4.74707937241 25
      vertex -170.060806274 4.49675369263 20
      vertex -170.099151611 4.74707937241 20
    endloop
  endfacet
  facet normal 0.998715341091 -0 0.0506717227399
    outer loop
      vertex -170.099151611 5.25292015076 1.19209289551e-07
      vertex -170.099151611 5.25292015076 5
      vertex -170.111984253 4.99999952316 1.19209289551e-07
    endloop
  endfacet
  facet normal 0.998715341091 -0 0.0506717227399
    outer loop
      vertex -170.111984253 4.99999952316 1.19209289551e-07
      vertex -170.099151611 5.25292015076 5
      vertex -170.111984253 4.99999952316 5
    endloop
  endfacet
  facet normal 0.998715341091 0 -0.0506717227399
    outer loop
      vertex -170.111984253 4.99999952316 1.19209289551e-07
      vertex -170.111984253 4.99999952316 5
      vertex -170.099151611 4.74707937241 1.19209289551e-07
    endloop
  endfacet
  facet normal 0.998715341091 0 -0.0506717227399
    outer loop
      vertex -170.099151611 4.74707937241 1.19209289551e-07
      vertex -170.111984253 4.99999952316 5
      vertex -170.099151611 4.74707937241 5
    endloop
  endfacet
  facet normal 0.988470673561 0 -0.151412382722
    outer loop
      vertex -170.099151611 4.74707937241 1.19209289551e-07
      vertex -170.099151611 4.74707937241 5
      vertex -170.060806274 4.49675369263 1.19209289551e-07
    endloop
  endfacet
  facet normal 0.988470673561 0 -0.151412382722
    outer loop
      vertex -170.060806274 4.49675369263 1.19209289551e-07
      vertex -170.099151611 4.74707937241 5
      vertex -170.060806274 4.49675369263 5
    endloop
  endfacet
  facet normal 0.968076467514 0 -0.250655114651
    outer loop
      vertex -170.060806274 4.49675369263 1.19209289551e-07
      vertex -170.060806274 4.49675369263 5
      vertex -169.997329712 4.25159215927 1.19209289551e-07
    endloop
  endfacet
  facet normal 0.968076467514 0 -0.250655114651
    outer loop
      vertex -169.997329712 4.25159215927 1.19209289551e-07
      vertex -170.060806274 4.49675369263 5
      vertex -169.997329712 4.25159215927 5
    endloop
  endfacet
  facet normal 0.937754631042 0 -0.347298592329
    outer loop
      vertex -169.997329712 4.25159215927 1.19209289551e-07
      vertex -169.997329712 4.25159215927 5
      vertex -169.909378052 4.01411008835 1.19209289551e-07
    endloop
  endfacet
  facet normal 0.937754631042 0 -0.347298592329
    outer loop
      vertex -169.909378052 4.01411008835 1.19209289551e-07
      vertex -169.997329712 4.25159215927 5
      vertex -169.909378052 4.01411008835 5
    endloop
  endfacet
  facet normal 0.897806763649 0 -0.440389662981
    outer loop
      vertex -169.909378052 4.01411008835 1.19209289551e-07
      vertex -169.909378052 4.01411008835 5
      vertex -169.797851562 3.78674554825 1.19209289551e-07
    endloop
  endfacet
  facet normal 0.897806763649 0 -0.440389662981
    outer loop
      vertex -169.797851562 3.78674554825 1.19209289551e-07
      vertex -169.909378052 4.01411008835 5
      vertex -169.797851562 3.78674554825 5
    endloop
  endfacet
  facet normal 0.848647415638 0 -0.528958916664
    outer loop
      vertex -169.797851562 3.78674554825 1.19209289551e-07
      vertex -169.797851562 3.78674554825 5
      vertex -169.663894653 3.57182908058 1.19209289551e-07
    endloop
  endfacet
  facet normal 0.848647415638 0 -0.528958916664
    outer loop
      vertex -169.663894653 3.57182908058 1.19209289551e-07
      vertex -169.797851562 3.78674554825 5
      vertex -169.663894653 3.57182908058 5
    endloop
  endfacet
  facet normal 0.790773928165 0 -0.612108290195
    outer loop
      vertex -169.663894653 3.57182908058 1.19209289551e-07
      vertex -169.663894653 3.57182908058 5
      vertex -169.508880615 3.37156867981 1.19209289551e-07
    endloop
  endfacet
  facet normal 0.790773928165 0 -0.612108290195
    outer loop
      vertex -169.508880615 3.37156867981 1.19209289551e-07
      vertex -169.663894653 3.57182908058 5
      vertex -169.508880615 3.37156867981 5
    endloop
  endfacet
  facet normal 0.724779605865 0 -0.68898075819
    outer loop
      vertex -169.508880615 3.37156867981 1.19209289551e-07
      vertex -169.508880615 3.37156867981 5
      vertex -169.334396362 3.18801856041 1.19209289551e-07
    endloop
  endfacet
  facet normal 0.724779605865 0 -0.68898075819
    outer loop
      vertex -169.334396362 3.18801856041 1.19209289551e-07
      vertex -169.508880615 3.37156867981 5
      vertex -169.334396362 3.18801856041 5
    endloop
  endfacet
  facet normal 0.651368796825 0 -0.758761286736
    outer loop
      vertex -169.334396362 3.18801856041 1.19209289551e-07
      vertex -169.334396362 3.18801856041 5
      vertex -169.142242432 3.02306103706 1.19209289551e-07
    endloop
  endfacet
  facet normal 0.651368796825 0 -0.758761286736
    outer loop
      vertex -169.142242432 3.02306103706 1.19209289551e-07
      vertex -169.334396362 3.18801856041 5
      vertex -169.142242432 3.02306103706 5
    endloop
  endfacet
  facet normal 0.571266651154 0 -0.820764541626
    outer loop
      vertex -169.142242432 3.02306103706 1.19209289551e-07
      vertex -169.142242432 3.02306103706 5
      vertex -168.934387207 2.87838983536 1.19209289551e-07
    endloop
  endfacet
  facet normal 0.571266651154 0 -0.820764541626
    outer loop
      vertex -168.934387207 2.87838983536 1.19209289551e-07
      vertex -169.142242432 3.02306103706 5
      vertex -168.934387207 2.87838983536 5
    endloop
  endfacet
  facet normal 0.485312193632 0 -0.874340951443
    outer loop
      vertex -168.934387207 2.87838983536 1.19209289551e-07
      vertex -168.934387207 2.87838983536 5
      vertex -168.712966919 2.75548815727 1.19209289551e-07
    endloop
  endfacet
  facet normal 0.485312193632 0 -0.874340951443
    outer loop
      vertex -168.712966919 2.75548815727 1.19209289551e-07
      vertex -168.934387207 2.87838983536 5
      vertex -168.712966919 2.75548815727 5
    endloop
  endfacet
  facet normal 0.394349932671 0 -0.91896033287
    outer loop
      vertex -168.712966919 2.75548815727 1.19209289551e-07
      vertex -168.712966919 2.75548815727 5
      vertex -168.480239868 2.65561914444 1.19209289551e-07
    endloop
  endfacet
  facet normal 0.394349932671 0 -0.91896033287
    outer loop
      vertex -168.480239868 2.65561914444 1.19209289551e-07
      vertex -168.712966919 2.75548815727 5
      vertex -168.480239868 2.65561914444 5
    endloop
  endfacet
  facet normal 0.29937016964 0 -0.954137027264
    outer loop
      vertex -168.480239868 2.65561914444 1.19209289551e-07
      vertex -168.480239868 2.65561914444 5
      vertex -168.238616943 2.57980751991 1.19209289551e-07
    endloop
  endfacet
  facet normal 0.29937016964 0 -0.954137027264
    outer loop
      vertex -168.238616943 2.57980751991 1.19209289551e-07
      vertex -168.480239868 2.65561914444 5
      vertex -168.238616943 2.57980751991 5
    endloop
  endfacet
  facet normal 0.201297432184 0 -0.979530155659
    outer loop
      vertex -168.238616943 2.57980751991 1.19209289551e-07
      vertex -168.238616943 2.57980751991 5
      vertex -167.99055481 2.52882957458 1.19209289551e-07
    endloop
  endfacet
  facet normal 0.201297432184 0 -0.979530155659
    outer loop
      vertex -167.99055481 2.52882957458 1.19209289551e-07
      vertex -168.238616943 2.57980751991 5
      vertex -167.99055481 2.52882957458 5
    endloop
  endfacet
  facet normal 0.101167879999 0 -0.994869351387
    outer loop
      vertex -167.99055481 2.52882957458 1.19209289551e-07
      vertex -167.99055481 2.52882957458 5
      vertex -167.738601685 2.50320863724 1.19209289551e-07
    endloop
  endfacet
  facet normal 0.101167879999 0 -0.994869351387
    outer loop
      vertex -167.738601685 2.50320863724 1.19209289551e-07
      vertex -167.99055481 2.52882957458 5
      vertex -167.738601685 2.50320863724 5
    endloop
  endfacet
  facet normal 0 0 -1
    outer loop
      vertex -167.738601685 2.50320863724 1.19209289551e-07
      vertex -167.738601685 2.50320863724 5
      vertex -167.485351562 2.50320863724 1.19209289551e-07
    endloop
  endfacet
  facet normal 0 0 -1
    outer loop
      vertex -167.485351562 2.50320863724 1.19209289551e-07
      vertex -167.738601685 2.50320863724 5
      vertex -167.485351562 2.50320863724 5
    endloop
  endfacet
  facet normal -0.101173847914 0 -0.994868755341
    outer loop
      vertex -167.485351562 2.50320863724 1.19209289551e-07
      vertex -167.485351562 2.50320863724 5
      vertex -167.233413696 2.52882957458 1.19209289551e-07
    endloop
  endfacet
  facet normal -0.101173847914 0 -0.994868755341
    outer loop
      vertex -167.233413696 2.52882957458 1.19209289551e-07
      vertex -167.485351562 2.50320863724 5
      vertex -167.233413696 2.52882957458 5
    endloop
  endfacet
  facet normal -0.201297432184 0 -0.979530155659
    outer loop
      vertex -167.233413696 2.52882957458 1.19209289551e-07
      vertex -167.233413696 2.52882957458 5
      vertex -166.985351562 2.57980751991 1.19209289551e-07
    endloop
  endfacet
  facet normal -0.201297432184 0 -0.979530155659
    outer loop
      vertex -166.985351562 2.57980751991 1.19209289551e-07
      vertex -167.233413696 2.52882957458 5
      vertex -166.985351562 2.57980751991 5
    endloop
  endfacet
  facet normal -0.299353212118 0 -0.954142391682
    outer loop
      vertex -166.985351562 2.57980751991 1.19209289551e-07
      vertex -166.985351562 2.57980751991 5
      vertex -166.743713379 2.65561914444 1.19209289551e-07
    endloop
  endfacet
  facet normal -0.299353212118 0 -0.954142391682
    outer loop
      vertex -166.743713379 2.65561914444 1.19209289551e-07
      vertex -166.985351562 2.57980751991 5
      vertex -166.743713379 2.65561914444 5
    endloop
  endfacet
  facet normal -0.394371420145 0 -0.918951153755
    outer loop
      vertex -166.743713379 2.65561914444 1.19209289551e-07
      vertex -166.743713379 2.65561914444 5
      vertex -166.511001587 2.75548815727 1.19209289551e-07
    endloop
  endfacet
  facet normal -0.394371420145 0 -0.918951153755
    outer loop
      vertex -166.511001587 2.75548815727 1.19209289551e-07
      vertex -166.743713379 2.65561914444 5
      vertex -166.511001587 2.75548815727 5
    endloop
  endfacet
  facet normal -0.485287040472 0 -0.87435489893
    outer loop
      vertex -166.511001587 2.75548815727 1.19209289551e-07
      vertex -166.511001587 2.75548815727 5
      vertex -166.28956604 2.87838983536 1.19209289551e-07
    endloop
  endfacet
  facet normal -0.485287040472 0 -0.87435489893
    outer loop
      vertex -166.28956604 2.87838983536 1.19209289551e-07
      vertex -166.511001587 2.75548815727 5
      vertex -166.28956604 2.87838983536 5
    endloop
  endfacet
  facet normal -0.571266651154 0 -0.820764541626
    outer loop
      vertex -166.28956604 2.87838983536 1.19209289551e-07
      vertex -166.28956604 2.87838983536 5
      vertex -166.081710815 3.02306103706 1.19209289551e-07
    endloop
  endfacet
  facet normal -0.571266651154 0 -0.820764541626
    outer loop
      vertex -166.081710815 3.02306103706 1.19209289551e-07
      vertex -166.28956604 2.87838983536 5
      vertex -166.081710815 3.02306103706 5
    endloop
  endfacet
  facet normal -0.651371240616 0 -0.758759200573
    outer loop
      vertex -166.081710815 3.02306103706 1.19209289551e-07
      vertex -166.081710815 3.02306103706 5
      vertex -165.889556885 3.18801856041 1.19209289551e-07
    endloop
  endfacet
  facet normal -0.651371240616 0 -0.758759200573
    outer loop
      vertex -165.889556885 3.18801856041 1.19209289551e-07
      vertex -166.081710815 3.02306103706 5
      vertex -165.889556885 3.18801856041 5
    endloop
  endfacet
  facet normal -0.724809229374 0 -0.688949584961
    outer loop
      vertex -165.889556885 3.18801856041 1.19209289551e-07
      vertex -165.889556885 3.18801856041 5
      vertex -165.715087891 3.37156867981 1.19209289551e-07
    endloop
  endfacet
  facet normal -0.724809229374 0 -0.688949584961
    outer loop
      vertex -165.715087891 3.37156867981 1.19209289551e-07
      vertex -165.889556885 3.18801856041 5
      vertex -165.715087891 3.37156867981 5
    endloop
  endfacet
  facet normal -0.790773928165 0 -0.612108290195
    outer loop
      vertex -165.715087891 3.37156867981 1.19209289551e-07
      vertex -165.715087891 3.37156867981 5
      vertex -165.560073853 3.57182908058 1.19209289551e-07
    endloop
  endfacet
  facet normal -0.790773928165 0 -0.612108290195
    outer loop
      vertex -165.560073853 3.57182908058 1.19209289551e-07
      vertex -165.715087891 3.37156867981 5
      vertex -165.560073853 3.57182908058 5
    endloop
  endfacet
  facet normal -0.848645210266 0 -0.528962492943
    outer loop
      vertex -165.560073853 3.57182908058 1.19209289551e-07
      vertex -165.560073853 3.57182908058 5
      vertex -165.426116943 3.78674554825 1.19209289551e-07
    endloop
  endfacet
  facet normal -0.848645210266 0 -0.528962492943
    outer loop
      vertex -165.426116943 3.78674554825 1.19209289551e-07
      vertex -165.560073853 3.57182908058 5
      vertex -165.426116943 3.78674554825 5
    endloop
  endfacet
  facet normal -0.897806763649 0 -0.440389662981
    outer loop
      vertex -165.426116943 3.78674554825 1.19209289551e-07
      vertex -165.426116943 3.78674554825 5
      vertex -165.314590454 4.01411008835 1.19209289551e-07
    endloop
  endfacet
  facet normal -0.897806763649 0 -0.440389662981
    outer loop
      vertex -165.314590454 4.01411008835 1.19209289551e-07
      vertex -165.426116943 3.78674554825 5
      vertex -165.314590454 4.01411008835 5
    endloop
  endfacet
  facet normal -0.937754631042 0 -0.347298592329
    outer loop
      vertex -165.314590454 4.01411008835 1.19209289551e-07
      vertex -165.314590454 4.01411008835 5
      vertex -165.226638794 4.25159215927 1.19209289551e-07
    endloop
  endfacet
  facet normal -0.937754631042 0 -0.347298592329
    outer loop
      vertex -165.226638794 4.25159215927 1.19209289551e-07
      vertex -165.314590454 4.01411008835 5
      vertex -165.226638794 4.25159215927 5
    endloop
  endfacet
  facet normal -0.968077659607 0 -0.250650465488
    outer loop
      vertex -165.226638794 4.25159215927 1.19209289551e-07
      vertex -165.226638794 4.25159215927 5
      vertex -165.163162231 4.49675369263 1.19209289551e-07
    endloop
  endfacet
  facet normal -0.968077659607 0 -0.250650465488
    outer loop
      vertex -165.163162231 4.49675369263 1.19209289551e-07
      vertex -165.226638794 4.25159215927 5
      vertex -165.163162231 4.49675369263 5
    endloop
  endfacet
  facet normal -0.988461077213 0 -0.151475161314
    outer loop
      vertex -165.163162231 4.49675369263 1.19209289551e-07
      vertex -165.163162231 4.49675369263 5
      vertex -165.124801636 4.74707937241 1.19209289551e-07
    endloop
  endfacet
  facet normal -0.988461077213 0 -0.151475161314
    outer loop
      vertex -165.124801636 4.74707937241 1.19209289551e-07
      vertex -165.163162231 4.49675369263 5
      vertex -165.124801636 4.74707937241 5
    endloop
  endfacet
  facet normal -0.998718380928 0 -0.05061256513
    outer loop
      vertex -165.124801636 4.74707937241 1.19209289551e-07
      vertex -165.124801636 4.74707937241 5
      vertex -165.111984253 4.99999952316 1.19209289551e-07
    endloop
  endfacet
  facet normal -0.998718380928 0 -0.05061256513
    outer loop
      vertex -165.111984253 4.99999952316 1.19209289551e-07
      vertex -165.124801636 4.74707937241 5
      vertex -165.111984253 4.99999952316 5
    endloop
  endfacet
  facet normal -0.998718380928 0 0.05061256513
    outer loop
      vertex -165.111984253 4.99999952316 1.19209289551e-07
      vertex -165.111984253 4.99999952316 5
      vertex -165.124801636 5.25292015076 1.19209289551e-07
    endloop
  endfacet
  facet normal -0.998718380928 0 0.05061256513
    outer loop
      vertex -165.124801636 5.25292015076 1.19209289551e-07
      vertex -165.111984253 4.99999952316 5
      vertex -165.124801636 5.25292015076 5
    endloop
  endfacet
  facet normal -0.988461077213 0 0.151475161314
    outer loop
      vertex -165.124801636 5.25292015076 1.19209289551e-07
      vertex -165.124801636 5.25292015076 5
      vertex -165.163162231 5.50324583054 1.19209289551e-07
    endloop
  endfacet
  facet normal -0.988461077213 0 0.151475161314
    outer loop
      vertex -165.163162231 5.50324583054 1.19209289551e-07
      vertex -165.124801636 5.25292015076 5
      vertex -165.163162231 5.50324583054 5
    endloop
  endfacet
  facet normal -0.96807795763 0 0.250649273396
    outer loop
      vertex -165.163162231 5.50324583054 1.19209289551e-07
      vertex -165.163162231 5.50324583054 5
      vertex -165.226638794 5.74840831757 1.19209289551e-07
    endloop
  endfacet
  facet normal -0.96807795763 0 0.250649273396
    outer loop
      vertex -165.226638794 5.74840831757 1.19209289551e-07
      vertex -165.163162231 5.50324583054 5
      vertex -165.226638794 5.74840831757 5
    endloop
  endfacet
  facet normal -0.937754034996 0 0.347300201654
    outer loop
      vertex -165.226638794 5.74840831757 1.19209289551e-07
      vertex -165.226638794 5.74840831757 5
      vertex -165.314590454 5.98588943481 1.19209289551e-07
    endloop
  endfacet
  facet normal -0.937754034996 0 0.347300201654
    outer loop
      vertex -165.314590454 5.98588943481 1.19209289551e-07
      vertex -165.226638794 5.74840831757 5
      vertex -165.314590454 5.98588943481 5
    endloop
  endfacet
  facet normal -0.897807717323 0 0.440387696028
    outer loop
      vertex -165.314590454 5.98588943481 1.19209289551e-07
      vertex -165.314590454 5.98588943481 5
      vertex -165.426116943 6.21325492859 1.19209289551e-07
    endloop
  endfacet
  facet normal -0.897807717323 0 0.440387696028
    outer loop
      vertex -165.426116943 6.21325492859 1.19209289551e-07
      vertex -165.314590454 5.98588943481 5
      vertex -165.426116943 6.21325492859 5
    endloop
  endfacet
  facet normal -0.848643839359 0 0.528964698315
    outer loop
      vertex -165.426116943 6.21325492859 1.19209289551e-07
      vertex -165.426116943 6.21325492859 5
      vertex -165.560073853 6.42817020416 1.19209289551e-07
    endloop
  endfacet
  facet normal -0.848643839359 0 0.528964698315
    outer loop
      vertex -165.560073853 6.42817020416 1.19209289551e-07
      vertex -165.426116943 6.21325492859 5
      vertex -165.560073853 6.42817020416 5
    endloop
  endfacet
  facet normal -0.790775775909 0 0.61210590601
    outer loop
      vertex -165.560073853 6.42817020416 1.19209289551e-07
      vertex -165.560073853 6.42817020416 5
      vertex -165.715087891 6.62843179703 1.19209289551e-07
    endloop
  endfacet
  facet normal -0.790775775909 0 0.61210590601
    outer loop
      vertex -165.715087891 6.62843179703 1.19209289551e-07
      vertex -165.560073853 6.42817020416 5
      vertex -165.715087891 6.62843179703 5
    endloop
  endfacet
  facet normal -0.724809229374 0 0.688949584961
    outer loop
      vertex -165.715087891 6.62843179703 1.19209289551e-07
      vertex -165.715087891 6.62843179703 5
      vertex -165.889556885 6.81198215485 1.19209289551e-07
    endloop
  endfacet
  facet normal -0.724809229374 0 0.688949584961
    outer loop
      vertex -165.889556885 6.81198215485 1.19209289551e-07
      vertex -165.715087891 6.62843179703 5
      vertex -165.889556885 6.81198215485 5
    endloop
  endfacet
  facet normal -0.651371240616 0 0.758759200573
    outer loop
      vertex -165.889556885 6.81198215485 1.19209289551e-07
      vertex -165.889556885 6.81198215485 5
      vertex -166.081710815 6.97693967819 1.19209289551e-07
    endloop
  endfacet
  facet normal -0.651371240616 0 0.758759200573
    outer loop
      vertex -166.081710815 6.97693967819 1.19209289551e-07
      vertex -165.889556885 6.81198215485 5
      vertex -166.081710815 6.97693967819 5
    endloop
  endfacet
  facet normal -0.571266651154 0 0.820764541626
    outer loop
      vertex -166.081710815 6.97693967819 1.19209289551e-07
      vertex -166.081710815 6.97693967819 5
      vertex -166.28956604 7.12161064148 1.19209289551e-07
    endloop
  endfacet
  facet normal -0.571266651154 0 0.820764541626
    outer loop
      vertex -166.28956604 7.12161064148 1.19209289551e-07
      vertex -166.081710815 6.97693967819 5
      vertex -166.28956604 7.12161064148 5
    endloop
  endfacet
  facet normal -0.485283255577 0 0.874356985092
    outer loop
      vertex -166.28956604 7.12161064148 1.19209289551e-07
      vertex -166.28956604 7.12161064148 5
      vertex -166.511001587 7.24451112747 1.19209289551e-07
    endloop
  endfacet
  facet normal -0.485283255577 0 0.874356985092
    outer loop
      vertex -166.511001587 7.24451112747 1.19209289551e-07
      vertex -166.28956604 7.12161064148 5
      vertex -166.511001587 7.24451112747 5
    endloop
  endfacet
  facet normal -0.394371420145 0 0.918951153755
    outer loop
      vertex -166.511001587 7.24451112747 1.19209289551e-07
      vertex -166.511001587 7.24451112747 5
      vertex -166.743713379 7.34438037872 1.19209289551e-07
    endloop
  endfacet
  facet normal -0.394371420145 0 0.918951153755
    outer loop
      vertex -166.743713379 7.34438037872 1.19209289551e-07
      vertex -166.511001587 7.24451112747 5
      vertex -166.743713379 7.34438037872 5
    endloop
  endfacet
  facet normal -0.299357712269 0 0.95414096117
    outer loop
      vertex -166.743713379 7.34438037872 1.19209289551e-07
      vertex -166.743713379 7.34438037872 5
      vertex -166.985351562 7.42019319534 1.19209289551e-07
    endloop
  endfacet
  facet normal -0.299357712269 0 0.95414096117
    outer loop
      vertex -166.985351562 7.42019319534 1.19209289551e-07
      vertex -166.743713379 7.34438037872 5
      vertex -166.985351562 7.42019319534 5
    endloop
  endfacet
  facet normal -0.201297432184 0 0.979530155659
    outer loop
      vertex -166.985351562 7.42019319534 1.19209289551e-07
      vertex -166.985351562 7.42019319534 5
      vertex -167.233413696 7.47117090225 1.19209289551e-07
    endloop
  endfacet
  facet normal -0.201297432184 0 0.979530155659
    outer loop
      vertex -167.233413696 7.47117090225 1.19209289551e-07
      vertex -166.985351562 7.42019319534 5
      vertex -167.233413696 7.47117090225 5
    endloop
  endfacet
  facet normal -0.101168952882 0 0.994869232178
    outer loop
      vertex -167.233413696 7.47117090225 1.19209289551e-07
      vertex -167.233413696 7.47117090225 5
      vertex -167.485351562 7.49679088593 1.19209289551e-07
    endloop
  endfacet
  facet normal -0.101168952882 0 0.994869232178
    outer loop
      vertex -167.485351562 7.49679088593 1.19209289551e-07
      vertex -167.233413696 7.47117090225 5
      vertex -167.485351562 7.49679088593 5
    endloop
  endfacet
  facet normal 0 -0 1
    outer loop
      vertex -167.485351562 7.49679088593 1.19209289551e-07
      vertex -167.485351562 7.49679088593 5
      vertex -167.738601685 7.49679088593 1.19209289551e-07
    endloop
  endfacet
  facet normal 0 0 1
    outer loop
      vertex -167.738601685 7.49679088593 1.19209289551e-07
      vertex -167.485351562 7.49679088593 5
      vertex -167.738601685 7.49679088593 5
    endloop
  endfacet
  facet normal 0.101162984967 -0 0.994869887829
    outer loop
      vertex -167.738601685 7.49679088593 1.19209289551e-07
      vertex -167.738601685 7.49679088593 5
      vertex -167.99055481 7.47117090225 1.19209289551e-07
    endloop
  endfacet
  facet normal 0.101162984967 -0 0.994869887829
    outer loop
      vertex -167.99055481 7.47117090225 1.19209289551e-07
      vertex -167.738601685 7.49679088593 5
      vertex -167.99055481 7.47117090225 5
    endloop
  endfacet
  facet normal 0.201297432184 -0 0.979530155659
    outer loop
      vertex -167.99055481 7.47117090225 1.19209289551e-07
      vertex -167.99055481 7.47117090225 5
      vertex -168.238616943 7.42019319534 1.19209289551e-07
    endloop
  endfacet
  facet normal 0.201297432184 -0 0.979530155659
    outer loop
      vertex -168.238616943 7.42019319534 1.19209289551e-07
      vertex -167.99055481 7.47117090225 5
      vertex -168.238616943 7.42019319534 5
    endloop
  endfacet
  facet normal 0.29937466979 -0 0.954135656357
    outer loop
      vertex -168.238616943 7.42019319534 1.19209289551e-07
      vertex -168.238616943 7.42019319534 5
      vertex -168.480239868 7.34438037872 1.19209289551e-07
    endloop
  endfacet
  facet normal 0.29937466979 -0 0.954135656357
    outer loop
      vertex -168.480239868 7.34438037872 1.19209289551e-07
      vertex -168.238616943 7.42019319534 5
      vertex -168.480239868 7.34438037872 5
    endloop
  endfacet
  facet normal 0.394349932671 -0 0.91896033287
    outer loop
      vertex -168.480239868 7.34438037872 1.19209289551e-07
      vertex -168.480239868 7.34438037872 5
      vertex -168.712966919 7.24451112747 1.19209289551e-07
    endloop
  endfacet
  facet normal 0.394349932671 -0 0.91896033287
    outer loop
      vertex -168.712966919 7.24451112747 1.19209289551e-07
      vertex -168.480239868 7.34438037872 5
      vertex -168.712966919 7.24451112747 5
    endloop
  endfacet
  facet normal 0.48530843854 -0 0.874343037605
    outer loop
      vertex -168.712966919 7.24451112747 1.19209289551e-07
      vertex -168.712966919 7.24451112747 5
      vertex -168.934387207 7.12161064148 1.19209289551e-07
    endloop
  endfacet
  facet normal 0.48530843854 -0 0.874343037605
    outer loop
      vertex -168.934387207 7.12161064148 1.19209289551e-07
      vertex -168.712966919 7.24451112747 5
      vertex -168.934387207 7.12161064148 5
    endloop
  endfacet
  facet normal 0.571266651154 -0 0.820764541626
    outer loop
      vertex -168.934387207 7.12161064148 1.19209289551e-07
      vertex -168.934387207 7.12161064148 5
      vertex -169.142242432 6.97693967819 1.19209289551e-07
    endloop
  endfacet
  facet normal 0.571266651154 -0 0.820764541626
    outer loop
      vertex -169.142242432 6.97693967819 1.19209289551e-07
      vertex -168.934387207 7.12161064148 5
      vertex -169.142242432 6.97693967819 5
    endloop
  endfacet
  facet normal 0.651368796825 -0 0.758761286736
    outer loop
      vertex -169.142242432 6.97693967819 1.19209289551e-07
      vertex -169.142242432 6.97693967819 5
      vertex -169.334396362 6.81198215485 1.19209289551e-07
    endloop
  endfacet
  facet normal 0.651368796825 -0 0.758761286736
    outer loop
      vertex -169.334396362 6.81198215485 1.19209289551e-07
      vertex -169.142242432 6.97693967819 5
      vertex -169.334396362 6.81198215485 5
    endloop
  endfacet
  facet normal 0.724779605865 -0 0.68898075819
    outer loop
      vertex -169.334396362 6.81198215485 1.19209289551e-07
      vertex -169.334396362 6.81198215485 5
      vertex -169.508880615 6.62843179703 1.19209289551e-07
    endloop
  endfacet
  facet normal 0.724779605865 -0 0.68898075819
    outer loop
      vertex -169.508880615 6.62843179703 1.19209289551e-07
      vertex -169.334396362 6.81198215485 5
      vertex -169.508880615 6.62843179703 5
    endloop
  endfacet
  facet normal 0.790775775909 -0 0.61210590601
    outer loop
      vertex -169.508880615 6.62843179703 1.19209289551e-07
      vertex -169.508880615 6.62843179703 5
      vertex -169.663894653 6.42817020416 1.19209289551e-07
    endloop
  endfacet
  facet normal 0.790775775909 -0 0.61210590601
    outer loop
      vertex -169.663894653 6.42817020416 1.19209289551e-07
      vertex -169.508880615 6.62843179703 5
      vertex -169.663894653 6.42817020416 5
    endloop
  endfacet
  facet normal 0.848646044731 -0 0.528961122036
    outer loop
      vertex -169.663894653 6.42817020416 1.19209289551e-07
      vertex -169.663894653 6.42817020416 5
      vertex -169.797851562 6.21325492859 1.19209289551e-07
    endloop
  endfacet
  facet normal 0.848646044731 -0 0.528961122036
    outer loop
      vertex -169.797851562 6.21325492859 1.19209289551e-07
      vertex -169.663894653 6.42817020416 5
      vertex -169.797851562 6.21325492859 5
    endloop
  endfacet
  facet normal 0.897807717323 -0 0.440387696028
    outer loop
      vertex -169.797851562 6.21325492859 1.19209289551e-07
      vertex -169.797851562 6.21325492859 5
      vertex -169.909378052 5.98588943481 1.19209289551e-07
    endloop
  endfacet
  facet normal 0.897807717323 -0 0.440387696028
    outer loop
      vertex -169.909378052 5.98588943481 1.19209289551e-07
      vertex -169.797851562 6.21325492859 5
      vertex -169.909378052 5.98588943481 5
    endloop
  endfacet
  facet normal 0.937754034996 -0 0.347300201654
    outer loop
      vertex -169.909378052 5.98588943481 1.19209289551e-07
      vertex -169.909378052 5.98588943481 5
      vertex -169.997329712 5.74840831757 1.19209289551e-07
    endloop
  endfacet
  facet normal 0.937754034996 -0 0.347300201654
    outer loop
      vertex -169.997329712 5.74840831757 1.19209289551e-07
      vertex -169.909378052 5.98588943481 5
      vertex -169.997329712 5.74840831757 5
    endloop
  endfacet
  facet normal 0.968076765537 -0 0.250653892756
    outer loop
      vertex -169.997329712 5.74840831757 1.19209289551e-07
      vertex -169.997329712 5.74840831757 5
      vertex -170.060806274 5.50324583054 1.19209289551e-07
    endloop
  endfacet
  facet normal 0.968076765537 -0 0.250653892756
    outer loop
      vertex -170.060806274 5.50324583054 1.19209289551e-07
      vertex -169.997329712 5.74840831757 5
      vertex -170.060806274 5.50324583054 5
    endloop
  endfacet
  facet normal 0.988470673561 -0 0.151412382722
    outer loop
      vertex -170.060806274 5.50324583054 1.19209289551e-07
      vertex -170.060806274 5.50324583054 5
      vertex -170.099151611 5.25292015076 1.19209289551e-07
    endloop
  endfacet
  facet normal 0.988470673561 -0 0.151412382722
    outer loop
      vertex -170.099151611 5.25292015076 1.19209289551e-07
      vertex -170.060806274 5.50324583054 5
      vertex -170.099151611 5.25292015076 5
    endloop
  endfacet
  facet normal 0.998715341091 0 0.0506717227399
    outer loop
      vertex -170.111984253 4.99999952316 20
      vertex -170.111984253 4.99999952316 15
      vertex -170.099151611 5.25292015076 20
    endloop
  endfacet
  facet normal 0.998715341091 0 0.0506717227399
    outer loop
      vertex -170.099151611 5.25292015076 20
      vertex -170.111984253 4.99999952316 15
      vertex -170.099151611 5.25292015076 15
    endloop
  endfacet
  facet normal 0.988470673561 0 0.151412382722
    outer loop
      vertex -170.099151611 5.25292015076 20
      vertex -170.099151611 5.25292015076 15
      vertex -170.060806274 5.50324583054 20
    endloop
  endfacet
  facet normal 0.988470673561 0 0.151412382722
    outer loop
      vertex -170.060806274 5.50324583054 20
      vertex -170.099151611 5.25292015076 15
      vertex -170.060806274 5.50324583054 15
    endloop
  endfacet
  facet normal 0.968076765537 0 0.250653892756
    outer loop
      vertex -170.060806274 5.50324583054 20
      vertex -170.060806274 5.50324583054 15
      vertex -169.997329712 5.74840831757 20
    endloop
  endfacet
  facet normal 0.968076765537 0 0.250653892756
    outer loop
      vertex -169.997329712 5.74840831757 20
      vertex -170.060806274 5.50324583054 15
      vertex -169.997329712 5.74840831757 15
    endloop
  endfacet
  facet normal 0.937754034996 0 0.347300201654
    outer loop
      vertex -169.997329712 5.74840831757 20
      vertex -169.997329712 5.74840831757 15
      vertex -169.909378052 5.98588943481 20
    endloop
  endfacet
  facet normal 0.937754034996 0 0.347300201654
    outer loop
      vertex -169.909378052 5.98588943481 20
      vertex -169.997329712 5.74840831757 15
      vertex -169.909378052 5.98588943481 15
    endloop
  endfacet
  facet normal 0.897807717323 0 0.440387696028
    outer loop
      vertex -169.909378052 5.98588943481 20
      vertex -169.909378052 5.98588943481 15
      vertex -169.797851562 6.21325492859 20
    endloop
  endfacet
  facet normal 0.897807717323 0 0.440387696028
    outer loop
      vertex -169.797851562 6.21325492859 20
      vertex -169.909378052 5.98588943481 15
      vertex -169.797851562 6.21325492859 15
    endloop
  endfacet
  facet normal 0.848646044731 0 0.528961122036
    outer loop
      vertex -169.797851562 6.21325492859 20
      vertex -169.797851562 6.21325492859 15
      vertex -169.663894653 6.42817020416 20
    endloop
  endfacet
  facet normal 0.848646044731 0 0.528961122036
    outer loop
      vertex -169.663894653 6.42817020416 20
      vertex -169.797851562 6.21325492859 15
      vertex -169.663894653 6.42817020416 15
    endloop
  endfacet
  facet normal 0.790775775909 0 0.61210590601
    outer loop
      vertex -169.663894653 6.42817020416 20
      vertex -169.663894653 6.42817020416 15
      vertex -169.508880615 6.62843179703 20
    endloop
  endfacet
  facet normal 0.790775775909 0 0.61210590601
    outer loop
      vertex -169.508880615 6.62843179703 20
      vertex -169.663894653 6.42817020416 15
      vertex -169.508880615 6.62843179703 15
    endloop
  endfacet
  facet normal 0.724779605865 0 0.68898075819
    outer loop
      vertex -169.508880615 6.62843179703 20
      vertex -169.508880615 6.62843179703 15
      vertex -169.334396362 6.81198215485 20
    endloop
  endfacet
  facet normal 0.724779605865 0 0.68898075819
    outer loop
      vertex -169.334396362 6.81198215485 20
      vertex -169.508880615 6.62843179703 15
      vertex -169.334396362 6.81198215485 15
    endloop
  endfacet
  facet normal 0.651368796825 0 0.758761286736
    outer loop
      vertex -169.334396362 6.81198215485 20
      vertex -169.334396362 6.81198215485 15
      vertex -169.142242432 6.97693967819 20
    endloop
  endfacet
  facet normal 0.651368796825 0 0.758761286736
    outer loop
      vertex -169.142242432 6.97693967819 20
      vertex -169.334396362 6.81198215485 15
      vertex -169.142242432 6.97693967819 15
    endloop
  endfacet
  facet normal 0.571266651154 0 0.820764541626
    outer loop
      vertex -169.142242432 6.97693967819 20
      vertex -169.142242432 6.97693967819 15
      vertex -168.934387207 7.12161064148 20
    endloop
  endfacet
  facet normal 0.571266651154 0 0.820764541626
    outer loop
      vertex -168.934387207 7.12161064148 20
      vertex -169.142242432 6.97693967819 15
      vertex -168.934387207 7.12161064148 15
    endloop
  endfacet
  facet normal 0.48530843854 0 0.874343037605
    outer loop
      vertex -168.934387207 7.12161064148 20
      vertex -168.934387207 7.12161064148 15
      vertex -168.712966919 7.24451112747 20
    endloop
  endfacet
  facet normal 0.48530843854 0 0.874343037605
    outer loop
      vertex -168.712966919 7.24451112747 20
      vertex -168.934387207 7.12161064148 15
      vertex -168.712966919 7.24451112747 15
    endloop
  endfacet
  facet normal 0.394349932671 0 0.91896033287
    outer loop
      vertex -168.712966919 7.24451112747 20
      vertex -168.712966919 7.24451112747 15
      vertex -168.480239868 7.34438037872 20
    endloop
  endfacet
  facet normal 0.394349932671 0 0.91896033287
    outer loop
      vertex -168.480239868 7.34438037872 20
      vertex -168.712966919 7.24451112747 15
      vertex -168.480239868 7.34438037872 15
    endloop
  endfacet
  facet normal 0.29937466979 0 0.954135656357
    outer loop
      vertex -168.480239868 7.34438037872 20
      vertex -168.480239868 7.34438037872 15
      vertex -168.238616943 7.42019319534 20
    endloop
  endfacet
  facet normal 0.29937466979 0 0.954135656357
    outer loop
      vertex -168.238616943 7.42019319534 20
      vertex -168.480239868 7.34438037872 15
      vertex -168.238616943 7.42019319534 15
    endloop
  endfacet
  facet normal 0.201297432184 0 0.979530155659
    outer loop
      vertex -168.238616943 7.42019319534 20
      vertex -168.238616943 7.42019319534 15
      vertex -167.99055481 7.47117090225 20
    endloop
  endfacet
  facet normal 0.201297432184 0 0.979530155659
    outer loop
      vertex -167.99055481 7.47117090225 20
      vertex -168.238616943 7.42019319534 15
      vertex -167.99055481 7.47117090225 15
    endloop
  endfacet
  facet normal 0.101162984967 0 0.994869887829
    outer loop
      vertex -167.99055481 7.47117090225 20
      vertex -167.99055481 7.47117090225 15
      vertex -167.738601685 7.49679088593 20
    endloop
  endfacet
  facet normal 0.101162984967 0 0.994869887829
    outer loop
      vertex -167.738601685 7.49679088593 20
      vertex -167.99055481 7.47117090225 15
      vertex -167.738601685 7.49679088593 15
    endloop
  endfacet
  facet normal -0 0 1
    outer loop
      vertex -167.738601685 7.49679088593 20
      vertex -167.738601685 7.49679088593 15
      vertex -167.485351562 7.49679088593 20
    endloop
  endfacet
  facet normal 0 0 1
    outer loop
      vertex -167.485351562 7.49679088593 20
      vertex -167.738601685 7.49679088593 15
      vertex -167.485351562 7.49679088593 15
    endloop
  endfacet
  facet normal -0.101168952882 0 0.994869232178
    outer loop
      vertex -167.485351562 7.49679088593 20
      vertex -167.485351562 7.49679088593 15
      vertex -167.233413696 7.47117090225 20
    endloop
  endfacet
  facet normal -0.101168952882 0 0.994869232178
    outer loop
      vertex -167.233413696 7.47117090225 20
      vertex -167.485351562 7.49679088593 15
      vertex -167.233413696 7.47117090225 15
    endloop
  endfacet
  facet normal -0.201297432184 0 0.979530155659
    outer loop
      vertex -167.233413696 7.47117090225 20
      vertex -167.233413696 7.47117090225 15
      vertex -166.985351562 7.42019319534 20
    endloop
  endfacet
  facet normal -0.201297432184 0 0.979530155659
    outer loop
      vertex -166.985351562 7.42019319534 20
      vertex -167.233413696 7.47117090225 15
      vertex -166.985351562 7.42019319534 15
    endloop
  endfacet
  facet normal -0.299357712269 0 0.95414096117
    outer loop
      vertex -166.985351562 7.42019319534 20
      vertex -166.985351562 7.42019319534 15
      vertex -166.743713379 7.34438037872 20
    endloop
  endfacet
  facet normal -0.299357712269 0 0.95414096117
    outer loop
      vertex -166.743713379 7.34438037872 20
      vertex -166.985351562 7.42019319534 15
      vertex -166.743713379 7.34438037872 15
    endloop
  endfacet
  facet normal -0.394371420145 0 0.918951153755
    outer loop
      vertex -166.743713379 7.34438037872 20
      vertex -166.743713379 7.34438037872 15
      vertex -166.511001587 7.24451112747 20
    endloop
  endfacet
  facet normal -0.394371420145 0 0.918951153755
    outer loop
      vertex -166.511001587 7.24451112747 20
      vertex -166.743713379 7.34438037872 15
      vertex -166.511001587 7.24451112747 15
    endloop
  endfacet
  facet normal -0.485283255577 0 0.874356985092
    outer loop
      vertex -166.511001587 7.24451112747 20
      vertex -166.511001587 7.24451112747 15
      vertex -166.28956604 7.12161064148 20
    endloop
  endfacet
  facet normal -0.485283255577 0 0.874356985092
    outer loop
      vertex -166.28956604 7.12161064148 20
      vertex -166.511001587 7.24451112747 15
      vertex -166.28956604 7.12161064148 15
    endloop
  endfacet
  facet normal -0.571266651154 0 0.820764541626
    outer loop
      vertex -166.28956604 7.12161064148 20
      vertex -166.28956604 7.12161064148 15
      vertex -166.081710815 6.97693967819 20
    endloop
  endfacet
  facet normal -0.571266651154 0 0.820764541626
    outer loop
      vertex -166.081710815 6.97693967819 20
      vertex -166.28956604 7.12161064148 15
      vertex -166.081710815 6.97693967819 15
    endloop
  endfacet
  facet normal -0.651371240616 0 0.758759200573
    outer loop
      vertex -166.081710815 6.97693967819 20
      vertex -166.081710815 6.97693967819 15
      vertex -165.889556885 6.81198215485 20
    endloop
  endfacet
  facet normal -0.651371240616 0 0.758759200573
    outer loop
      vertex -165.889556885 6.81198215485 20
      vertex -166.081710815 6.97693967819 15
      vertex -165.889556885 6.81198215485 15
    endloop
  endfacet
  facet normal -0.724809229374 0 0.688949584961
    outer loop
      vertex -165.889556885 6.81198215485 20
      vertex -165.889556885 6.81198215485 15
      vertex -165.715087891 6.62843179703 20
    endloop
  endfacet
  facet normal -0.724809229374 0 0.688949584961
    outer loop
      vertex -165.715087891 6.62843179703 20
      vertex -165.889556885 6.81198215485 15
      vertex -165.715087891 6.62843179703 15
    endloop
  endfacet
  facet normal -0.790775775909 0 0.61210590601
    outer loop
      vertex -165.715087891 6.62843179703 20
      vertex -165.715087891 6.62843179703 15
      vertex -165.560073853 6.42817020416 20
    endloop
  endfacet
  facet normal -0.790775775909 0 0.61210590601
    outer loop
      vertex -165.560073853 6.42817020416 20
      vertex -165.715087891 6.62843179703 15
      vertex -165.560073853 6.42817020416 15
    endloop
  endfacet
  facet normal -0.848643839359 0 0.528964698315
    outer loop
      vertex -165.560073853 6.42817020416 20
      vertex -165.560073853 6.42817020416 15
      vertex -165.426116943 6.21325492859 20
    endloop
  endfacet
  facet normal -0.848643839359 0 0.528964698315
    outer loop
      vertex -165.426116943 6.21325492859 20
      vertex -165.560073853 6.42817020416 15
      vertex -165.426116943 6.21325492859 15
    endloop
  endfacet
  facet normal -0.897807717323 0 0.440387696028
    outer loop
      vertex -165.426116943 6.21325492859 20
      vertex -165.426116943 6.21325492859 15
      vertex -165.314590454 5.98588943481 20
    endloop
  endfacet
  facet normal -0.897807717323 0 0.440387696028
    outer loop
      vertex -165.314590454 5.98588943481 20
      vertex -165.426116943 6.21325492859 15
      vertex -165.314590454 5.98588943481 15
    endloop
  endfacet
  facet normal -0.937754034996 0 0.347300201654
    outer loop
      vertex -165.314590454 5.98588943481 20
      vertex -165.314590454 5.98588943481 15
      vertex -165.226638794 5.74840831757 20
    endloop
  endfacet
  facet normal -0.937754034996 0 0.347300201654
    outer loop
      vertex -165.226638794 5.74840831757 20
      vertex -165.314590454 5.98588943481 15
      vertex -165.226638794 5.74840831757 15
    endloop
  endfacet
  facet normal -0.96807795763 0 0.250649273396
    outer loop
      vertex -165.226638794 5.74840831757 20
      vertex -165.226638794 5.74840831757 15
      vertex -165.163162231 5.50324583054 20
    endloop
  endfacet
  facet normal -0.96807795763 0 0.250649273396
    outer loop
      vertex -165.163162231 5.50324583054 20
      vertex -165.226638794 5.74840831757 15
      vertex -165.163162231 5.50324583054 15
    endloop
  endfacet
  facet normal -0.988461077213 0 0.151475161314
    outer loop
      vertex -165.163162231 5.50324583054 20
      vertex -165.163162231 5.50324583054 15
      vertex -165.124801636 5.25292015076 20
    endloop
  endfacet
  facet normal -0.988461077213 0 0.151475161314
    outer loop
      vertex -165.124801636 5.25292015076 20
      vertex -165.163162231 5.50324583054 15
      vertex -165.124801636 5.25292015076 15
    endloop
  endfacet
  facet normal -0.998718380928 0 0.05061256513
    outer loop
      vertex -165.124801636 5.25292015076 20
      vertex -165.124801636 5.25292015076 15
      vertex -165.111984253 4.99999952316 20
    endloop
  endfacet
  facet normal -0.998718380928 0 0.05061256513
    outer loop
      vertex -165.111984253 4.99999952316 20
      vertex -165.124801636 5.25292015076 15
      vertex -165.111984253 4.99999952316 15
    endloop
  endfacet
  facet normal -0.998718380928 -0 -0.05061256513
    outer loop
      vertex -165.111984253 4.99999952316 20
      vertex -165.111984253 4.99999952316 15
      vertex -165.124801636 4.74707937241 20
    endloop
  endfacet
  facet normal -0.998718380928 -0 -0.05061256513
    outer loop
      vertex -165.124801636 4.74707937241 20
      vertex -165.111984253 4.99999952316 15
      vertex -165.124801636 4.74707937241 15
    endloop
  endfacet
  facet normal -0.988461077213 -0 -0.151475161314
    outer loop
      vertex -165.124801636 4.74707937241 20
      vertex -165.124801636 4.74707937241 15
      vertex -165.163162231 4.49675369263 20
    endloop
  endfacet
  facet normal -0.988461077213 -0 -0.151475161314
    outer loop
      vertex -165.163162231 4.49675369263 20
      vertex -165.124801636 4.74707937241 15
      vertex -165.163162231 4.49675369263 15
    endloop
  endfacet
  facet normal -0.968077659607 -0 -0.250650465488
    outer loop
      vertex -165.163162231 4.49675369263 20
      vertex -165.163162231 4.49675369263 15
      vertex -165.226638794 4.25159215927 20
    endloop
  endfacet
  facet normal -0.968077659607 -0 -0.250650465488
    outer loop
      vertex -165.226638794 4.25159215927 20
      vertex -165.163162231 4.49675369263 15
      vertex -165.226638794 4.25159215927 15
    endloop
  endfacet
  facet normal -0.937754631042 -0 -0.347298592329
    outer loop
      vertex -165.226638794 4.25159215927 20
      vertex -165.226638794 4.25159215927 15
      vertex -165.314590454 4.01411008835 20
    endloop
  endfacet
  facet normal -0.937754631042 -0 -0.347298592329
    outer loop
      vertex -165.314590454 4.01411008835 20
      vertex -165.226638794 4.25159215927 15
      vertex -165.314590454 4.01411008835 15
    endloop
  endfacet
  facet normal -0.897806763649 -0 -0.440389662981
    outer loop
      vertex -165.314590454 4.01411008835 20
      vertex -165.314590454 4.01411008835 15
      vertex -165.426116943 3.78674554825 20
    endloop
  endfacet
  facet normal -0.897806763649 -0 -0.440389662981
    outer loop
      vertex -165.426116943 3.78674554825 20
      vertex -165.314590454 4.01411008835 15
      vertex -165.426116943 3.78674554825 15
    endloop
  endfacet
  facet normal -0.848645210266 -0 -0.528962492943
    outer loop
      vertex -165.426116943 3.78674554825 20
      vertex -165.426116943 3.78674554825 15
      vertex -165.560073853 3.57182908058 20
    endloop
  endfacet
  facet normal -0.848645210266 -0 -0.528962492943
    outer loop
      vertex -165.560073853 3.57182908058 20
      vertex -165.426116943 3.78674554825 15
      vertex -165.560073853 3.57182908058 15
    endloop
  endfacet
  facet normal -0.790773928165 -0 -0.612108290195
    outer loop
      vertex -165.560073853 3.57182908058 20
      vertex -165.560073853 3.57182908058 15
      vertex -165.715087891 3.37156867981 20
    endloop
  endfacet
  facet normal -0.790773928165 -0 -0.612108290195
    outer loop
      vertex -165.715087891 3.37156867981 20
      vertex -165.560073853 3.57182908058 15
      vertex -165.715087891 3.37156867981 15
    endloop
  endfacet
  facet normal -0.724809229374 -0 -0.688949584961
    outer loop
      vertex -165.715087891 3.37156867981 20
      vertex -165.715087891 3.37156867981 15
      vertex -165.889556885 3.18801856041 20
    endloop
  endfacet
  facet normal -0.724809229374 -0 -0.688949584961
    outer loop
      vertex -165.889556885 3.18801856041 20
      vertex -165.715087891 3.37156867981 15
      vertex -165.889556885 3.18801856041 15
    endloop
  endfacet
  facet normal -0.651371240616 -0 -0.758759200573
    outer loop
      vertex -165.889556885 3.18801856041 20
      vertex -165.889556885 3.18801856041 15
      vertex -166.081710815 3.02306103706 20
    endloop
  endfacet
  facet normal -0.651371240616 -0 -0.758759200573
    outer loop
      vertex -166.081710815 3.02306103706 20
      vertex -165.889556885 3.18801856041 15
      vertex -166.081710815 3.02306103706 15
    endloop
  endfacet
  facet normal -0.571266651154 -0 -0.820764541626
    outer loop
      vertex -166.081710815 3.02306103706 20
      vertex -166.081710815 3.02306103706 15
      vertex -166.28956604 2.87838983536 20
    endloop
  endfacet
  facet normal -0.571266651154 -0 -0.820764541626
    outer loop
      vertex -166.28956604 2.87838983536 20
      vertex -166.081710815 3.02306103706 15
      vertex -166.28956604 2.87838983536 15
    endloop
  endfacet
  facet normal -0.485287040472 -0 -0.87435489893
    outer loop
      vertex -166.28956604 2.87838983536 20
      vertex -166.28956604 2.87838983536 15
      vertex -166.511001587 2.75548815727 20
    endloop
  endfacet
  facet normal -0.485287040472 -0 -0.87435489893
    outer loop
      vertex -166.511001587 2.75548815727 20
      vertex -166.28956604 2.87838983536 15
      vertex -166.511001587 2.75548815727 15
    endloop
  endfacet
  facet normal -0.394371420145 -0 -0.918951153755
    outer loop
      vertex -166.511001587 2.75548815727 20
      vertex -166.511001587 2.75548815727 15
      vertex -166.743713379 2.65561914444 20
    endloop
  endfacet
  facet normal -0.394371420145 -0 -0.918951153755
    outer loop
      vertex -166.743713379 2.65561914444 20
      vertex -166.511001587 2.75548815727 15
      vertex -166.743713379 2.65561914444 15
    endloop
  endfacet
  facet normal -0.299353212118 -0 -0.954142391682
    outer loop
      vertex -166.743713379 2.65561914444 20
      vertex -166.743713379 2.65561914444 15
      vertex -166.985351562 2.57980751991 20
    endloop
  endfacet
  facet normal -0.299353212118 -0 -0.954142391682
    outer loop
      vertex -166.985351562 2.57980751991 20
      vertex -166.743713379 2.65561914444 15
      vertex -166.985351562 2.57980751991 15
    endloop
  endfacet
  facet normal -0.201297432184 -0 -0.979530155659
    outer loop
      vertex -166.985351562 2.57980751991 20
      vertex -166.985351562 2.57980751991 15
      vertex -167.233413696 2.52882957458 20
    endloop
  endfacet
  facet normal -0.201297432184 -0 -0.979530155659
    outer loop
      vertex -167.233413696 2.52882957458 20
      vertex -166.985351562 2.57980751991 15
      vertex -167.233413696 2.52882957458 15
    endloop
  endfacet
  facet normal -0.101173847914 -0 -0.994868755341
    outer loop
      vertex -167.233413696 2.52882957458 20
      vertex -167.233413696 2.52882957458 15
      vertex -167.485351562 2.50320863724 20
    endloop
  endfacet
  facet normal -0.101173847914 -0 -0.994868755341
    outer loop
      vertex -167.485351562 2.50320863724 20
      vertex -167.233413696 2.52882957458 15
      vertex -167.485351562 2.50320863724 15
    endloop
  endfacet
  facet normal -0 -0 -1
    outer loop
      vertex -167.485351562 2.50320863724 20
      vertex -167.485351562 2.50320863724 15
      vertex -167.738601685 2.50320863724 20
    endloop
  endfacet
  facet normal 0 0 -1
    outer loop
      vertex -167.738601685 2.50320863724 20
      vertex -167.485351562 2.50320863724 15
      vertex -167.738601685 2.50320863724 15
    endloop
  endfacet
  facet normal 0.101167879999 0 -0.994869351387
    outer loop
      vertex -167.738601685 2.50320863724 20
      vertex -167.738601685 2.50320863724 15
      vertex -167.99055481 2.52882957458 20
    endloop
  endfacet
  facet normal 0.101167879999 0 -0.994869351387
    outer loop
      vertex -167.99055481 2.52882957458 20
      vertex -167.738601685 2.50320863724 15
      vertex -167.99055481 2.52882957458 15
    endloop
  endfacet
  facet normal 0.201297432184 0 -0.979530155659
    outer loop
      vertex -167.99055481 2.52882957458 20
      vertex -167.99055481 2.52882957458 15
      vertex -168.238616943 2.57980751991 20
    endloop
  endfacet
  facet normal 0.201297432184 0 -0.979530155659
    outer loop
      vertex -168.238616943 2.57980751991 20
      vertex -167.99055481 2.52882957458 15
      vertex -168.238616943 2.57980751991 15
    endloop
  endfacet
  facet normal 0.29937016964 0 -0.954137027264
    outer loop
      vertex -168.238616943 2.57980751991 20
      vertex -168.238616943 2.57980751991 15
      vertex -168.480239868 2.65561914444 20
    endloop
  endfacet
  facet normal 0.29937016964 0 -0.954137027264
    outer loop
      vertex -168.480239868 2.65561914444 20
      vertex -168.238616943 2.57980751991 15
      vertex -168.480239868 2.65561914444 15
    endloop
  endfacet
  facet normal 0.394349932671 0 -0.91896033287
    outer loop
      vertex -168.480239868 2.65561914444 20
      vertex -168.480239868 2.65561914444 15
      vertex -168.712966919 2.75548815727 20
    endloop
  endfacet
  facet normal 0.394349932671 0 -0.91896033287
    outer loop
      vertex -168.712966919 2.75548815727 20
      vertex -168.480239868 2.65561914444 15
      vertex -168.712966919 2.75548815727 15
    endloop
  endfacet
  facet normal 0.485312193632 0 -0.874340951443
    outer loop
      vertex -168.712966919 2.75548815727 20
      vertex -168.712966919 2.75548815727 15
      vertex -168.934387207 2.87838983536 20
    endloop
  endfacet
  facet normal 0.485312193632 0 -0.874340951443
    outer loop
      vertex -168.934387207 2.87838983536 20
      vertex -168.712966919 2.75548815727 15
      vertex -168.934387207 2.87838983536 15
    endloop
  endfacet
  facet normal 0.571266651154 0 -0.820764541626
    outer loop
      vertex -168.934387207 2.87838983536 20
      vertex -168.934387207 2.87838983536 15
      vertex -169.142242432 3.02306103706 20
    endloop
  endfacet
  facet normal 0.571266651154 0 -0.820764541626
    outer loop
      vertex -169.142242432 3.02306103706 20
      vertex -168.934387207 2.87838983536 15
      vertex -169.142242432 3.02306103706 15
    endloop
  endfacet
  facet normal 0.651368796825 0 -0.758761286736
    outer loop
      vertex -169.142242432 3.02306103706 20
      vertex -169.142242432 3.02306103706 15
      vertex -169.334396362 3.18801856041 20
    endloop
  endfacet
  facet normal 0.651368796825 0 -0.758761286736
    outer loop
      vertex -169.334396362 3.18801856041 20
      vertex -169.142242432 3.02306103706 15
      vertex -169.334396362 3.18801856041 15
    endloop
  endfacet
  facet normal 0.724779605865 0 -0.68898075819
    outer loop
      vertex -169.334396362 3.18801856041 20
      vertex -169.334396362 3.18801856041 15
      vertex -169.508880615 3.37156867981 20
    endloop
  endfacet
  facet normal 0.724779605865 0 -0.68898075819
    outer loop
      vertex -169.508880615 3.37156867981 20
      vertex -169.334396362 3.18801856041 15
      vertex -169.508880615 3.37156867981 15
    endloop
  endfacet
  facet normal 0.790773928165 0 -0.612108290195
    outer loop
      vertex -169.508880615 3.37156867981 20
      vertex -169.508880615 3.37156867981 15
      vertex -169.663894653 3.57182908058 20
    endloop
  endfacet
  facet normal 0.790773928165 0 -0.612108290195
    outer loop
      vertex -169.663894653 3.57182908058 20
      vertex -169.508880615 3.37156867981 15
      vertex -169.663894653 3.57182908058 15
    endloop
  endfacet
  facet normal 0.848647415638 0 -0.528958916664
    outer loop
      vertex -169.663894653 3.57182908058 20
      vertex -169.663894653 3.57182908058 15
      vertex -169.797851562 3.78674554825 20
    endloop
  endfacet
  facet normal 0.848647415638 0 -0.528958916664
    outer loop
      vertex -169.797851562 3.78674554825 20
      vertex -169.663894653 3.57182908058 15
      vertex -169.797851562 3.78674554825 15
    endloop
  endfacet
  facet normal 0.897806763649 0 -0.440389662981
    outer loop
      vertex -169.797851562 3.78674554825 20
      vertex -169.797851562 3.78674554825 15
      vertex -169.909378052 4.01411008835 20
    endloop
  endfacet
  facet normal 0.897806763649 0 -0.440389662981
    outer loop
      vertex -169.909378052 4.01411008835 20
      vertex -169.797851562 3.78674554825 15
      vertex -169.909378052 4.01411008835 15
    endloop
  endfacet
  facet normal 0.937754631042 0 -0.347298592329
    outer loop
      vertex -169.909378052 4.01411008835 20
      vertex -169.909378052 4.01411008835 15
      vertex -169.997329712 4.25159215927 20
    endloop
  endfacet
  facet normal 0.937754631042 0 -0.347298592329
    outer loop
      vertex -169.997329712 4.25159215927 20
      vertex -169.909378052 4.01411008835 15
      vertex -169.997329712 4.25159215927 15
    endloop
  endfacet
  facet normal 0.968076467514 0 -0.250655114651
    outer loop
      vertex -169.997329712 4.25159215927 20
      vertex -169.997329712 4.25159215927 15
      vertex -170.060806274 4.49675369263 20
    endloop
  endfacet
  facet normal 0.968076467514 0 -0.250655114651
    outer loop
      vertex -170.060806274 4.49675369263 20
      vertex -169.997329712 4.25159215927 15
      vertex -170.060806274 4.49675369263 15
    endloop
  endfacet
  facet normal 0.988470673561 0 -0.151412382722
    outer loop
      vertex -170.060806274 4.49675369263 20
      vertex -170.060806274 4.49675369263 15
      vertex -170.099151611 4.74707937241 20
    endloop
  endfacet
  facet normal 0.988470673561 0 -0.151412382722
    outer loop
      vertex -170.099151611 4.74707937241 20
      vertex -170.060806274 4.49675369263 15
      vertex -170.099151611 4.74707937241 15
    endloop
  endfacet
  facet normal 0.998715341091 0 -0.0506717227399
    outer loop
      vertex -170.099151611 4.74707937241 20
      vertex -170.099151611 4.74707937241 15
      vertex -170.111984253 4.99999952316 20
    endloop
  endfacet
  facet normal 0.998715341091 0 -0.0506717227399
    outer loop
      vertex -170.111984253 4.99999952316 20
      vertex -170.099151611 4.74707937241 15
      vertex -170.111984253 4.99999952316 15
    endloop
  endfacet
  facet normal 0.998715341091 0 0.0506717227399
    outer loop
      vertex -170.111984253 4.99999952316 15
      vertex -170.111984253 4.99999952316 10
      vertex -170.099151611 5.25292015076 15
    endloop
  endfacet
  facet normal 0.998715341091 0 0.0506717227399
    outer loop
      vertex -170.099151611 5.25292015076 15
      vertex -170.111984253 4.99999952316 10
      vertex -170.099151611 5.25292015076 10
    endloop
  endfacet
  facet normal 0.988470673561 0 0.151412382722
    outer loop
      vertex -170.099151611 5.25292015076 15
      vertex -170.099151611 5.25292015076 10
      vertex -170.060806274 5.50324583054 15
    endloop
  endfacet
  facet normal 0.988470673561 0 0.151412382722
    outer loop
      vertex -170.060806274 5.50324583054 15
      vertex -170.099151611 5.25292015076 10
      vertex -170.060806274 5.50324583054 10
    endloop
  endfacet
  facet normal 0.968076765537 0 0.250653892756
    outer loop
      vertex -170.060806274 5.50324583054 15
      vertex -170.060806274 5.50324583054 10
      vertex -169.997329712 5.74840831757 15
    endloop
  endfacet
  facet normal 0.968076765537 0 0.250653892756
    outer loop
      vertex -169.997329712 5.74840831757 15
      vertex -170.060806274 5.50324583054 10
      vertex -169.997329712 5.74840831757 10
    endloop
  endfacet
  facet normal 0.937754034996 0 0.347300201654
    outer loop
      vertex -169.997329712 5.74840831757 15
      vertex -169.997329712 5.74840831757 10
      vertex -169.909378052 5.98588943481 15
    endloop
  endfacet
  facet normal 0.937754034996 0 0.347300201654
    outer loop
      vertex -169.909378052 5.98588943481 15
      vertex -169.997329712 5.74840831757 10
      vertex -169.909378052 5.98588943481 10
    endloop
  endfacet
  facet normal 0.897807717323 0 0.440387696028
    outer loop
      vertex -169.909378052 5.98588943481 15
      vertex -169.909378052 5.98588943481 10
      vertex -169.797851562 6.21325492859 15
    endloop
  endfacet
  facet normal 0.897807717323 0 0.440387696028
    outer loop
      vertex -169.797851562 6.21325492859 15
      vertex -169.909378052 5.98588943481 10
      vertex -169.797851562 6.21325492859 10
    endloop
  endfacet
  facet normal 0.848646044731 0 0.528961122036
    outer loop
      vertex -169.797851562 6.21325492859 15
      vertex -169.797851562 6.21325492859 10
      vertex -169.663894653 6.42817020416 15
    endloop
  endfacet
  facet normal 0.848646044731 0 0.528961122036
    outer loop
      vertex -169.663894653 6.42817020416 15
      vertex -169.797851562 6.21325492859 10
      vertex -169.663894653 6.42817020416 10
    endloop
  endfacet
  facet normal 0.790775775909 0 0.61210590601
    outer loop
      vertex -169.663894653 6.42817020416 15
      vertex -169.663894653 6.42817020416 10
      vertex -169.508880615 6.62843179703 15
    endloop
  endfacet
  facet normal 0.790775775909 0 0.61210590601
    outer loop
      vertex -169.508880615 6.62843179703 15
      vertex -169.663894653 6.42817020416 10
      vertex -169.508880615 6.62843179703 10
    endloop
  endfacet
  facet normal 0.724779605865 0 0.68898075819
    outer loop
      vertex -169.508880615 6.62843179703 15
      vertex -169.508880615 6.62843179703 10
      vertex -169.334396362 6.81198215485 15
    endloop
  endfacet
  facet normal 0.724779605865 0 0.68898075819
    outer loop
      vertex -169.334396362 6.81198215485 15
      vertex -169.508880615 6.62843179703 10
      vertex -169.334396362 6.81198215485 10
    endloop
  endfacet
  facet normal 0.651368796825 0 0.758761286736
    outer loop
      vertex -169.334396362 6.81198215485 15
      vertex -169.334396362 6.81198215485 10
      vertex -169.142242432 6.97693967819 15
    endloop
  endfacet
  facet normal 0.651368796825 0 0.758761286736
    outer loop
      vertex -169.142242432 6.97693967819 15
      vertex -169.334396362 6.81198215485 10
      vertex -169.142242432 6.97693967819 10
    endloop
  endfacet
  facet normal 0.571266651154 0 0.820764541626
    outer loop
      vertex -169.142242432 6.97693967819 15
      vertex -169.142242432 6.97693967819 10
      vertex -168.934387207 7.12161064148 15
    endloop
  endfacet
  facet normal 0.571266651154 0 0.820764541626
    outer loop
      vertex -168.934387207 7.12161064148 15
      vertex -169.142242432 6.97693967819 10
      vertex -168.934387207 7.12161064148 10
    endloop
  endfacet
  facet normal 0.48530843854 0 0.874343037605
    outer loop
      vertex -168.934387207 7.12161064148 15
      vertex -168.934387207 7.12161064148 10
      vertex -168.712966919 7.24451112747 15
    endloop
  endfacet
  facet normal 0.48530843854 0 0.874343037605
    outer loop
      vertex -168.712966919 7.24451112747 15
      vertex -168.934387207 7.12161064148 10
      vertex -168.712966919 7.24451112747 10
    endloop
  endfacet
  facet normal 0.394349932671 0 0.91896033287
    outer loop
      vertex -168.712966919 7.24451112747 15
      vertex -168.712966919 7.24451112747 10
      vertex -168.480239868 7.34438037872 15
    endloop
  endfacet
  facet normal 0.394349932671 0 0.91896033287
    outer loop
      vertex -168.480239868 7.34438037872 15
      vertex -168.712966919 7.24451112747 10
      vertex -168.480239868 7.34438037872 10
    endloop
  endfacet
  facet normal 0.29937466979 0 0.954135656357
    outer loop
      vertex -168.480239868 7.34438037872 15
      vertex -168.480239868 7.34438037872 10
      vertex -168.238616943 7.42019319534 15
    endloop
  endfacet
  facet normal 0.29937466979 0 0.954135656357
    outer loop
      vertex -168.238616943 7.42019319534 15
      vertex -168.480239868 7.34438037872 10
      vertex -168.238616943 7.42019319534 10
    endloop
  endfacet
  facet normal 0.201297432184 0 0.979530155659
    outer loop
      vertex -168.238616943 7.42019319534 15
      vertex -168.238616943 7.42019319534 10
      vertex -167.99055481 7.47117090225 15
    endloop
  endfacet
  facet normal 0.201297432184 0 0.979530155659
    outer loop
      vertex -167.99055481 7.47117090225 15
      vertex -168.238616943 7.42019319534 10
      vertex -167.99055481 7.47117090225 10
    endloop
  endfacet
  facet normal 0.101162984967 0 0.994869887829
    outer loop
      vertex -167.99055481 7.47117090225 15
      vertex -167.99055481 7.47117090225 10
      vertex -167.738601685 7.49679088593 15
    endloop
  endfacet
  facet normal 0.101162984967 0 0.994869887829
    outer loop
      vertex -167.738601685 7.49679088593 15
      vertex -167.99055481 7.47117090225 10
      vertex -167.738601685 7.49679088593 10
    endloop
  endfacet
  facet normal -0 0 1
    outer loop
      vertex -167.738601685 7.49679088593 15
      vertex -167.738601685 7.49679088593 10
      vertex -167.485351562 7.49679088593 15
    endloop
  endfacet
  facet normal 0 0 1
    outer loop
      vertex -167.485351562 7.49679088593 15
      vertex -167.738601685 7.49679088593 10
      vertex -167.485351562 7.49679088593 10
    endloop
  endfacet
  facet normal -0.101168952882 0 0.994869232178
    outer loop
      vertex -167.485351562 7.49679088593 15
      vertex -167.485351562 7.49679088593 10
      vertex -167.233413696 7.47117090225 15
    endloop
  endfacet
  facet normal -0.101168952882 0 0.994869232178
    outer loop
      vertex -167.233413696 7.47117090225 15
      vertex -167.485351562 7.49679088593 10
      vertex -167.233413696 7.47117090225 10
    endloop
  endfacet
  facet normal -0.201297432184 0 0.979530155659
    outer loop
      vertex -167.233413696 7.47117090225 15
      vertex -167.233413696 7.47117090225 10
      vertex -166.985351562 7.42019319534 15
    endloop
  endfacet
  facet normal -0.201297432184 0 0.979530155659
    outer loop
      vertex -166.985351562 7.42019319534 15
      vertex -167.233413696 7.47117090225 10
      vertex -166.985351562 7.42019319534 10
    endloop
  endfacet
  facet normal -0.299357712269 0 0.95414096117
    outer loop
      vertex -166.985351562 7.42019319534 15
      vertex -166.985351562 7.42019319534 10
      vertex -166.743713379 7.34438037872 15
    endloop
  endfacet
  facet normal -0.299357712269 0 0.95414096117
    outer loop
      vertex -166.743713379 7.34438037872 15
      vertex -166.985351562 7.42019319534 10
      vertex -166.743713379 7.34438037872 10
    endloop
  endfacet
  facet normal -0.394371420145 0 0.918951153755
    outer loop
      vertex -166.743713379 7.34438037872 15
      vertex -166.743713379 7.34438037872 10
      vertex -166.511001587 7.24451112747 15
    endloop
  endfacet
  facet normal -0.394371420145 0 0.918951153755
    outer loop
      vertex -166.511001587 7.24451112747 15
      vertex -166.743713379 7.34438037872 10
      vertex -166.511001587 7.24451112747 10
    endloop
  endfacet
  facet normal -0.485283255577 0 0.874356985092
    outer loop
      vertex -166.511001587 7.24451112747 15
      vertex -166.511001587 7.24451112747 10
      vertex -166.28956604 7.12161064148 15
    endloop
  endfacet
  facet normal -0.485283255577 0 0.874356985092
    outer loop
      vertex -166.28956604 7.12161064148 15
      vertex -166.511001587 7.24451112747 10
      vertex -166.28956604 7.12161064148 10
    endloop
  endfacet
  facet normal -0.571266651154 0 0.820764541626
    outer loop
      vertex -166.28956604 7.12161064148 15
      vertex -166.28956604 7.12161064148 10
      vertex -166.081710815 6.97693967819 15
    endloop
  endfacet
  facet normal -0.571266651154 0 0.820764541626
    outer loop
      vertex -166.081710815 6.97693967819 15
      vertex -166.28956604 7.12161064148 10
      vertex -166.081710815 6.97693967819 10
    endloop
  endfacet
  facet normal -0.651371240616 0 0.758759200573
    outer loop
      vertex -166.081710815 6.97693967819 15
      vertex -166.081710815 6.97693967819 10
      vertex -165.889556885 6.81198215485 15
    endloop
  endfacet
  facet normal -0.651371240616 0 0.758759200573
    outer loop
      vertex -165.889556885 6.81198215485 15
      vertex -166.081710815 6.97693967819 10
      vertex -165.889556885 6.81198215485 10
    endloop
  endfacet
  facet normal -0.724809229374 0 0.688949584961
    outer loop
      vertex -165.889556885 6.81198215485 15
      vertex -165.889556885 6.81198215485 10
      vertex -165.715087891 6.62843179703 15
    endloop
  endfacet
  facet normal -0.724809229374 0 0.688949584961
    outer loop
      vertex -165.715087891 6.62843179703 15
      vertex -165.889556885 6.81198215485 10
      vertex -165.715087891 6.62843179703 10
    endloop
  endfacet
  facet normal -0.790775775909 0 0.61210590601
    outer loop
      vertex -165.715087891 6.62843179703 15
      vertex -165.715087891 6.62843179703 10
      vertex -165.560073853 6.42817020416 15
    endloop
  endfacet
  facet normal -0.790775775909 0 0.61210590601
    outer loop
      vertex -165.560073853 6.42817020416 15
      vertex -165.715087891 6.62843179703 10
      vertex -165.560073853 6.42817020416 10
    endloop
  endfacet
  facet normal -0.848643839359 0 0.528964698315
    outer loop
      vertex -165.560073853 6.42817020416 15
      vertex -165.560073853 6.42817020416 10
      vertex -165.426116943 6.21325492859 15
    endloop
  endfacet
  facet normal -0.848643839359 0 0.528964698315
    outer loop
      vertex -165.426116943 6.21325492859 15
      vertex -165.560073853 6.42817020416 10
      vertex -165.426116943 6.21325492859 10
    endloop
  endfacet
  facet normal -0.897807717323 0 0.440387696028
    outer loop
      vertex -165.426116943 6.21325492859 15
      vertex -165.426116943 6.21325492859 10
      vertex -165.314590454 5.98588943481 15
    endloop
  endfacet
  facet normal -0.897807717323 0 0.440387696028
    outer loop
      vertex -165.314590454 5.98588943481 15
      vertex -165.426116943 6.21325492859 10
      vertex -165.314590454 5.98588943481 10
    endloop
  endfacet
  facet normal -0.937754034996 0 0.347300201654
    outer loop
      vertex -165.314590454 5.98588943481 15
      vertex -165.314590454 5.98588943481 10
      vertex -165.226638794 5.74840831757 15
    endloop
  endfacet
  facet normal -0.937754034996 0 0.347300201654
    outer loop
      vertex -165.226638794 5.74840831757 15
      vertex -165.314590454 5.98588943481 10
      vertex -165.226638794 5.74840831757 10
    endloop
  endfacet
  facet normal -0.96807795763 0 0.250649273396
    outer loop
      vertex -165.226638794 5.74840831757 15
      vertex -165.226638794 5.74840831757 10
      vertex -165.163162231 5.50324583054 15
    endloop
  endfacet
  facet normal -0.96807795763 0 0.250649273396
    outer loop
      vertex -165.163162231 5.50324583054 15
      vertex -165.226638794 5.74840831757 10
      vertex -165.163162231 5.50324583054 10
    endloop
  endfacet
  facet normal -0.988461077213 0 0.151475161314
    outer loop
      vertex -165.163162231 5.50324583054 15
      vertex -165.163162231 5.50324583054 10
      vertex -165.124801636 5.25292015076 15
    endloop
  endfacet
  facet normal -0.988461077213 0 0.151475161314
    outer loop
      vertex -165.124801636 5.25292015076 15
      vertex -165.163162231 5.50324583054 10
      vertex -165.124801636 5.25292015076 10
    endloop
  endfacet
  facet normal -0.998718380928 0 0.05061256513
    outer loop
      vertex -165.124801636 5.25292015076 15
      vertex -165.124801636 5.25292015076 10
      vertex -165.111984253 4.99999952316 15
    endloop
  endfacet
  facet normal -0.998718380928 0 0.05061256513
    outer loop
      vertex -165.111984253 4.99999952316 15
      vertex -165.124801636 5.25292015076 10
      vertex -165.111984253 4.99999952316 10
    endloop
  endfacet
  facet normal -0.998718380928 -0 -0.05061256513
    outer loop
      vertex -165.111984253 4.99999952316 15
      vertex -165.111984253 4.99999952316 10
      vertex -165.124801636 4.74707937241 15
    endloop
  endfacet
  facet normal -0.998718380928 -0 -0.05061256513
    outer loop
      vertex -165.124801636 4.74707937241 15
      vertex -165.111984253 4.99999952316 10
      vertex -165.124801636 4.74707937241 10
    endloop
  endfacet
  facet normal -0.988461077213 -0 -0.151475161314
    outer loop
      vertex -165.124801636 4.74707937241 15
      vertex -165.124801636 4.74707937241 10
      vertex -165.163162231 4.49675369263 15
    endloop
  endfacet
  facet normal -0.988461077213 -0 -0.151475161314
    outer loop
      vertex -165.163162231 4.49675369263 15
      vertex -165.124801636 4.74707937241 10
      vertex -165.163162231 4.49675369263 10
    endloop
  endfacet
  facet normal -0.968077659607 -0 -0.250650465488
    outer loop
      vertex -165.163162231 4.49675369263 15
      vertex -165.163162231 4.49675369263 10
      vertex -165.226638794 4.25159215927 15
    endloop
  endfacet
  facet normal -0.968077659607 -0 -0.250650465488
    outer loop
      vertex -165.226638794 4.25159215927 15
      vertex -165.163162231 4.49675369263 10
      vertex -165.226638794 4.25159215927 10
    endloop
  endfacet
  facet normal -0.937754631042 -0 -0.347298592329
    outer loop
      vertex -165.226638794 4.25159215927 15
      vertex -165.226638794 4.25159215927 10
      vertex -165.314590454 4.01411008835 15
    endloop
  endfacet
  facet normal -0.937754631042 -0 -0.347298592329
    outer loop
      vertex -165.314590454 4.01411008835 15
      vertex -165.226638794 4.25159215927 10
      vertex -165.314590454 4.01411008835 10
    endloop
  endfacet
  facet normal -0.897806763649 -0 -0.440389662981
    outer loop
      vertex -165.314590454 4.01411008835 15
      vertex -165.314590454 4.01411008835 10
      vertex -165.426116943 3.78674554825 15
    endloop
  endfacet
  facet normal -0.897806763649 -0 -0.440389662981
    outer loop
      vertex -165.426116943 3.78674554825 15
      vertex -165.314590454 4.01411008835 10
      vertex -165.426116943 3.78674554825 10
    endloop
  endfacet
  facet normal -0.848645210266 -0 -0.528962492943
    outer loop
      vertex -165.426116943 3.78674554825 15
      vertex -165.426116943 3.78674554825 10
      vertex -165.560073853 3.57182908058 15
    endloop
  endfacet
  facet normal -0.848645210266 -0 -0.528962492943
    outer loop
      vertex -165.560073853 3.57182908058 15
      vertex -165.426116943 3.78674554825 10
      vertex -165.560073853 3.57182908058 10
    endloop
  endfacet
  facet normal -0.790773928165 -0 -0.612108290195
    outer loop
      vertex -165.560073853 3.57182908058 15
      vertex -165.560073853 3.57182908058 10
      vertex -165.715087891 3.37156867981 15
    endloop
  endfacet
  facet normal -0.790773928165 -0 -0.612108290195
    outer loop
      vertex -165.715087891 3.37156867981 15
      vertex -165.560073853 3.57182908058 10
      vertex -165.715087891 3.37156867981 10
    endloop
  endfacet
  facet normal -0.724809229374 -0 -0.688949584961
    outer loop
      vertex -165.715087891 3.37156867981 15
      vertex -165.715087891 3.37156867981 10
      vertex -165.889556885 3.18801856041 15
    endloop
  endfacet
  facet normal -0.724809229374 -0 -0.688949584961
    outer loop
      vertex -165.889556885 3.18801856041 15
      vertex -165.715087891 3.37156867981 10
      vertex -165.889556885 3.18801856041 10
    endloop
  endfacet
  facet normal -0.651371240616 -0 -0.758759200573
    outer loop
      vertex -165.889556885 3.18801856041 15
      vertex -165.889556885 3.18801856041 10
      vertex -166.081710815 3.02306103706 15
    endloop
  endfacet
  facet normal -0.651371240616 -0 -0.758759200573
    outer loop
      vertex -166.081710815 3.02306103706 15
      vertex -165.889556885 3.18801856041 10
      vertex -166.081710815 3.02306103706 10
    endloop
  endfacet
  facet normal -0.571266651154 -0 -0.820764541626
    outer loop
      vertex -166.081710815 3.02306103706 15
      vertex -166.081710815 3.02306103706 10
      vertex -166.28956604 2.87838983536 15
    endloop
  endfacet
  facet normal -0.571266651154 -0 -0.820764541626
    outer loop
      vertex -166.28956604 2.87838983536 15
      vertex -166.081710815 3.02306103706 10
      vertex -166.28956604 2.87838983536 10
    endloop
  endfacet
  facet normal -0.485287040472 -0 -0.87435489893
    outer loop
      vertex -166.28956604 2.87838983536 15
      vertex -166.28956604 2.87838983536 10
      vertex -166.511001587 2.75548815727 15
    endloop
  endfacet
  facet normal -0.485287040472 -0 -0.87435489893
    outer loop
      vertex -166.511001587 2.75548815727 15
      vertex -166.28956604 2.87838983536 10
      vertex -166.511001587 2.75548815727 10
    endloop
  endfacet
  facet normal -0.394371420145 -0 -0.918951153755
    outer loop
      vertex -166.511001587 2.75548815727 15
      vertex -166.511001587 2.75548815727 10
      vertex -166.743713379 2.65561914444 15
    endloop
  endfacet
  facet normal -0.394371420145 -0 -0.918951153755
    outer loop
      vertex -166.743713379 2.65561914444 15
      vertex -166.511001587 2.75548815727 10
      vertex -166.743713379 2.65561914444 10
    endloop
  endfacet
  facet normal -0.299353212118 -0 -0.954142391682
    outer loop
      vertex -166.743713379 2.65561914444 15
      vertex -166.743713379 2.65561914444 10
      vertex -166.985351562 2.57980751991 15
    endloop
  endfacet
  facet normal -0.299353212118 -0 -0.954142391682
    outer loop
      vertex -166.985351562 2.57980751991 15
      vertex -166.743713379 2.65561914444 10
      vertex -166.985351562 2.57980751991 10
    endloop
  endfacet
  facet normal -0.201297432184 -0 -0.979530155659
    outer loop
      vertex -166.985351562 2.57980751991 15
      vertex -166.985351562 2.57980751991 10
      vertex -167.233413696 2.52882957458 15
    endloop
  endfacet
  facet normal -0.201297432184 -0 -0.979530155659
    outer loop
      vertex -167.233413696 2.52882957458 15
      vertex -166.985351562 2.57980751991 10
      vertex -167.233413696 2.52882957458 10
    endloop
  endfacet
  facet normal -0.101173847914 -0 -0.994868755341
    outer loop
      vertex -167.233413696 2.52882957458 15
      vertex -167.233413696 2.52882957458 10
      vertex -167.485351562 2.50320863724 15
    endloop
  endfacet
  facet normal -0.101173847914 -0 -0.994868755341
    outer loop
      vertex -167.485351562 2.50320863724 15
      vertex -167.233413696 2.52882957458 10
      vertex -167.485351562 2.50320863724 10
    endloop
  endfacet
  facet normal -0 -0 -1
    outer loop
      vertex -167.485351562 2.50320863724 15
      vertex -167.485351562 2.50320863724 10
      vertex -167.738601685 2.50320863724 15
    endloop
  endfacet
  facet normal 0 0 -1
    outer loop
      vertex -167.738601685 2.50320863724 15
      vertex -167.485351562 2.50320863724 10
      vertex -167.738601685 2.50320863724 10
    endloop
  endfacet
  facet normal 0.101167879999 0 -0.994869351387
    outer loop
      vertex -167.738601685 2.50320863724 15
      vertex -167.738601685 2.50320863724 10
      vertex -167.99055481 2.52882957458 15
    endloop
  endfacet
  facet normal 0.101167879999 0 -0.994869351387
    outer loop
      vertex -167.99055481 2.52882957458 15
      vertex -167.738601685 2.50320863724 10
      vertex -167.99055481 2.52882957458 10
    endloop
  endfacet
  facet normal 0.201297432184 0 -0.979530155659
    outer loop
      vertex -167.99055481 2.52882957458 15
      vertex -167.99055481 2.52882957458 10
      vertex -168.238616943 2.57980751991 15
    endloop
  endfacet
  facet normal 0.201297432184 0 -0.979530155659
    outer loop
      vertex -168.238616943 2.57980751991 15
      vertex -167.99055481 2.52882957458 10
      vertex -168.238616943 2.57980751991 10
    endloop
  endfacet
  facet normal 0.29937016964 0 -0.954137027264
    outer loop
      vertex -168.238616943 2.57980751991 15
      vertex -168.238616943 2.57980751991 10
      vertex -168.480239868 2.65561914444 15
    endloop
  endfacet
  facet normal 0.29937016964 0 -0.954137027264
    outer loop
      vertex -168.480239868 2.65561914444 15
      vertex -168.238616943 2.57980751991 10
      vertex -168.480239868 2.65561914444 10
    endloop
  endfacet
  facet normal 0.394349932671 0 -0.91896033287
    outer loop
      vertex -168.480239868 2.65561914444 15
      vertex -168.480239868 2.65561914444 10
      vertex -168.712966919 2.75548815727 15
    endloop
  endfacet
  facet normal 0.394349932671 0 -0.91896033287
    outer loop
      vertex -168.712966919 2.75548815727 15
      vertex -168.480239868 2.65561914444 10
      vertex -168.712966919 2.75548815727 10
    endloop
  endfacet
  facet normal 0.485312193632 0 -0.874340951443
    outer loop
      vertex -168.712966919 2.75548815727 15
      vertex -168.712966919 2.75548815727 10
      vertex -168.934387207 2.87838983536 15
    endloop
  endfacet
  facet normal 0.485312193632 0 -0.874340951443
    outer loop
      vertex -168.934387207 2.87838983536 15
      vertex -168.712966919 2.75548815727 10
      vertex -168.934387207 2.87838983536 10
    endloop
  endfacet
  facet normal 0.571266651154 0 -0.820764541626
    outer loop
      vertex -168.934387207 2.87838983536 15
      vertex -168.934387207 2.87838983536 10
      vertex -169.142242432 3.02306103706 15
    endloop
  endfacet
  facet normal 0.571266651154 0 -0.820764541626
    outer loop
      vertex -169.142242432 3.02306103706 15
      vertex -168.934387207 2.87838983536 10
      vertex -169.142242432 3.02306103706 10
    endloop
  endfacet
  facet normal 0.651368796825 0 -0.758761286736
    outer loop
      vertex -169.142242432 3.02306103706 15
      vertex -169.142242432 3.02306103706 10
      vertex -169.334396362 3.18801856041 15
    endloop
  endfacet
  facet normal 0.651368796825 0 -0.758761286736
    outer loop
      vertex -169.334396362 3.18801856041 15
      vertex -169.142242432 3.02306103706 10
      vertex -169.334396362 3.18801856041 10
    endloop
  endfacet
  facet normal 0.724779605865 0 -0.68898075819
    outer loop
      vertex -169.334396362 3.18801856041 15
      vertex -169.334396362 3.18801856041 10
      vertex -169.508880615 3.37156867981 15
    endloop
  endfacet
  facet normal 0.724779605865 0 -0.68898075819
    outer loop
      vertex -169.508880615 3.37156867981 15
      vertex -169.334396362 3.18801856041 10
      vertex -169.508880615 3.37156867981 10
    endloop
  endfacet
  facet normal 0.790773928165 0 -0.612108290195
    outer loop
      vertex -169.508880615 3.37156867981 15
      vertex -169.508880615 3.37156867981 10
      vertex -169.663894653 3.57182908058 15
    endloop
  endfacet
  facet normal 0.790773928165 0 -0.612108290195
    outer loop
      vertex -169.663894653 3.57182908058 15
      vertex -169.508880615 3.37156867981 10
      vertex -169.663894653 3.57182908058 10
    endloop
  endfacet
  facet normal 0.848647415638 0 -0.528958916664
    outer loop
      vertex -169.663894653 3.57182908058 15
      vertex -169.663894653 3.57182908058 10
      vertex -169.797851562 3.78674554825 15
    endloop
  endfacet
  facet normal 0.848647415638 0 -0.528958916664
    outer loop
      vertex -169.797851562 3.78674554825 15
      vertex -169.663894653 3.57182908058 10
      vertex -169.797851562 3.78674554825 10
    endloop
  endfacet
  facet normal 0.897806763649 0 -0.440389662981
    outer loop
      vertex -169.797851562 3.78674554825 15
      vertex -169.797851562 3.78674554825 10
      vertex -169.909378052 4.01411008835 15
    endloop
  endfacet
  facet normal 0.897806763649 0 -0.440389662981
    outer loop
      vertex -169.909378052 4.01411008835 15
      vertex -169.797851562 3.78674554825 10
      vertex -169.909378052 4.01411008835 10
    endloop
  endfacet
  facet normal 0.937754631042 0 -0.347298592329
    outer loop
      vertex -169.909378052 4.01411008835 15
      vertex -169.909378052 4.01411008835 10
      vertex -169.997329712 4.25159215927 15
    endloop
  endfacet
  facet normal 0.937754631042 0 -0.347298592329
    outer loop
      vertex -169.997329712 4.25159215927 15
      vertex -169.909378052 4.01411008835 10
      vertex -169.997329712 4.25159215927 10
    endloop
  endfacet
  facet normal 0.968076467514 0 -0.250655114651
    outer loop
      vertex -169.997329712 4.25159215927 15
      vertex -169.997329712 4.25159215927 10
      vertex -170.060806274 4.49675369263 15
    endloop
  endfacet
  facet normal 0.968076467514 0 -0.250655114651
    outer loop
      vertex -170.060806274 4.49675369263 15
      vertex -169.997329712 4.25159215927 10
      vertex -170.060806274 4.49675369263 10
    endloop
  endfacet
  facet normal 0.988470673561 0 -0.151412382722
    outer loop
      vertex -170.060806274 4.49675369263 15
      vertex -170.060806274 4.49675369263 10
      vertex -170.099151611 4.74707937241 15
    endloop
  endfacet
  facet normal 0.988470673561 0 -0.151412382722
    outer loop
      vertex -170.099151611 4.74707937241 15
      vertex -170.060806274 4.49675369263 10
      vertex -170.099151611 4.74707937241 10
    endloop
  endfacet
  facet normal 0.998715341091 0 -0.0506717227399
    outer loop
      vertex -170.099151611 4.74707937241 15
      vertex -170.099151611 4.74707937241 10
      vertex -170.111984253 4.99999952316 15
    endloop
  endfacet
  facet normal 0.998715341091 0 -0.0506717227399
    outer loop
      vertex -170.111984253 4.99999952316 15
      vertex -170.099151611 4.74707937241 10
      vertex -170.111984253 4.99999952316 10
    endloop
  endfacet
  facet normal 0.998715341091 0 0.0506717227399
    outer loop
      vertex -170.111984253 4.99999952316 10
      vertex -170.111984253 4.99999952316 5
      vertex -170.099151611 5.25292015076 10
    endloop
  endfacet
  facet normal 0.998715341091 0 0.0506717227399
    outer loop
      vertex -170.099151611 5.25292015076 10
      vertex -170.111984253 4.99999952316 5
      vertex -170.099151611 5.25292015076 5
    endloop
  endfacet
  facet normal 0.988470673561 0 0.151412382722
    outer loop
      vertex -170.099151611 5.25292015076 10
      vertex -170.099151611 5.25292015076 5
      vertex -170.060806274 5.50324583054 10
    endloop
  endfacet
  facet normal 0.988470673561 0 0.151412382722
    outer loop
      vertex -170.060806274 5.50324583054 10
      vertex -170.099151611 5.25292015076 5
      vertex -170.060806274 5.50324583054 5
    endloop
  endfacet
  facet normal 0.968076765537 0 0.250653892756
    outer loop
      vertex -170.060806274 5.50324583054 10
      vertex -170.060806274 5.50324583054 5
      vertex -169.997329712 5.74840831757 10
    endloop
  endfacet
  facet normal 0.968076765537 0 0.250653892756
    outer loop
      vertex -169.997329712 5.74840831757 10
      vertex -170.060806274 5.50324583054 5
      vertex -169.997329712 5.74840831757 5
    endloop
  endfacet
  facet normal 0.937754034996 0 0.347300201654
    outer loop
      vertex -169.997329712 5.74840831757 10
      vertex -169.997329712 5.74840831757 5
      vertex -169.909378052 5.98588943481 10
    endloop
  endfacet
  facet normal 0.937754034996 0 0.347300201654
    outer loop
      vertex -169.909378052 5.98588943481 10
      vertex -169.997329712 5.74840831757 5
      vertex -169.909378052 5.98588943481 5
    endloop
  endfacet
  facet normal 0.897807717323 0 0.440387696028
    outer loop
      vertex -169.909378052 5.98588943481 10
      vertex -169.909378052 5.98588943481 5
      vertex -169.797851562 6.21325492859 10
    endloop
  endfacet
  facet normal 0.897807717323 0 0.440387696028
    outer loop
      vertex -169.797851562 6.21325492859 10
      vertex -169.909378052 5.98588943481 5
      vertex -169.797851562 6.21325492859 5
    endloop
  endfacet
  facet normal 0.848646044731 0 0.528961122036
    outer loop
      vertex -169.797851562 6.21325492859 10
      vertex -169.797851562 6.21325492859 5
      vertex -169.663894653 6.42817020416 10
    endloop
  endfacet
  facet normal 0.848646044731 0 0.528961122036
    outer loop
      vertex -169.663894653 6.42817020416 10
      vertex -169.797851562 6.21325492859 5
      vertex -169.663894653 6.42817020416 5
    endloop
  endfacet
  facet normal 0.790775775909 0 0.61210590601
    outer loop
      vertex -169.663894653 6.42817020416 10
      vertex -169.663894653 6.42817020416 5
      vertex -169.508880615 6.62843179703 10
    endloop
  endfacet
  facet normal 0.790775775909 0 0.61210590601
    outer loop
      vertex -169.508880615 6.62843179703 10
      vertex -169.663894653 6.42817020416 5
      vertex -169.508880615 6.62843179703 5
    endloop
  endfacet
  facet normal 0.724779605865 0 0.68898075819
    outer loop
      vertex -169.508880615 6.62843179703 10
      vertex -169.508880615 6.62843179703 5
      vertex -169.334396362 6.81198215485 10
    endloop
  endfacet
  facet normal 0.724779605865 0 0.68898075819
    outer loop
      vertex -169.334396362 6.81198215485 10
      vertex -169.508880615 6.62843179703 5
      vertex -169.334396362 6.81198215485 5
    endloop
  endfacet
  facet normal 0.651368796825 0 0.758761286736
    outer loop
      vertex -169.334396362 6.81198215485 10
      vertex -169.334396362 6.81198215485 5
      vertex -169.142242432 6.97693967819 10
    endloop
  endfacet
  facet normal 0.651368796825 0 0.758761286736
    outer loop
      vertex -169.142242432 6.97693967819 10
      vertex -169.334396362 6.81198215485 5
      vertex -169.142242432 6.97693967819 5
    endloop
  endfacet
  facet normal 0.571266651154 0 0.820764541626
    outer loop
      vertex -169.142242432 6.97693967819 10
      vertex -169.142242432 6.97693967819 5
      vertex -168.934387207 7.12161064148 10
    endloop
  endfacet
  facet normal 0.571266651154 0 0.820764541626
    outer loop
      vertex -168.934387207 7.12161064148 10
      vertex -169.142242432 6.97693967819 5
      vertex -168.934387207 7.12161064148 5
    endloop
  endfacet
  facet normal 0.48530843854 0 0.874343037605
    outer loop
      vertex -168.934387207 7.12161064148 10
      vertex -168.934387207 7.12161064148 5
      vertex -168.712966919 7.24451112747 10
    endloop
  endfacet
  facet normal 0.48530843854 0 0.874343037605
    outer loop
      vertex -168.712966919 7.24451112747 10
      vertex -168.934387207 7.12161064148 5
      vertex -168.712966919 7.24451112747 5
    endloop
  endfacet
  facet normal 0.394349932671 0 0.91896033287
    outer loop
      vertex -168.712966919 7.24451112747 10
      vertex -168.712966919 7.24451112747 5
      vertex -168.480239868 7.34438037872 10
    endloop
  endfacet
  facet normal 0.394349932671 0 0.91896033287
    outer loop
      vertex -168.480239868 7.34438037872 10
      vertex -168.712966919 7.24451112747 5
      vertex -168.480239868 7.34438037872 5
    endloop
  endfacet
  facet normal 0.29937466979 0 0.954135656357
    outer loop
      vertex -168.480239868 7.34438037872 10
      vertex -168.480239868 7.34438037872 5
      vertex -168.238616943 7.42019319534 10
    endloop
  endfacet
  facet normal 0.29937466979 0 0.954135656357
    outer loop
      vertex -168.238616943 7.42019319534 10
      vertex -168.480239868 7.34438037872 5
      vertex -168.238616943 7.42019319534 5
    endloop
  endfacet
  facet normal 0.201297432184 0 0.979530155659
    outer loop
      vertex -168.238616943 7.42019319534 10
      vertex -168.238616943 7.42019319534 5
      vertex -167.99055481 7.47117090225 10
    endloop
  endfacet
  facet normal 0.201297432184 0 0.979530155659
    outer loop
      vertex -167.99055481 7.47117090225 10
      vertex -168.238616943 7.42019319534 5
      vertex -167.99055481 7.47117090225 5
    endloop
  endfacet
  facet normal 0.101162984967 0 0.994869887829
    outer loop
      vertex -167.99055481 7.47117090225 10
      vertex -167.99055481 7.47117090225 5
      vertex -167.738601685 7.49679088593 10
    endloop
  endfacet
  facet normal 0.101162984967 0 0.994869887829
    outer loop
      vertex -167.738601685 7.49679088593 10
      vertex -167.99055481 7.47117090225 5
      vertex -167.738601685 7.49679088593 5
    endloop
  endfacet
  facet normal -0 0 1
    outer loop
      vertex -167.738601685 7.49679088593 10
      vertex -167.738601685 7.49679088593 5
      vertex -167.485351562 7.49679088593 10
    endloop
  endfacet
  facet normal 0 0 1
    outer loop
      vertex -167.485351562 7.49679088593 10
      vertex -167.738601685 7.49679088593 5
      vertex -167.485351562 7.49679088593 5
    endloop
  endfacet
  facet normal -0.101168952882 0 0.994869232178
    outer loop
      vertex -167.485351562 7.49679088593 10
      vertex -167.485351562 7.49679088593 5
      vertex -167.233413696 7.47117090225 10
    endloop
  endfacet
  facet normal -0.101168952882 0 0.994869232178
    outer loop
      vertex -167.233413696 7.47117090225 10
      vertex -167.485351562 7.49679088593 5
      vertex -167.233413696 7.47117090225 5
    endloop
  endfacet
  facet normal -0.201297432184 0 0.979530155659
    outer loop
      vertex -167.233413696 7.47117090225 10
      vertex -167.233413696 7.47117090225 5
      vertex -166.985351562 7.42019319534 10
    endloop
  endfacet
  facet normal -0.201297432184 0 0.979530155659
    outer loop
      vertex -166.985351562 7.42019319534 10
      vertex -167.233413696 7.47117090225 5
      vertex -166.985351562 7.42019319534 5
    endloop
  endfacet
  facet normal -0.299357712269 0 0.95414096117
    outer loop
      vertex -166.985351562 7.42019319534 10
      vertex -166.985351562 7.42019319534 5
      vertex -166.743713379 7.34438037872 10
    endloop
  endfacet
  facet normal -0.299357712269 0 0.95414096117
    outer loop
      vertex -166.743713379 7.34438037872 10
      vertex -166.985351562 7.42019319534 5
      vertex -166.743713379 7.34438037872 5
    endloop
  endfacet
  facet normal -0.394371420145 0 0.918951153755
    outer loop
      vertex -166.743713379 7.34438037872 10
      vertex -166.743713379 7.34438037872 5
      vertex -166.511001587 7.24451112747 10
    endloop
  endfacet
  facet normal -0.394371420145 0 0.918951153755
    outer loop
      vertex -166.511001587 7.24451112747 10
      vertex -166.743713379 7.34438037872 5
      vertex -166.511001587 7.24451112747 5
    endloop
  endfacet
  facet normal -0.485283255577 0 0.874356985092
    outer loop
      vertex -166.511001587 7.24451112747 10
      vertex -166.511001587 7.24451112747 5
      vertex -166.28956604 7.12161064148 10
    endloop
  endfacet
  facet normal -0.485283255577 0 0.874356985092
    outer loop
      vertex -166.28956604 7.12161064148 10
      vertex -166.511001587 7.24451112747 5
      vertex -166.28956604 7.12161064148 5
    endloop
  endfacet
  facet normal -0.571266651154 0 0.820764541626
    outer loop
      vertex -166.28956604 7.12161064148 10
      vertex -166.28956604 7.12161064148 5
      vertex -166.081710815 6.97693967819 10
    endloop
  endfacet
  facet normal -0.571266651154 0 0.820764541626
    outer loop
      vertex -166.081710815 6.97693967819 10
      vertex -166.28956604 7.12161064148 5
      vertex -166.081710815 6.97693967819 5
    endloop
  endfacet
  facet normal -0.651371240616 0 0.758759200573
    outer loop
      vertex -166.081710815 6.97693967819 10
      vertex -166.081710815 6.97693967819 5
      vertex -165.889556885 6.81198215485 10
    endloop
  endfacet
  facet normal -0.651371240616 0 0.758759200573
    outer loop
      vertex -165.889556885 6.81198215485 10
      vertex -166.081710815 6.97693967819 5
      vertex -165.889556885 6.81198215485 5
    endloop
  endfacet
  facet normal -0.724809229374 0 0.688949584961
    outer loop
      vertex -165.889556885 6.81198215485 10
      vertex -165.889556885 6.81198215485 5
      vertex -165.715087891 6.62843179703 10
    endloop
  endfacet
  facet normal -0.724809229374 0 0.688949584961
    outer loop
      vertex -165.715087891 6.62843179703 10
      vertex -165.889556885 6.81198215485 5
      vertex -165.715087891 6.62843179703 5
    endloop
  endfacet
  facet normal -0.790775775909 0 0.61210590601
    outer loop
      vertex -165.715087891 6.62843179703 10
      vertex -165.715087891 6.62843179703 5
      vertex -165.560073853 6.42817020416 10
    endloop
  endfacet
  facet normal -0.790775775909 0 0.61210590601
    outer loop
      vertex -165.560073853 6.42817020416 10
      vertex -165.715087891 6.62843179703 5
      vertex -165.560073853 6.42817020416 5
    endloop
  endfacet
  facet normal -0.848643839359 0 0.528964698315
    outer loop
      vertex -165.560073853 6.42817020416 10
      vertex -165.560073853 6.42817020416 5
      vertex -165.426116943 6.21325492859 10
    endloop
  endfacet
  facet normal -0.848643839359 0 0.528964698315
    outer loop
      vertex -165.426116943 6.21325492859 10
      vertex -165.560073853 6.42817020416 5
      vertex -165.426116943 6.21325492859 5
    endloop
  endfacet
  facet normal -0.897807717323 0 0.440387696028
    outer loop
      vertex -165.426116943 6.21325492859 10
      vertex -165.426116943 6.21325492859 5
      vertex -165.314590454 5.98588943481 10
    endloop
  endfacet
  facet normal -0.897807717323 0 0.440387696028
    outer loop
      vertex -165.314590454 5.98588943481 10
      vertex -165.426116943 6.21325492859 5
      vertex -165.314590454 5.98588943481 5
    endloop
  endfacet
  facet normal -0.937754034996 0 0.347300201654
    outer loop
      vertex -165.314590454 5.98588943481 10
      vertex -165.314590454 5.98588943481 5
      vertex -165.226638794 5.74840831757 10
    endloop
  endfacet
  facet normal -0.937754034996 0 0.347300201654
    outer loop
      vertex -165.226638794 5.74840831757 10
      vertex -165.314590454 5.98588943481 5
      vertex -165.226638794 5.74840831757 5
    endloop
  endfacet
  facet normal -0.96807795763 0 0.250649273396
    outer loop
      vertex -165.226638794 5.74840831757 10
      vertex -165.226638794 5.74840831757 5
      vertex -165.163162231 5.50324583054 10
    endloop
  endfacet
  facet normal -0.96807795763 0 0.250649273396
    outer loop
      vertex -165.163162231 5.50324583054 10
      vertex -165.226638794 5.74840831757 5
      vertex -165.163162231 5.50324583054 5
    endloop
  endfacet
  facet normal -0.988461077213 0 0.151475161314
    outer loop
      vertex -165.163162231 5.50324583054 10
      vertex -165.163162231 5.50324583054 5
      vertex -165.124801636 5.25292015076 10
    endloop
  endfacet
  facet normal -0.988461077213 0 0.151475161314
    outer loop
      vertex -165.124801636 5.25292015076 10
      vertex -165.163162231 5.50324583054 5
      vertex -165.124801636 5.25292015076 5
    endloop
  endfacet
  facet normal -0.998718380928 0 0.05061256513
    outer loop
      vertex -165.124801636 5.25292015076 10
      vertex -165.124801636 5.25292015076 5
      vertex -165.111984253 4.99999952316 10
    endloop
  endfacet
  facet normal -0.998718380928 0 0.05061256513
    outer loop
      vertex -165.111984253 4.99999952316 10
      vertex -165.124801636 5.25292015076 5
      vertex -165.111984253 4.99999952316 5
    endloop
  endfacet
  facet normal -0.998718380928 -0 -0.05061256513
    outer loop
      vertex -165.111984253 4.99999952316 10
      vertex -165.111984253 4.99999952316 5
      vertex -165.124801636 4.74707937241 10
    endloop
  endfacet
  facet normal -0.998718380928 -0 -0.05061256513
    outer loop
      vertex -165.124801636 4.74707937241 10
      vertex -165.111984253 4.99999952316 5
      vertex -165.124801636 4.74707937241 5
    endloop
  endfacet
  facet normal -0.988461077213 -0 -0.151475161314
    outer loop
      vertex -165.124801636 4.74707937241 10
      vertex -165.124801636 4.74707937241 5
      vertex -165.163162231 4.49675369263 10
    endloop
  endfacet
  facet normal -0.988461077213 -0 -0.151475161314
    outer loop
      vertex -165.163162231 4.49675369263 10
      vertex -165.124801636 4.74707937241 5
      vertex -165.163162231 4.49675369263 5
    endloop
  endfacet
  facet normal -0.968077659607 -0 -0.250650465488
    outer loop
      vertex -165.163162231 4.49675369263 10
      vertex -165.163162231 4.49675369263 5
      vertex -165.226638794 4.25159215927 10
    endloop
  endfacet
  facet normal -0.968077659607 -0 -0.250650465488
    outer loop
      vertex -165.226638794 4.25159215927 10
      vertex -165.163162231 4.49675369263 5
      vertex -165.226638794 4.25159215927 5
    endloop
  endfacet
  facet normal -0.937754631042 -0 -0.347298592329
    outer loop
      vertex -165.226638794 4.25159215927 10
      vertex -165.226638794 4.25159215927 5
      vertex -165.314590454 4.01411008835 10
    endloop
  endfacet
  facet normal -0.937754631042 -0 -0.347298592329
    outer loop
      vertex -165.314590454 4.01411008835 10
      vertex -165.226638794 4.25159215927 5
      vertex -165.314590454 4.01411008835 5
    endloop
  endfacet
  facet normal -0.897806763649 -0 -0.440389662981
    outer loop
      vertex -165.314590454 4.01411008835 10
      vertex -165.314590454 4.01411008835 5
      vertex -165.426116943 3.78674554825 10
    endloop
  endfacet
  facet normal -0.897806763649 -0 -0.440389662981
    outer loop
      vertex -165.426116943 3.78674554825 10
      vertex -165.314590454 4.01411008835 5
      vertex -165.426116943 3.78674554825 5
    endloop
  endfacet
  facet normal -0.848645210266 -0 -0.528962492943
    outer loop
      vertex -165.426116943 3.78674554825 10
      vertex -165.426116943 3.78674554825 5
      vertex -165.560073853 3.57182908058 10
    endloop
  endfacet
  facet normal -0.848645210266 -0 -0.528962492943
    outer loop
      vertex -165.560073853 3.57182908058 10
      vertex -165.426116943 3.78674554825 5
      vertex -165.560073853 3.57182908058 5
    endloop
  endfacet
  facet normal -0.790773928165 -0 -0.612108290195
    outer loop
      vertex -165.560073853 3.57182908058 10
      vertex -165.560073853 3.57182908058 5
      vertex -165.715087891 3.37156867981 10
    endloop
  endfacet
  facet normal -0.790773928165 -0 -0.612108290195
    outer loop
      vertex -165.715087891 3.37156867981 10
      vertex -165.560073853 3.57182908058 5
      vertex -165.715087891 3.37156867981 5
    endloop
  endfacet
  facet normal -0.724809229374 -0 -0.688949584961
    outer loop
      vertex -165.715087891 3.37156867981 10
      vertex -165.715087891 3.37156867981 5
      vertex -165.889556885 3.18801856041 10
    endloop
  endfacet
  facet normal -0.724809229374 -0 -0.688949584961
    outer loop
      vertex -165.889556885 3.18801856041 10
      vertex -165.715087891 3.37156867981 5
      vertex -165.889556885 3.18801856041 5
    endloop
  endfacet
  facet normal -0.651371240616 -0 -0.758759200573
    outer loop
      vertex -165.889556885 3.18801856041 10
      vertex -165.889556885 3.18801856041 5
      vertex -166.081710815 3.02306103706 10
    endloop
  endfacet
  facet normal -0.651371240616 -0 -0.758759200573
    outer loop
      vertex -166.081710815 3.02306103706 10
      vertex -165.889556885 3.18801856041 5
      vertex -166.081710815 3.02306103706 5
    endloop
  endfacet
  facet normal -0.571266651154 -0 -0.820764541626
    outer loop
      vertex -166.081710815 3.02306103706 10
      vertex -166.081710815 3.02306103706 5
      vertex -166.28956604 2.87838983536 10
    endloop
  endfacet
  facet normal -0.571266651154 -0 -0.820764541626
    outer loop
      vertex -166.28956604 2.87838983536 10
      vertex -166.081710815 3.02306103706 5
      vertex -166.28956604 2.87838983536 5
    endloop
  endfacet
  facet normal -0.485287040472 -0 -0.87435489893
    outer loop
      vertex -166.28956604 2.87838983536 10
      vertex -166.28956604 2.87838983536 5
      vertex -166.511001587 2.75548815727 10
    endloop
  endfacet
  facet normal -0.485287040472 -0 -0.87435489893
    outer loop
      vertex -166.511001587 2.75548815727 10
      vertex -166.28956604 2.87838983536 5
      vertex -166.511001587 2.75548815727 5
    endloop
  endfacet
  facet normal -0.394371420145 -0 -0.918951153755
    outer loop
      vertex -166.511001587 2.75548815727 10
      vertex -166.511001587 2.75548815727 5
      vertex -166.743713379 2.65561914444 10
    endloop
  endfacet
  facet normal -0.394371420145 -0 -0.918951153755
    outer loop
      vertex -166.743713379 2.65561914444 10
      vertex -166.511001587 2.75548815727 5
      vertex -166.743713379 2.65561914444 5
    endloop
  endfacet
  facet normal -0.299353212118 -0 -0.954142391682
    outer loop
      vertex -166.743713379 2.65561914444 10
      vertex -166.743713379 2.65561914444 5
      vertex -166.985351562 2.57980751991 10
    endloop
  endfacet
  facet normal -0.299353212118 -0 -0.954142391682
    outer loop
      vertex -166.985351562 2.57980751991 10
      vertex -166.743713379 2.65561914444 5
      vertex -166.985351562 2.57980751991 5
    endloop
  endfacet
  facet normal -0.201297432184 -0 -0.979530155659
    outer loop
      vertex -166.985351562 2.57980751991 10
      vertex -166.985351562 2.57980751991 5
      vertex -167.233413696 2.52882957458 10
    endloop
  endfacet
  facet normal -0.201297432184 -0 -0.979530155659
    outer loop
      vertex -167.233413696 2.52882957458 10
      vertex -166.985351562 2.57980751991 5
      vertex -167.233413696 2.52882957458 5
    endloop
  endfacet
  facet normal -0.101173847914 -0 -0.994868755341
    outer loop
      vertex -167.233413696 2.52882957458 10
      vertex -167.233413696 2.52882957458 5
      vertex -167.485351562 2.50320863724 10
    endloop
  endfacet
  facet normal -0.101173847914 -0 -0.994868755341
    outer loop
      vertex -167.485351562 2.50320863724 10
      vertex -167.233413696 2.52882957458 5
      vertex -167.485351562 2.50320863724 5
    endloop
  endfacet
  facet normal -0 -0 -1
    outer loop
      vertex -167.485351562 2.50320863724 10
      vertex -167.485351562 2.50320863724 5
      vertex -167.738601685 2.50320863724 10
    endloop
  endfacet
  facet normal 0 0 -1
    outer loop
      vertex -167.738601685 2.50320863724 10
      vertex -167.485351562 2.50320863724 5
      vertex -167.738601685 2.50320863724 5
    endloop
  endfacet
  facet normal 0.101167879999 0 -0.994869351387
    outer loop
      vertex -167.738601685 2.50320863724 10
      vertex -167.738601685 2.50320863724 5
      vertex -167.99055481 2.52882957458 10
    endloop
  endfacet
  facet normal 0.101167879999 0 -0.994869351387
    outer loop
      vertex -167.99055481 2.52882957458 10
      vertex -167.738601685 2.50320863724 5
      vertex -167.99055481 2.52882957458 5
    endloop
  endfacet
  facet normal 0.201297432184 0 -0.979530155659
    outer loop
      vertex -167.99055481 2.52882957458 10
      vertex -167.99055481 2.52882957458 5
      vertex -168.238616943 2.57980751991 10
    endloop
  endfacet
  facet normal 0.201297432184 0 -0.979530155659
    outer loop
      vertex -168.238616943 2.57980751991 10
      vertex -167.99055481 2.52882957458 5
      vertex -168.238616943 2.57980751991 5
    endloop
  endfacet
  facet normal 0.29937016964 0 -0.954137027264
    outer loop
      vertex -168.238616943 2.57980751991 10
      vertex -168.238616943 2.57980751991 5
      vertex -168.480239868 2.65561914444 10
    endloop
  endfacet
  facet normal 0.29937016964 0 -0.954137027264
    outer loop
      vertex -168.480239868 2.65561914444 10
      vertex -168.238616943 2.57980751991 5
      vertex -168.480239868 2.65561914444 5
    endloop
  endfacet
  facet normal 0.394349932671 0 -0.91896033287
    outer loop
      vertex -168.480239868 2.65561914444 10
      vertex -168.480239868 2.65561914444 5
      vertex -168.712966919 2.75548815727 10
    endloop
  endfacet
  facet normal 0.394349932671 0 -0.91896033287
    outer loop
      vertex -168.712966919 2.75548815727 10
      vertex -168.480239868 2.65561914444 5
      vertex -168.712966919 2.75548815727 5
    endloop
  endfacet
  facet normal 0.485312193632 0 -0.874340951443
    outer loop
      vertex -168.712966919 2.75548815727 10
      vertex -168.712966919 2.75548815727 5
      vertex -168.934387207 2.87838983536 10
    endloop
  endfacet
  facet normal 0.485312193632 0 -0.874340951443
    outer loop
      vertex -168.934387207 2.87838983536 10
      vertex -168.712966919 2.75548815727 5
      vertex -168.934387207 2.87838983536 5
    endloop
  endfacet
  facet normal 0.571266651154 0 -0.820764541626
    outer loop
      vertex -168.934387207 2.87838983536 10
      vertex -168.934387207 2.87838983536 5
      vertex -169.142242432 3.02306103706 10
    endloop
  endfacet
  facet normal 0.571266651154 0 -0.820764541626
    outer loop
      vertex -169.142242432 3.02306103706 10
      vertex -168.934387207 2.87838983536 5
      vertex -169.142242432 3.02306103706 5
    endloop
  endfacet
  facet normal 0.651368796825 0 -0.758761286736
    outer loop
      vertex -169.142242432 3.02306103706 10
      vertex -169.142242432 3.02306103706 5
      vertex -169.334396362 3.18801856041 10
    endloop
  endfacet
  facet normal 0.651368796825 0 -0.758761286736
    outer loop
      vertex -169.334396362 3.18801856041 10
      vertex -169.142242432 3.02306103706 5
      vertex -169.334396362 3.18801856041 5
    endloop
  endfacet
  facet normal 0.724779605865 0 -0.68898075819
    outer loop
      vertex -169.334396362 3.18801856041 10
      vertex -169.334396362 3.18801856041 5
      vertex -169.508880615 3.37156867981 10
    endloop
  endfacet
  facet normal 0.724779605865 0 -0.68898075819
    outer loop
      vertex -169.508880615 3.37156867981 10
      vertex -169.334396362 3.18801856041 5
      vertex -169.508880615 3.37156867981 5
    endloop
  endfacet
  facet normal 0.790773928165 0 -0.612108290195
    outer loop
      vertex -169.508880615 3.37156867981 10
      vertex -169.508880615 3.37156867981 5
      vertex -169.663894653 3.57182908058 10
    endloop
  endfacet
  facet normal 0.790773928165 0 -0.612108290195
    outer loop
      vertex -169.663894653 3.57182908058 10
      vertex -169.508880615 3.37156867981 5
      vertex -169.663894653 3.57182908058 5
    endloop
  endfacet
  facet normal 0.848647415638 0 -0.528958916664
    outer loop
      vertex -169.663894653 3.57182908058 10
      vertex -169.663894653 3.57182908058 5
      vertex -169.797851562 3.78674554825 10
    endloop
  endfacet
  facet normal 0.848647415638 0 -0.528958916664
    outer loop
      vertex -169.797851562 3.78674554825 10
      vertex -169.663894653 3.57182908058 5
      vertex -169.797851562 3.78674554825 5
    endloop
  endfacet
  facet normal 0.897806763649 0 -0.440389662981
    outer loop
      vertex -169.797851562 3.78674554825 10
      vertex -169.797851562 3.78674554825 5
      vertex -169.909378052 4.01411008835 10
    endloop
  endfacet
  facet normal 0.897806763649 0 -0.440389662981
    outer loop
      vertex -169.909378052 4.01411008835 10
      vertex -169.797851562 3.78674554825 5
      vertex -169.909378052 4.01411008835 5
    endloop
  endfacet
  facet normal 0.937754631042 0 -0.347298592329
    outer loop
      vertex -169.909378052 4.01411008835 10
      vertex -169.909378052 4.01411008835 5
      vertex -169.997329712 4.25159215927 10
    endloop
  endfacet
  facet normal 0.937754631042 0 -0.347298592329
    outer loop
      vertex -169.997329712 4.25159215927 10
      vertex -169.909378052 4.01411008835 5
      vertex -169.997329712 4.25159215927 5
    endloop
  endfacet
  facet normal 0.968076467514 0 -0.250655114651
    outer loop
      vertex -169.997329712 4.25159215927 10
      vertex -169.997329712 4.25159215927 5
      vertex -170.060806274 4.49675369263 10
    endloop
  endfacet
  facet normal 0.968076467514 0 -0.250655114651
    outer loop
      vertex -170.060806274 4.49675369263 10
      vertex -169.997329712 4.25159215927 5
      vertex -170.060806274 4.49675369263 5
    endloop
  endfacet
  facet normal 0.988470673561 0 -0.151412382722
    outer loop
      vertex -170.060806274 4.49675369263 10
      vertex -170.060806274 4.49675369263 5
      vertex -170.099151611 4.74707937241 10
    endloop
  endfacet
  facet normal 0.988470673561 0 -0.151412382722
    outer loop
      vertex -170.099151611 4.74707937241 10
      vertex -170.060806274 4.49675369263 5
      vertex -170.099151611 4.74707937241 5
    endloop
  endfacet
  facet normal 0.998715341091 0 -0.0506717227399
    outer loop
      vertex -170.099151611 4.74707937241 10
      vertex -170.099151611 4.74707937241 5
      vertex -170.111984253 4.99999952316 10
    endloop
  endfacet
  facet normal 0.998715341091 0 -0.0506717227399
    outer loop
      vertex -170.111984253 4.99999952316 10
      vertex -170.099151611 4.74707937241 5
      vertex -170.111984253 4.99999952316 5
    endloop
  endfacet
  facet normal 0.998715400696 0 -0.0506714731455
    outer loop
      vertex -138.099151611 36.7470779419 25
      vertex -138.099151611 36.7470779419 20
      vertex -138.111984253 37 25
    endloop
  endfacet
  facet normal 0.998715400696 0 -0.0506714731455
    outer loop
      vertex -138.111984253 37 25
      vertex -138.099151611 36.7470779419 20
      vertex -138.111984253 37 20
    endloop
  endfacet
  facet normal 0.998715400696 0 0.0506714731455
    outer loop
      vertex -138.111984253 37 25
      vertex -138.111984253 37 20
      vertex -138.099151611 37.2529220581 25
    endloop
  endfacet
  facet normal 0.998715400696 0 0.0506714731455
    outer loop
      vertex -138.099151611 37.2529220581 25
      vertex -138.111984253 37 20
      vertex -138.099151611 37.2529220581 20
    endloop
  endfacet
  facet normal 0.988469839096 0 0.151417955756
    outer loop
      vertex -138.099151611 37.2529220581 25
      vertex -138.099151611 37.2529220581 20
      vertex -138.060806274 37.5032463074 25
    endloop
  endfacet
  facet normal 0.988469839096 0 0.151417955756
    outer loop
      vertex -138.060806274 37.5032463074 25
      vertex -138.099151611 37.2529220581 20
      vertex -138.060806274 37.5032463074 20
    endloop
  endfacet
  facet normal 0.96807795763 0 0.250649273396
    outer loop
      vertex -138.060806274 37.5032463074 25
      vertex -138.060806274 37.5032463074 20
      vertex -137.997329712 37.7484092712 25
    endloop
  endfacet
  facet normal 0.96807795763 0 0.250649273396
    outer loop
      vertex -137.997329712 37.7484092712 25
      vertex -138.060806274 37.5032463074 20
      vertex -137.997329712 37.7484092712 20
    endloop
  endfacet
  facet normal 0.937754034996 0 0.347300201654
    outer loop
      vertex -137.997329712 37.7484092712 25
      vertex -137.997329712 37.7484092712 20
      vertex -137.909378052 37.9858894348 25
    endloop
  endfacet
  facet normal 0.937754034996 0 0.347300201654
    outer loop
      vertex -137.909378052 37.9858894348 25
      vertex -137.997329712 37.7484092712 20
      vertex -137.909378052 37.9858894348 20
    endloop
  endfacet
  facet normal 0.897805809975 0 0.440391629934
    outer loop
      vertex -137.909378052 37.9858894348 25
      vertex -137.909378052 37.9858894348 20
      vertex -137.797851562 38.2132530212 25
    endloop
  endfacet
  facet normal 0.897805809975 0 0.440391629934
    outer loop
      vertex -137.797851562 38.2132530212 25
      vertex -137.909378052 37.9858894348 20
      vertex -137.797851562 38.2132530212 20
    endloop
  endfacet
  facet normal 0.848645210266 0 0.528962492943
    outer loop
      vertex -137.797851562 38.2132530212 25
      vertex -137.797851562 38.2132530212 20
      vertex -137.663894653 38.4281692505 25
    endloop
  endfacet
  facet normal 0.848645210266 0 0.528962492943
    outer loop
      vertex -137.663894653 38.4281692505 25
      vertex -137.797851562 38.2132530212 20
      vertex -137.663894653 38.4281692505 20
    endloop
  endfacet
  facet normal 0.790773928165 0 0.612108290195
    outer loop
      vertex -137.663894653 38.4281692505 25
      vertex -137.663894653 38.4281692505 20
      vertex -137.508880615 38.6284294128 25
    endloop
  endfacet
  facet normal 0.790773928165 0 0.612108290195
    outer loop
      vertex -137.508880615 38.6284294128 25
      vertex -137.663894653 38.4281692505 20
      vertex -137.508880615 38.6284294128 20
    endloop
  endfacet
  facet normal 0.724781990051 0 0.6889783144
    outer loop
      vertex -137.508880615 38.6284294128 25
      vertex -137.508880615 38.6284294128 20
      vertex -137.334396362 38.8119812012 25
    endloop
  endfacet
  facet normal 0.724781990051 0 0.6889783144
    outer loop
      vertex -137.334396362 38.8119812012 25
      vertex -137.508880615 38.6284294128 20
      vertex -137.334396362 38.8119812012 20
    endloop
  endfacet
  facet normal 0.651374042034 0 0.758756756783
    outer loop
      vertex -137.334396362 38.8119812012 25
      vertex -137.334396362 38.8119812012 20
      vertex -137.142242432 38.976940155 25
    endloop
  endfacet
  facet normal 0.651374042034 0 0.758756756783
    outer loop
      vertex -137.142242432 38.976940155 25
      vertex -137.334396362 38.8119812012 20
      vertex -137.142242432 38.976940155 20
    endloop
  endfacet
  facet normal 0.571269989014 0 0.820762217045
    outer loop
      vertex -137.142242432 38.976940155 25
      vertex -137.142242432 38.976940155 20
      vertex -136.934387207 39.1216125488 25
    endloop
  endfacet
  facet normal 0.571269989014 0 0.820762217045
    outer loop
      vertex -136.934387207 39.1216125488 25
      vertex -137.142242432 38.976940155 20
      vertex -136.934387207 39.1216125488 20
    endloop
  endfacet
  facet normal 0.48530086875 0 0.87434720993
    outer loop
      vertex -136.934387207 39.1216125488 25
      vertex -136.934387207 39.1216125488 20
      vertex -136.712966919 39.2445106506 25
    endloop
  endfacet
  facet normal 0.48530086875 0 0.87434720993
    outer loop
      vertex -136.712966919 39.2445106506 25
      vertex -136.934387207 39.1216125488 20
      vertex -136.712966919 39.2445106506 20
    endloop
  endfacet
  facet normal 0.394349932671 0 0.91896033287
    outer loop
      vertex -136.712966919 39.2445106506 25
      vertex -136.712966919 39.2445106506 20
      vertex -136.480239868 39.344379425 25
    endloop
  endfacet
  facet normal 0.394349932671 0 0.91896033287
    outer loop
      vertex -136.480239868 39.344379425 25
      vertex -136.712966919 39.2445106506 20
      vertex -136.480239868 39.344379425 20
    endloop
  endfacet
  facet normal 0.29937466979 0 0.954135656357
    outer loop
      vertex -136.480239868 39.344379425 25
      vertex -136.480239868 39.344379425 20
      vertex -136.238616943 39.4201927185 25
    endloop
  endfacet
  facet normal 0.29937466979 0 0.954135656357
    outer loop
      vertex -136.238616943 39.4201927185 25
      vertex -136.480239868 39.344379425 20
      vertex -136.238616943 39.4201927185 20
    endloop
  endfacet
  facet normal 0.201306909323 0 0.979528188705
    outer loop
      vertex -136.238616943 39.4201927185 25
      vertex -136.238616943 39.4201927185 20
      vertex -135.99055481 39.4711723328 25
    endloop
  endfacet
  facet normal 0.201306909323 0 0.979528188705
    outer loop
      vertex -135.99055481 39.4711723328 25
      vertex -136.238616943 39.4201927185 20
      vertex -135.99055481 39.4711723328 20
    endloop
  endfacet
  facet normal 0.101158097386 0 0.994870364666
    outer loop
      vertex -135.99055481 39.4711723328 25
      vertex -135.99055481 39.4711723328 20
      vertex -135.738601685 39.4967918396 25
    endloop
  endfacet
  facet normal 0.101158097386 0 0.994870364666
    outer loop
      vertex -135.738601685 39.4967918396 25
      vertex -135.99055481 39.4711723328 20
      vertex -135.738601685 39.4967918396 20
    endloop
  endfacet
  facet normal -0 0 1
    outer loop
      vertex -135.738601685 39.4967918396 25
      vertex -135.738601685 39.4967918396 20
      vertex -135.485351562 39.4967918396 25
    endloop
  endfacet
  facet normal 0 0 1
    outer loop
      vertex -135.485351562 39.4967918396 25
      vertex -135.738601685 39.4967918396 20
      vertex -135.485351562 39.4967918396 20
    endloop
  endfacet
  facet normal -0.10116456449 0 0.994869709015
    outer loop
      vertex -135.485351562 39.4967918396 25
      vertex -135.485351562 39.4967918396 20
      vertex -135.233413696 39.4711723328 25
    endloop
  endfacet
  facet normal -0.10116456449 0 0.994869709015
    outer loop
      vertex -135.233413696 39.4711723328 25
      vertex -135.485351562 39.4967918396 20
      vertex -135.233413696 39.4711723328 20
    endloop
  endfacet
  facet normal -0.201306909323 0 0.979528188705
    outer loop
      vertex -135.233413696 39.4711723328 25
      vertex -135.233413696 39.4711723328 20
      vertex -134.985351562 39.4201927185 25
    endloop
  endfacet
  facet normal -0.201306909323 0 0.979528188705
    outer loop
      vertex -134.985351562 39.4201927185 25
      vertex -135.233413696 39.4711723328 20
      vertex -134.985351562 39.4201927185 20
    endloop
  endfacet
  facet normal -0.299357712269 0 0.95414096117
    outer loop
      vertex -134.985351562 39.4201927185 25
      vertex -134.985351562 39.4201927185 20
      vertex -134.743713379 39.344379425 25
    endloop
  endfacet
  facet normal -0.299357712269 0 0.95414096117
    outer loop
      vertex -134.743713379 39.344379425 25
      vertex -134.985351562 39.4201927185 20
      vertex -134.743713379 39.344379425 20
    endloop
  endfacet
  facet normal -0.394371420145 0 0.918951153755
    outer loop
      vertex -134.743713379 39.344379425 25
      vertex -134.743713379 39.344379425 20
      vertex -134.511001587 39.2445106506 25
    endloop
  endfacet
  facet normal -0.394371420145 0 0.918951153755
    outer loop
      vertex -134.511001587 39.2445106506 25
      vertex -134.743713379 39.344379425 20
      vertex -134.511001587 39.2445106506 20
    endloop
  endfacet
  facet normal -0.485273599625 0 0.87436234951
    outer loop
      vertex -134.511001587 39.2445106506 25
      vertex -134.511001587 39.2445106506 20
      vertex -134.28956604 39.1216125488 25
    endloop
  endfacet
  facet normal -0.485273599625 0 0.87436234951
    outer loop
      vertex -134.28956604 39.1216125488 25
      vertex -134.511001587 39.2445106506 20
      vertex -134.28956604 39.1216125488 20
    endloop
  endfacet
  facet normal -0.57127225399 0 0.820760607719
    outer loop
      vertex -134.28956604 39.1216125488 25
      vertex -134.28956604 39.1216125488 20
      vertex -134.081710815 38.976940155 25
    endloop
  endfacet
  facet normal -0.57127225399 0 0.820760607719
    outer loop
      vertex -134.081710815 38.976940155 25
      vertex -134.28956604 39.1216125488 20
      vertex -134.081710815 38.976940155 20
    endloop
  endfacet
  facet normal -0.651371598244 0 0.758758842945
    outer loop
      vertex -134.081710815 38.976940155 25
      vertex -134.081710815 38.976940155 20
      vertex -133.889556885 38.8119812012 25
    endloop
  endfacet
  facet normal -0.651371598244 0 0.758758842945
    outer loop
      vertex -133.889556885 38.8119812012 25
      vertex -134.081710815 38.976940155 20
      vertex -133.889556885 38.8119812012 20
    endloop
  endfacet
  facet normal -0.724811553955 0 0.688947141171
    outer loop
      vertex -133.889556885 38.8119812012 25
      vertex -133.889556885 38.8119812012 20
      vertex -133.715087891 38.6284294128 25
    endloop
  endfacet
  facet normal -0.724811553955 0 0.688947141171
    outer loop
      vertex -133.715087891 38.6284294128 25
      vertex -133.889556885 38.8119812012 20
      vertex -133.715087891 38.6284294128 20
    endloop
  endfacet
  facet normal -0.790773928165 0 0.612108290195
    outer loop
      vertex -133.715087891 38.6284294128 25
      vertex -133.715087891 38.6284294128 20
      vertex -133.560073853 38.4281692505 25
    endloop
  endfacet
  facet normal -0.790773928165 0 0.612108290195
    outer loop
      vertex -133.560073853 38.4281692505 25
      vertex -133.715087891 38.6284294128 20
      vertex -133.560073853 38.4281692505 20
    endloop
  endfacet
  facet normal -0.848647415638 0 0.528958916664
    outer loop
      vertex -133.560073853 38.4281692505 25
      vertex -133.560073853 38.4281692505 20
      vertex -133.426116943 38.2132530212 25
    endloop
  endfacet
  facet normal -0.848647415638 0 0.528958916664
    outer loop
      vertex -133.426116943 38.2132530212 25
      vertex -133.560073853 38.4281692505 20
      vertex -133.426116943 38.2132530212 20
    endloop
  endfacet
  facet normal -0.897805809975 0 0.440391629934
    outer loop
      vertex -133.426116943 38.2132530212 25
      vertex -133.426116943 38.2132530212 20
      vertex -133.314590454 37.9858894348 25
    endloop
  endfacet
  facet normal -0.897805809975 0 0.440391629934
    outer loop
      vertex -133.314590454 37.9858894348 25
      vertex -133.426116943 38.2132530212 20
      vertex -133.314590454 37.9858894348 20
    endloop
  endfacet
  facet normal -0.937754034996 0 0.347300201654
    outer loop
      vertex -133.314590454 37.9858894348 25
      vertex -133.314590454 37.9858894348 20
      vertex -133.226638794 37.7484092712 25
    endloop
  endfacet
  facet normal -0.937754034996 0 0.347300201654
    outer loop
      vertex -133.226638794 37.7484092712 25
      vertex -133.314590454 37.9858894348 20
      vertex -133.226638794 37.7484092712 20
    endloop
  endfacet
  facet normal -0.968076765537 0 0.250653892756
    outer loop
      vertex -133.226638794 37.7484092712 25
      vertex -133.226638794 37.7484092712 20
      vertex -133.163162231 37.5032463074 25
    endloop
  endfacet
  facet normal -0.968076765537 0 0.250653892756
    outer loop
      vertex -133.163162231 37.5032463074 25
      vertex -133.226638794 37.7484092712 20
      vertex -133.163162231 37.5032463074 20
    endloop
  endfacet
  facet normal -0.98846167326 0 0.151471078396
    outer loop
      vertex -133.163162231 37.5032463074 25
      vertex -133.163162231 37.5032463074 20
      vertex -133.124801636 37.2529220581 25
    endloop
  endfacet
  facet normal -0.98846167326 0 0.151471078396
    outer loop
      vertex -133.124801636 37.2529220581 25
      vertex -133.163162231 37.5032463074 20
      vertex -133.124801636 37.2529220581 20
    endloop
  endfacet
  facet normal -0.998718380928 0 0.0506123155355
    outer loop
      vertex -133.124801636 37.2529220581 25
      vertex -133.124801636 37.2529220581 20
      vertex -133.111984253 37 25
    endloop
  endfacet
  facet normal -0.998718380928 0 0.0506123155355
    outer loop
      vertex -133.111984253 37 25
      vertex -133.124801636 37.2529220581 20
      vertex -133.111984253 37 20
    endloop
  endfacet
  facet normal -0.998718380928 -0 -0.0506123155355
    outer loop
      vertex -133.111984253 37 25
      vertex -133.111984253 37 20
      vertex -133.124801636 36.7470779419 25
    endloop
  endfacet
  facet normal -0.998718380928 -0 -0.0506123155355
    outer loop
      vertex -133.124801636 36.7470779419 25
      vertex -133.111984253 37 20
      vertex -133.124801636 36.7470779419 20
    endloop
  endfacet
  facet normal -0.98846167326 -0 -0.151471078396
    outer loop
      vertex -133.124801636 36.7470779419 25
      vertex -133.124801636 36.7470779419 20
      vertex -133.163162231 36.4967536926 25
    endloop
  endfacet
  facet normal -0.98846167326 -0 -0.151471078396
    outer loop
      vertex -133.163162231 36.4967536926 25
      vertex -133.124801636 36.7470779419 20
      vertex -133.163162231 36.4967536926 20
    endloop
  endfacet
  facet normal -0.96807706356 -0 -0.250652700663
    outer loop
      vertex -133.163162231 36.4967536926 25
      vertex -133.163162231 36.4967536926 20
      vertex -133.226638794 36.2515907288 25
    endloop
  endfacet
  facet normal -0.96807706356 -0 -0.250652700663
    outer loop
      vertex -133.226638794 36.2515907288 25
      vertex -133.163162231 36.4967536926 20
      vertex -133.226638794 36.2515907288 20
    endloop
  endfacet
  facet normal -0.93775343895 -0 -0.34730181098
    outer loop
      vertex -133.226638794 36.2515907288 25
      vertex -133.226638794 36.2515907288 20
      vertex -133.314590454 36.0141105652 25
    endloop
  endfacet
  facet normal -0.93775343895 -0 -0.34730181098
    outer loop
      vertex -133.314590454 36.0141105652 25
      vertex -133.226638794 36.2515907288 20
      vertex -133.314590454 36.0141105652 20
    endloop
  endfacet
  facet normal -0.897805809975 -0 -0.440391629934
    outer loop
      vertex -133.314590454 36.0141105652 25
      vertex -133.314590454 36.0141105652 20
      vertex -133.426116943 35.7867469788 25
    endloop
  endfacet
  facet normal -0.897805809975 -0 -0.440391629934
    outer loop
      vertex -133.426116943 35.7867469788 25
      vertex -133.314590454 36.0141105652 20
      vertex -133.426116943 35.7867469788 20
    endloop
  endfacet
  facet normal -0.848647415638 -0 -0.528958916664
    outer loop
      vertex -133.426116943 35.7867469788 25
      vertex -133.426116943 35.7867469788 20
      vertex -133.560073853 35.5718307495 25
    endloop
  endfacet
  facet normal -0.848647415638 -0 -0.528958916664
    outer loop
      vertex -133.560073853 35.5718307495 25
      vertex -133.426116943 35.7867469788 20
      vertex -133.560073853 35.5718307495 20
    endloop
  endfacet
  facet normal -0.790773928165 -0 -0.612108290195
    outer loop
      vertex -133.560073853 35.5718307495 25
      vertex -133.560073853 35.5718307495 20
      vertex -133.715087891 35.3715705872 25
    endloop
  endfacet
  facet normal -0.790773928165 -0 -0.612108290195
    outer loop
      vertex -133.715087891 35.3715705872 25
      vertex -133.560073853 35.5718307495 20
      vertex -133.715087891 35.3715705872 20
    endloop
  endfacet
  facet normal -0.724811553955 -0 -0.688947141171
    outer loop
      vertex -133.715087891 35.3715705872 25
      vertex -133.715087891 35.3715705872 20
      vertex -133.889556885 35.1880187988 25
    endloop
  endfacet
  facet normal -0.724811553955 -0 -0.688947141171
    outer loop
      vertex -133.889556885 35.1880187988 25
      vertex -133.715087891 35.3715705872 20
      vertex -133.889556885 35.1880187988 20
    endloop
  endfacet
  facet normal -0.651371598244 -0 -0.758758842945
    outer loop
      vertex -133.889556885 35.1880187988 25
      vertex -133.889556885 35.1880187988 20
      vertex -134.081710815 35.023059845 25
    endloop
  endfacet
  facet normal -0.651371598244 -0 -0.758758842945
    outer loop
      vertex -134.081710815 35.023059845 25
      vertex -133.889556885 35.1880187988 20
      vertex -134.081710815 35.023059845 20
    endloop
  endfacet
  facet normal -0.57127225399 -0 -0.820760607719
    outer loop
      vertex -134.081710815 35.023059845 25
      vertex -134.081710815 35.023059845 20
      vertex -134.28956604 34.8783874512 25
    endloop
  endfacet
  facet normal -0.57127225399 -0 -0.820760607719
    outer loop
      vertex -134.28956604 34.8783874512 25
      vertex -134.081710815 35.023059845 20
      vertex -134.28956604 34.8783874512 20
    endloop
  endfacet
  facet normal -0.48527738452 -0 -0.874360263348
    outer loop
      vertex -134.28956604 34.8783874512 25
      vertex -134.28956604 34.8783874512 20
      vertex -134.511001587 34.7554893494 25
    endloop
  endfacet
  facet normal -0.48527738452 -0 -0.874360263348
    outer loop
      vertex -134.511001587 34.7554893494 25
      vertex -134.28956604 34.8783874512 20
      vertex -134.511001587 34.7554893494 20
    endloop
  endfacet
  facet normal -0.39436724782 -0 -0.918952941895
    outer loop
      vertex -134.511001587 34.7554893494 25
      vertex -134.511001587 34.7554893494 20
      vertex -134.743713379 34.655620575 25
    endloop
  endfacet
  facet normal -0.39436724782 -0 -0.918952941895
    outer loop
      vertex -134.743713379 34.655620575 25
      vertex -134.511001587 34.7554893494 20
      vertex -134.743713379 34.655620575 20
    endloop
  endfacet
  facet normal -0.29936221242 -0 -0.954139530659
    outer loop
      vertex -134.743713379 34.655620575 25
      vertex -134.743713379 34.655620575 20
      vertex -134.985351562 34.5798072815 25
    endloop
  endfacet
  facet normal -0.29936221242 -0 -0.954139530659
    outer loop
      vertex -134.985351562 34.5798072815 25
      vertex -134.743713379 34.655620575 20
      vertex -134.985351562 34.5798072815 20
    endloop
  endfacet
  facet normal -0.201302170753 -0 -0.979529201984
    outer loop
      vertex -134.985351562 34.5798072815 25
      vertex -134.985351562 34.5798072815 20
      vertex -135.233413696 34.5288276672 25
    endloop
  endfacet
  facet normal -0.201302170753 -0 -0.979529201984
    outer loop
      vertex -135.233413696 34.5288276672 25
      vertex -134.985351562 34.5798072815 20
      vertex -135.233413696 34.5288276672 20
    endloop
  endfacet
  facet normal -0.101169452071 -0 -0.994869232178
    outer loop
      vertex -135.233413696 34.5288276672 25
      vertex -135.233413696 34.5288276672 20
      vertex -135.485351562 34.5032081604 25
    endloop
  endfacet
  facet normal -0.101169452071 -0 -0.994869232178
    outer loop
      vertex -135.485351562 34.5032081604 25
      vertex -135.233413696 34.5288276672 20
      vertex -135.485351562 34.5032081604 20
    endloop
  endfacet
  facet normal -0 -0 -1
    outer loop
      vertex -135.485351562 34.5032081604 25
      vertex -135.485351562 34.5032081604 20
      vertex -135.738601685 34.5032081604 25
    endloop
  endfacet
  facet normal 0 0 -1
    outer loop
      vertex -135.738601685 34.5032081604 25
      vertex -135.485351562 34.5032081604 20
      vertex -135.738601685 34.5032081604 20
    endloop
  endfacet
  facet normal 0.101162984967 0 -0.994869887829
    outer loop
      vertex -135.738601685 34.5032081604 25
      vertex -135.738601685 34.5032081604 20
      vertex -135.99055481 34.5288276672 25
    endloop
  endfacet
  facet normal 0.101162984967 0 -0.994869887829
    outer loop
      vertex -135.99055481 34.5288276672 25
      vertex -135.738601685 34.5032081604 20
      vertex -135.99055481 34.5288276672 20
    endloop
  endfacet
  facet normal 0.201302170753 0 -0.979529201984
    outer loop
      vertex -135.99055481 34.5288276672 25
      vertex -135.99055481 34.5288276672 20
      vertex -136.238616943 34.5798072815 25
    endloop
  endfacet
  facet normal 0.201302170753 0 -0.979529201984
    outer loop
      vertex -136.238616943 34.5798072815 25
      vertex -135.99055481 34.5288276672 20
      vertex -136.238616943 34.5798072815 20
    endloop
  endfacet
  facet normal 0.299379169941 0 -0.954134225845
    outer loop
      vertex -136.238616943 34.5798072815 25
      vertex -136.238616943 34.5798072815 20
      vertex -136.480239868 34.655620575 25
    endloop
  endfacet
  facet normal 0.299379169941 0 -0.954134225845
    outer loop
      vertex -136.480239868 34.655620575 25
      vertex -136.238616943 34.5798072815 20
      vertex -136.480239868 34.655620575 20
    endloop
  endfacet
  facet normal 0.394345760345 0 -0.91896212101
    outer loop
      vertex -136.480239868 34.655620575 25
      vertex -136.480239868 34.655620575 20
      vertex -136.712966919 34.7554893494 25
    endloop
  endfacet
  facet normal 0.394345760345 0 -0.91896212101
    outer loop
      vertex -136.712966919 34.7554893494 25
      vertex -136.480239868 34.655620575 20
      vertex -136.712966919 34.7554893494 20
    endloop
  endfacet
  facet normal 0.485304653645 0 -0.874345123768
    outer loop
      vertex -136.712966919 34.7554893494 25
      vertex -136.712966919 34.7554893494 20
      vertex -136.934387207 34.8783874512 25
    endloop
  endfacet
  facet normal 0.485304653645 0 -0.874345123768
    outer loop
      vertex -136.934387207 34.8783874512 25
      vertex -136.712966919 34.7554893494 20
      vertex -136.934387207 34.8783874512 20
    endloop
  endfacet
  facet normal 0.571269989014 0 -0.820762217045
    outer loop
      vertex -136.934387207 34.8783874512 25
      vertex -136.934387207 34.8783874512 20
      vertex -137.142242432 35.023059845 25
    endloop
  endfacet
  facet normal 0.571269989014 0 -0.820762217045
    outer loop
      vertex -137.142242432 35.023059845 25
      vertex -136.934387207 34.8783874512 20
      vertex -137.142242432 35.023059845 20
    endloop
  endfacet
  facet normal 0.651374042034 0 -0.758756756783
    outer loop
      vertex -137.142242432 35.023059845 25
      vertex -137.142242432 35.023059845 20
      vertex -137.334396362 35.1880187988 25
    endloop
  endfacet
  facet normal 0.651374042034 0 -0.758756756783
    outer loop
      vertex -137.334396362 35.1880187988 25
      vertex -137.142242432 35.023059845 20
      vertex -137.334396362 35.1880187988 20
    endloop
  endfacet
  facet normal 0.724781990051 0 -0.6889783144
    outer loop
      vertex -137.334396362 35.1880187988 25
      vertex -137.334396362 35.1880187988 20
      vertex -137.508880615 35.3715705872 25
    endloop
  endfacet
  facet normal 0.724781990051 0 -0.6889783144
    outer loop
      vertex -137.508880615 35.3715705872 25
      vertex -137.334396362 35.1880187988 20
      vertex -137.508880615 35.3715705872 20
    endloop
  endfacet
  facet normal 0.790773928165 0 -0.612108290195
    outer loop
      vertex -137.508880615 35.3715705872 25
      vertex -137.508880615 35.3715705872 20
      vertex -137.663894653 35.5718307495 25
    endloop
  endfacet
  facet normal 0.790773928165 0 -0.612108290195
    outer loop
      vertex -137.663894653 35.5718307495 25
      vertex -137.508880615 35.3715705872 20
      vertex -137.663894653 35.5718307495 20
    endloop
  endfacet
  facet normal 0.848645210266 0 -0.528962492943
    outer loop
      vertex -137.663894653 35.5718307495 25
      vertex -137.663894653 35.5718307495 20
      vertex -137.797851562 35.7867469788 25
    endloop
  endfacet
  facet normal 0.848645210266 0 -0.528962492943
    outer loop
      vertex -137.797851562 35.7867469788 25
      vertex -137.663894653 35.5718307495 20
      vertex -137.797851562 35.7867469788 20
    endloop
  endfacet
  facet normal 0.897805809975 0 -0.440391629934
    outer loop
      vertex -137.797851562 35.7867469788 25
      vertex -137.797851562 35.7867469788 20
      vertex -137.909378052 36.0141105652 25
    endloop
  endfacet
  facet normal 0.897805809975 0 -0.440391629934
    outer loop
      vertex -137.909378052 36.0141105652 25
      vertex -137.797851562 35.7867469788 20
      vertex -137.909378052 36.0141105652 20
    endloop
  endfacet
  facet normal 0.93775343895 0 -0.34730181098
    outer loop
      vertex -137.909378052 36.0141105652 25
      vertex -137.909378052 36.0141105652 20
      vertex -137.997329712 36.2515907288 25
    endloop
  endfacet
  facet normal 0.93775343895 0 -0.34730181098
    outer loop
      vertex -137.997329712 36.2515907288 25
      vertex -137.909378052 36.0141105652 20
      vertex -137.997329712 36.2515907288 20
    endloop
  endfacet
  facet normal 0.968078255653 0 -0.250648081303
    outer loop
      vertex -137.997329712 36.2515907288 25
      vertex -137.997329712 36.2515907288 20
      vertex -138.060806274 36.4967536926 25
    endloop
  endfacet
  facet normal 0.968078255653 0 -0.250648081303
    outer loop
      vertex -138.060806274 36.4967536926 25
      vertex -137.997329712 36.2515907288 20
      vertex -138.060806274 36.4967536926 20
    endloop
  endfacet
  facet normal 0.988469839096 0 -0.151417955756
    outer loop
      vertex -138.060806274 36.4967536926 25
      vertex -138.060806274 36.4967536926 20
      vertex -138.099151611 36.7470779419 25
    endloop
  endfacet
  facet normal 0.988469839096 0 -0.151417955756
    outer loop
      vertex -138.099151611 36.7470779419 25
      vertex -138.060806274 36.4967536926 20
      vertex -138.099151611 36.7470779419 20
    endloop
  endfacet
  facet normal 0.998715400696 -0 0.0506714731455
    outer loop
      vertex -138.099151611 37.2529220581 1.19209289551e-07
      vertex -138.099151611 37.2529220581 5
      vertex -138.111984253 37 1.19209289551e-07
    endloop
  endfacet
  facet normal 0.998715400696 -0 0.0506714731455
    outer loop
      vertex -138.111984253 37 1.19209289551e-07
      vertex -138.099151611 37.2529220581 5
      vertex -138.111984253 37 5
    endloop
  endfacet
  facet normal 0.998715400696 0 -0.0506714731455
    outer loop
      vertex -138.111984253 37 1.19209289551e-07
      vertex -138.111984253 37 5
      vertex -138.099151611 36.7470779419 1.19209289551e-07
    endloop
  endfacet
  facet normal 0.998715400696 0 -0.0506714731455
    outer loop
      vertex -138.099151611 36.7470779419 1.19209289551e-07
      vertex -138.111984253 37 5
      vertex -138.099151611 36.7470779419 5
    endloop
  endfacet
  facet normal 0.988469839096 0 -0.151417955756
    outer loop
      vertex -138.099151611 36.7470779419 1.19209289551e-07
      vertex -138.099151611 36.7470779419 5
      vertex -138.060806274 36.4967536926 1.19209289551e-07
    endloop
  endfacet
  facet normal 0.988469839096 0 -0.151417955756
    outer loop
      vertex -138.060806274 36.4967536926 1.19209289551e-07
      vertex -138.099151611 36.7470779419 5
      vertex -138.060806274 36.4967536926 5
    endloop
  endfacet
  facet normal 0.968078255653 0 -0.250648081303
    outer loop
      vertex -138.060806274 36.4967536926 1.19209289551e-07
      vertex -138.060806274 36.4967536926 5
      vertex -137.997329712 36.2515907288 1.19209289551e-07
    endloop
  endfacet
  facet normal 0.968078255653 0 -0.250648081303
    outer loop
      vertex -137.997329712 36.2515907288 1.19209289551e-07
      vertex -138.060806274 36.4967536926 5
      vertex -137.997329712 36.2515907288 5
    endloop
  endfacet
  facet normal 0.93775343895 0 -0.34730181098
    outer loop
      vertex -137.997329712 36.2515907288 1.19209289551e-07
      vertex -137.997329712 36.2515907288 5
      vertex -137.909378052 36.0141105652 1.19209289551e-07
    endloop
  endfacet
  facet normal 0.93775343895 0 -0.34730181098
    outer loop
      vertex -137.909378052 36.0141105652 1.19209289551e-07
      vertex -137.997329712 36.2515907288 5
      vertex -137.909378052 36.0141105652 5
    endloop
  endfacet
  facet normal 0.897805809975 0 -0.440391629934
    outer loop
      vertex -137.909378052 36.0141105652 1.19209289551e-07
      vertex -137.909378052 36.0141105652 5
      vertex -137.797851562 35.7867469788 1.19209289551e-07
    endloop
  endfacet
  facet normal 0.897805809975 0 -0.440391629934
    outer loop
      vertex -137.797851562 35.7867469788 1.19209289551e-07
      vertex -137.909378052 36.0141105652 5
      vertex -137.797851562 35.7867469788 5
    endloop
  endfacet
  facet normal 0.848645210266 0 -0.528962492943
    outer loop
      vertex -137.797851562 35.7867469788 1.19209289551e-07
      vertex -137.797851562 35.7867469788 5
      vertex -137.663894653 35.5718307495 1.19209289551e-07
    endloop
  endfacet
  facet normal 0.848645210266 0 -0.528962492943
    outer loop
      vertex -137.663894653 35.5718307495 1.19209289551e-07
      vertex -137.797851562 35.7867469788 5
      vertex -137.663894653 35.5718307495 5
    endloop
  endfacet
  facet normal 0.790773928165 0 -0.612108290195
    outer loop
      vertex -137.663894653 35.5718307495 1.19209289551e-07
      vertex -137.663894653 35.5718307495 5
      vertex -137.508880615 35.3715705872 1.19209289551e-07
    endloop
  endfacet
  facet normal 0.790773928165 0 -0.612108290195
    outer loop
      vertex -137.508880615 35.3715705872 1.19209289551e-07
      vertex -137.663894653 35.5718307495 5
      vertex -137.508880615 35.3715705872 5
    endloop
  endfacet
  facet normal 0.724781990051 0 -0.6889783144
    outer loop
      vertex -137.508880615 35.3715705872 1.19209289551e-07
      vertex -137.508880615 35.3715705872 5
      vertex -137.334396362 35.1880187988 1.19209289551e-07
    endloop
  endfacet
  facet normal 0.724781990051 0 -0.6889783144
    outer loop
      vertex -137.334396362 35.1880187988 1.19209289551e-07
      vertex -137.508880615 35.3715705872 5
      vertex -137.334396362 35.1880187988 5
    endloop
  endfacet
  facet normal 0.651374042034 0 -0.758756756783
    outer loop
      vertex -137.334396362 35.1880187988 1.19209289551e-07
      vertex -137.334396362 35.1880187988 5
      vertex -137.142242432 35.023059845 1.19209289551e-07
    endloop
  endfacet
  facet normal 0.651374042034 0 -0.758756756783
    outer loop
      vertex -137.142242432 35.023059845 1.19209289551e-07
      vertex -137.334396362 35.1880187988 5
      vertex -137.142242432 35.023059845 5
    endloop
  endfacet
  facet normal 0.571269989014 0 -0.820762217045
    outer loop
      vertex -137.142242432 35.023059845 1.19209289551e-07
      vertex -137.142242432 35.023059845 5
      vertex -136.934387207 34.8783874512 1.19209289551e-07
    endloop
  endfacet
  facet normal 0.571269989014 0 -0.820762217045
    outer loop
      vertex -136.934387207 34.8783874512 1.19209289551e-07
      vertex -137.142242432 35.023059845 5
      vertex -136.934387207 34.8783874512 5
    endloop
  endfacet
  facet normal 0.485304653645 0 -0.874345123768
    outer loop
      vertex -136.934387207 34.8783874512 1.19209289551e-07
      vertex -136.934387207 34.8783874512 5
      vertex -136.712966919 34.7554893494 1.19209289551e-07
    endloop
  endfacet
  facet normal 0.485304653645 0 -0.874345123768
    outer loop
      vertex -136.712966919 34.7554893494 1.19209289551e-07
      vertex -136.934387207 34.8783874512 5
      vertex -136.712966919 34.7554893494 5
    endloop
  endfacet
  facet normal 0.394345760345 0 -0.91896212101
    outer loop
      vertex -136.712966919 34.7554893494 1.19209289551e-07
      vertex -136.712966919 34.7554893494 5
      vertex -136.480239868 34.655620575 1.19209289551e-07
    endloop
  endfacet
  facet normal 0.394345760345 0 -0.91896212101
    outer loop
      vertex -136.480239868 34.655620575 1.19209289551e-07
      vertex -136.712966919 34.7554893494 5
      vertex -136.480239868 34.655620575 5
    endloop
  endfacet
  facet normal 0.299379169941 0 -0.954134225845
    outer loop
      vertex -136.480239868 34.655620575 1.19209289551e-07
      vertex -136.480239868 34.655620575 5
      vertex -136.238616943 34.5798072815 1.19209289551e-07
    endloop
  endfacet
  facet normal 0.299379169941 0 -0.954134225845
    outer loop
      vertex -136.238616943 34.5798072815 1.19209289551e-07
      vertex -136.480239868 34.655620575 5
      vertex -136.238616943 34.5798072815 5
    endloop
  endfacet
  facet normal 0.201302170753 0 -0.979529201984
    outer loop
      vertex -136.238616943 34.5798072815 1.19209289551e-07
      vertex -136.238616943 34.5798072815 5
      vertex -135.99055481 34.5288276672 1.19209289551e-07
    endloop
  endfacet
  facet normal 0.201302170753 0 -0.979529201984
    outer loop
      vertex -135.99055481 34.5288276672 1.19209289551e-07
      vertex -136.238616943 34.5798072815 5
      vertex -135.99055481 34.5288276672 5
    endloop
  endfacet
  facet normal 0.101162984967 0 -0.994869887829
    outer loop
      vertex -135.99055481 34.5288276672 1.19209289551e-07
      vertex -135.99055481 34.5288276672 5
      vertex -135.738601685 34.5032081604 1.19209289551e-07
    endloop
  endfacet
  facet normal 0.101162984967 0 -0.994869887829
    outer loop
      vertex -135.738601685 34.5032081604 1.19209289551e-07
      vertex -135.99055481 34.5288276672 5
      vertex -135.738601685 34.5032081604 5
    endloop
  endfacet
  facet normal 0 0 -1
    outer loop
      vertex -135.738601685 34.5032081604 1.19209289551e-07
      vertex -135.738601685 34.5032081604 5
      vertex -135.485351562 34.5032081604 1.19209289551e-07
    endloop
  endfacet
  facet normal 0 0 -1
    outer loop
      vertex -135.485351562 34.5032081604 1.19209289551e-07
      vertex -135.738601685 34.5032081604 5
      vertex -135.485351562 34.5032081604 5
    endloop
  endfacet
  facet normal -0.101169452071 0 -0.994869232178
    outer loop
      vertex -135.485351562 34.5032081604 1.19209289551e-07
      vertex -135.485351562 34.5032081604 5
      vertex -135.233413696 34.5288276672 1.19209289551e-07
    endloop
  endfacet
  facet normal -0.101169452071 0 -0.994869232178
    outer loop
      vertex -135.233413696 34.5288276672 1.19209289551e-07
      vertex -135.485351562 34.5032081604 5
      vertex -135.233413696 34.5288276672 5
    endloop
  endfacet
  facet normal -0.201302170753 0 -0.979529201984
    outer loop
      vertex -135.233413696 34.5288276672 1.19209289551e-07
      vertex -135.233413696 34.5288276672 5
      vertex -134.985351562 34.5798072815 1.19209289551e-07
    endloop
  endfacet
  facet normal -0.201302170753 0 -0.979529201984
    outer loop
      vertex -134.985351562 34.5798072815 1.19209289551e-07
      vertex -135.233413696 34.5288276672 5
      vertex -134.985351562 34.5798072815 5
    endloop
  endfacet
  facet normal -0.29936221242 0 -0.954139530659
    outer loop
      vertex -134.985351562 34.5798072815 1.19209289551e-07
      vertex -134.985351562 34.5798072815 5
      vertex -134.743713379 34.655620575 1.19209289551e-07
    endloop
  endfacet
  facet normal -0.29936221242 0 -0.954139530659
    outer loop
      vertex -134.743713379 34.655620575 1.19209289551e-07
      vertex -134.985351562 34.5798072815 5
      vertex -134.743713379 34.655620575 5
    endloop
  endfacet
  facet normal -0.39436724782 0 -0.918952941895
    outer loop
      vertex -134.743713379 34.655620575 1.19209289551e-07
      vertex -134.743713379 34.655620575 5
      vertex -134.511001587 34.7554893494 1.19209289551e-07
    endloop
  endfacet
  facet normal -0.39436724782 0 -0.918952941895
    outer loop
      vertex -134.511001587 34.7554893494 1.19209289551e-07
      vertex -134.743713379 34.655620575 5
      vertex -134.511001587 34.7554893494 5
    endloop
  endfacet
  facet normal -0.48527738452 0 -0.874360263348
    outer loop
      vertex -134.511001587 34.7554893494 1.19209289551e-07
      vertex -134.511001587 34.7554893494 5
      vertex -134.28956604 34.8783874512 1.19209289551e-07
    endloop
  endfacet
  facet normal -0.48527738452 0 -0.874360263348
    outer loop
      vertex -134.28956604 34.8783874512 1.19209289551e-07
      vertex -134.511001587 34.7554893494 5
      vertex -134.28956604 34.8783874512 5
    endloop
  endfacet
  facet normal -0.57127225399 0 -0.820760607719
    outer loop
      vertex -134.28956604 34.8783874512 1.19209289551e-07
      vertex -134.28956604 34.8783874512 5
      vertex -134.081710815 35.023059845 1.19209289551e-07
    endloop
  endfacet
  facet normal -0.57127225399 0 -0.820760607719
    outer loop
      vertex -134.081710815 35.023059845 1.19209289551e-07
      vertex -134.28956604 34.8783874512 5
      vertex -134.081710815 35.023059845 5
    endloop
  endfacet
  facet normal -0.651371598244 0 -0.758758842945
    outer loop
      vertex -134.081710815 35.023059845 1.19209289551e-07
      vertex -134.081710815 35.023059845 5
      vertex -133.889556885 35.1880187988 1.19209289551e-07
    endloop
  endfacet
  facet normal -0.651371598244 0 -0.758758842945
    outer loop
      vertex -133.889556885 35.1880187988 1.19209289551e-07
      vertex -134.081710815 35.023059845 5
      vertex -133.889556885 35.1880187988 5
    endloop
  endfacet
  facet normal -0.724811553955 0 -0.688947141171
    outer loop
      vertex -133.889556885 35.1880187988 1.19209289551e-07
      vertex -133.889556885 35.1880187988 5
      vertex -133.715087891 35.3715705872 1.19209289551e-07
    endloop
  endfacet
  facet normal -0.724811553955 0 -0.688947141171
    outer loop
      vertex -133.715087891 35.3715705872 1.19209289551e-07
      vertex -133.889556885 35.1880187988 5
      vertex -133.715087891 35.3715705872 5
    endloop
  endfacet
  facet normal -0.790773928165 0 -0.612108290195
    outer loop
      vertex -133.715087891 35.3715705872 1.19209289551e-07
      vertex -133.715087891 35.3715705872 5
      vertex -133.560073853 35.5718307495 1.19209289551e-07
    endloop
  endfacet
  facet normal -0.790773928165 0 -0.612108290195
    outer loop
      vertex -133.560073853 35.5718307495 1.19209289551e-07
      vertex -133.715087891 35.3715705872 5
      vertex -133.560073853 35.5718307495 5
    endloop
  endfacet
  facet normal -0.848647415638 0 -0.528958916664
    outer loop
      vertex -133.560073853 35.5718307495 1.19209289551e-07
      vertex -133.560073853 35.5718307495 5
      vertex -133.426116943 35.7867469788 1.19209289551e-07
    endloop
  endfacet
  facet normal -0.848647415638 0 -0.528958916664
    outer loop
      vertex -133.426116943 35.7867469788 1.19209289551e-07
      vertex -133.560073853 35.5718307495 5
      vertex -133.426116943 35.7867469788 5
    endloop
  endfacet
  facet normal -0.897805809975 0 -0.440391629934
    outer loop
      vertex -133.426116943 35.7867469788 1.19209289551e-07
      vertex -133.426116943 35.7867469788 5
      vertex -133.314590454 36.0141105652 1.19209289551e-07
    endloop
  endfacet
  facet normal -0.897805809975 0 -0.440391629934
    outer loop
      vertex -133.314590454 36.0141105652 1.19209289551e-07
      vertex -133.426116943 35.7867469788 5
      vertex -133.314590454 36.0141105652 5
    endloop
  endfacet
  facet normal -0.93775343895 0 -0.34730181098
    outer loop
      vertex -133.314590454 36.0141105652 1.19209289551e-07
      vertex -133.314590454 36.0141105652 5
      vertex -133.226638794 36.2515907288 1.19209289551e-07
    endloop
  endfacet
  facet normal -0.93775343895 0 -0.34730181098
    outer loop
      vertex -133.226638794 36.2515907288 1.19209289551e-07
      vertex -133.314590454 36.0141105652 5
      vertex -133.226638794 36.2515907288 5
    endloop
  endfacet
  facet normal -0.96807706356 0 -0.250652700663
    outer loop
      vertex -133.226638794 36.2515907288 1.19209289551e-07
      vertex -133.226638794 36.2515907288 5
      vertex -133.163162231 36.4967536926 1.19209289551e-07
    endloop
  endfacet
  facet normal -0.96807706356 0 -0.250652700663
    outer loop
      vertex -133.163162231 36.4967536926 1.19209289551e-07
      vertex -133.226638794 36.2515907288 5
      vertex -133.163162231 36.4967536926 5
    endloop
  endfacet
  facet normal -0.98846167326 0 -0.151471078396
    outer loop
      vertex -133.163162231 36.4967536926 1.19209289551e-07
      vertex -133.163162231 36.4967536926 5
      vertex -133.124801636 36.7470779419 1.19209289551e-07
    endloop
  endfacet
  facet normal -0.98846167326 0 -0.151471078396
    outer loop
      vertex -133.124801636 36.7470779419 1.19209289551e-07
      vertex -133.163162231 36.4967536926 5
      vertex -133.124801636 36.7470779419 5
    endloop
  endfacet
  facet normal -0.998718380928 0 -0.0506123155355
    outer loop
      vertex -133.124801636 36.7470779419 1.19209289551e-07
      vertex -133.124801636 36.7470779419 5
      vertex -133.111984253 37 1.19209289551e-07
    endloop
  endfacet
  facet normal -0.998718380928 0 -0.0506123155355
    outer loop
      vertex -133.111984253 37 1.19209289551e-07
      vertex -133.124801636 36.7470779419 5
      vertex -133.111984253 37 5
    endloop
  endfacet
  facet normal -0.998718380928 0 0.0506123155355
    outer loop
      vertex -133.111984253 37 1.19209289551e-07
      vertex -133.111984253 37 5
      vertex -133.124801636 37.2529220581 1.19209289551e-07
    endloop
  endfacet
  facet normal -0.998718380928 0 0.0506123155355
    outer loop
      vertex -133.124801636 37.2529220581 1.19209289551e-07
      vertex -133.111984253 37 5
      vertex -133.124801636 37.2529220581 5
    endloop
  endfacet
  facet normal -0.98846167326 0 0.151471078396
    outer loop
      vertex -133.124801636 37.2529220581 1.19209289551e-07
      vertex -133.124801636 37.2529220581 5
      vertex -133.163162231 37.5032463074 1.19209289551e-07
    endloop
  endfacet
  facet normal -0.98846167326 0 0.151471078396
    outer loop
      vertex -133.163162231 37.5032463074 1.19209289551e-07
      vertex -133.124801636 37.2529220581 5
      vertex -133.163162231 37.5032463074 5
    endloop
  endfacet
  facet normal -0.968076765537 0 0.250653892756
    outer loop
      vertex -133.163162231 37.5032463074 1.19209289551e-07
      vertex -133.163162231 37.5032463074 5
      vertex -133.226638794 37.7484092712 1.19209289551e-07
    endloop
  endfacet
  facet normal -0.968076765537 0 0.250653892756
    outer loop
      vertex -133.226638794 37.7484092712 1.19209289551e-07
      vertex -133.163162231 37.5032463074 5
      vertex -133.226638794 37.7484092712 5
    endloop
  endfacet
  facet normal -0.937754034996 0 0.347300201654
    outer loop
      vertex -133.226638794 37.7484092712 1.19209289551e-07
      vertex -133.226638794 37.7484092712 5
      vertex -133.314590454 37.9858894348 1.19209289551e-07
    endloop
  endfacet
  facet normal -0.937754034996 0 0.347300201654
    outer loop
      vertex -133.314590454 37.9858894348 1.19209289551e-07
      vertex -133.226638794 37.7484092712 5
      vertex -133.314590454 37.9858894348 5
    endloop
  endfacet
  facet normal -0.897805809975 0 0.440391629934
    outer loop
      vertex -133.314590454 37.9858894348 1.19209289551e-07
      vertex -133.314590454 37.9858894348 5
      vertex -133.426116943 38.2132530212 1.19209289551e-07
    endloop
  endfacet
  facet normal -0.897805809975 0 0.440391629934
    outer loop
      vertex -133.426116943 38.2132530212 1.19209289551e-07
      vertex -133.314590454 37.9858894348 5
      vertex -133.426116943 38.2132530212 5
    endloop
  endfacet
  facet normal -0.848647415638 0 0.528958916664
    outer loop
      vertex -133.426116943 38.2132530212 1.19209289551e-07
      vertex -133.426116943 38.2132530212 5
      vertex -133.560073853 38.4281692505 1.19209289551e-07
    endloop
  endfacet
  facet normal -0.848647415638 0 0.528958916664
    outer loop
      vertex -133.560073853 38.4281692505 1.19209289551e-07
      vertex -133.426116943 38.2132530212 5
      vertex -133.560073853 38.4281692505 5
    endloop
  endfacet
  facet normal -0.790773928165 0 0.612108290195
    outer loop
      vertex -133.560073853 38.4281692505 1.19209289551e-07
      vertex -133.560073853 38.4281692505 5
      vertex -133.715087891 38.6284294128 1.19209289551e-07
    endloop
  endfacet
  facet normal -0.790773928165 0 0.612108290195
    outer loop
      vertex -133.715087891 38.6284294128 1.19209289551e-07
      vertex -133.560073853 38.4281692505 5
      vertex -133.715087891 38.6284294128 5
    endloop
  endfacet
  facet normal -0.724811553955 0 0.688947141171
    outer loop
      vertex -133.715087891 38.6284294128 1.19209289551e-07
      vertex -133.715087891 38.6284294128 5
      vertex -133.889556885 38.8119812012 1.19209289551e-07
    endloop
  endfacet
  facet normal -0.724811553955 0 0.688947141171
    outer loop
      vertex -133.889556885 38.8119812012 1.19209289551e-07
      vertex -133.715087891 38.6284294128 5
      vertex -133.889556885 38.8119812012 5
    endloop
  endfacet
  facet normal -0.651371598244 0 0.758758842945
    outer loop
      vertex -133.889556885 38.8119812012 1.19209289551e-07
      vertex -133.889556885 38.8119812012 5
      vertex -134.081710815 38.976940155 1.19209289551e-07
    endloop
  endfacet
  facet normal -0.651371598244 0 0.758758842945
    outer loop
      vertex -134.081710815 38.976940155 1.19209289551e-07
      vertex -133.889556885 38.8119812012 5
      vertex -134.081710815 38.976940155 5
    endloop
  endfacet
  facet normal -0.57127225399 0 0.820760607719
    outer loop
      vertex -134.081710815 38.976940155 1.19209289551e-07
      vertex -134.081710815 38.976940155 5
      vertex -134.28956604 39.1216125488 1.19209289551e-07
    endloop
  endfacet
  facet normal -0.57127225399 0 0.820760607719
    outer loop
      vertex -134.28956604 39.1216125488 1.19209289551e-07
      vertex -134.081710815 38.976940155 5
      vertex -134.28956604 39.1216125488 5
    endloop
  endfacet
  facet normal -0.485273599625 0 0.87436234951
    outer loop
      vertex -134.28956604 39.1216125488 1.19209289551e-07
      vertex -134.28956604 39.1216125488 5
      vertex -134.511001587 39.2445106506 1.19209289551e-07
    endloop
  endfacet
  facet normal -0.485273599625 0 0.87436234951
    outer loop
      vertex -134.511001587 39.2445106506 1.19209289551e-07
      vertex -134.28956604 39.1216125488 5
      vertex -134.511001587 39.2445106506 5
    endloop
  endfacet
  facet normal -0.394371420145 0 0.918951153755
    outer loop
      vertex -134.511001587 39.2445106506 1.19209289551e-07
      vertex -134.511001587 39.2445106506 5
      vertex -134.743713379 39.344379425 1.19209289551e-07
    endloop
  endfacet
  facet normal -0.394371420145 0 0.918951153755
    outer loop
      vertex -134.743713379 39.344379425 1.19209289551e-07
      vertex -134.511001587 39.2445106506 5
      vertex -134.743713379 39.344379425 5
    endloop
  endfacet
  facet normal -0.299357712269 0 0.95414096117
    outer loop
      vertex -134.743713379 39.344379425 1.19209289551e-07
      vertex -134.743713379 39.344379425 5
      vertex -134.985351562 39.4201927185 1.19209289551e-07
    endloop
  endfacet
  facet normal -0.299357712269 0 0.95414096117
    outer loop
      vertex -134.985351562 39.4201927185 1.19209289551e-07
      vertex -134.743713379 39.344379425 5
      vertex -134.985351562 39.4201927185 5
    endloop
  endfacet
  facet normal -0.201306909323 0 0.979528188705
    outer loop
      vertex -134.985351562 39.4201927185 1.19209289551e-07
      vertex -134.985351562 39.4201927185 5
      vertex -135.233413696 39.4711723328 1.19209289551e-07
    endloop
  endfacet
  facet normal -0.201306909323 0 0.979528188705
    outer loop
      vertex -135.233413696 39.4711723328 1.19209289551e-07
      vertex -134.985351562 39.4201927185 5
      vertex -135.233413696 39.4711723328 5
    endloop
  endfacet
  facet normal -0.10116456449 0 0.994869709015
    outer loop
      vertex -135.233413696 39.4711723328 1.19209289551e-07
      vertex -135.233413696 39.4711723328 5
      vertex -135.485351562 39.4967918396 1.19209289551e-07
    endloop
  endfacet
  facet normal -0.10116456449 0 0.994869709015
    outer loop
      vertex -135.485351562 39.4967918396 1.19209289551e-07
      vertex -135.233413696 39.4711723328 5
      vertex -135.485351562 39.4967918396 5
    endloop
  endfacet
  facet normal 0 -0 1
    outer loop
      vertex -135.485351562 39.4967918396 1.19209289551e-07
      vertex -135.485351562 39.4967918396 5
      vertex -135.738601685 39.4967918396 1.19209289551e-07
    endloop
  endfacet
  facet normal 0 0 1
    outer loop
      vertex -135.738601685 39.4967918396 1.19209289551e-07
      vertex -135.485351562 39.4967918396 5
      vertex -135.738601685 39.4967918396 5
    endloop
  endfacet
  facet normal 0.101158097386 -0 0.994870364666
    outer loop
      vertex -135.738601685 39.4967918396 1.19209289551e-07
      vertex -135.738601685 39.4967918396 5
      vertex -135.99055481 39.4711723328 1.19209289551e-07
    endloop
  endfacet
  facet normal 0.101158097386 -0 0.994870364666
    outer loop
      vertex -135.99055481 39.4711723328 1.19209289551e-07
      vertex -135.738601685 39.4967918396 5
      vertex -135.99055481 39.4711723328 5
    endloop
  endfacet
  facet normal 0.201306909323 -0 0.979528188705
    outer loop
      vertex -135.99055481 39.4711723328 1.19209289551e-07
      vertex -135.99055481 39.4711723328 5
      vertex -136.238616943 39.4201927185 1.19209289551e-07
    endloop
  endfacet
  facet normal 0.201306909323 -0 0.979528188705
    outer loop
      vertex -136.238616943 39.4201927185 1.19209289551e-07
      vertex -135.99055481 39.4711723328 5
      vertex -136.238616943 39.4201927185 5
    endloop
  endfacet
  facet normal 0.29937466979 -0 0.954135656357
    outer loop
      vertex -136.238616943 39.4201927185 1.19209289551e-07
      vertex -136.238616943 39.4201927185 5
      vertex -136.480239868 39.344379425 1.19209289551e-07
    endloop
  endfacet
  facet normal 0.29937466979 -0 0.954135656357
    outer loop
      vertex -136.480239868 39.344379425 1.19209289551e-07
      vertex -136.238616943 39.4201927185 5
      vertex -136.480239868 39.344379425 5
    endloop
  endfacet
  facet normal 0.394349932671 -0 0.91896033287
    outer loop
      vertex -136.480239868 39.344379425 1.19209289551e-07
      vertex -136.480239868 39.344379425 5
      vertex -136.712966919 39.2445106506 1.19209289551e-07
    endloop
  endfacet
  facet normal 0.394349932671 -0 0.91896033287
    outer loop
      vertex -136.712966919 39.2445106506 1.19209289551e-07
      vertex -136.480239868 39.344379425 5
      vertex -136.712966919 39.2445106506 5
    endloop
  endfacet
  facet normal 0.48530086875 -0 0.87434720993
    outer loop
      vertex -136.712966919 39.2445106506 1.19209289551e-07
      vertex -136.712966919 39.2445106506 5
      vertex -136.934387207 39.1216125488 1.19209289551e-07
    endloop
  endfacet
  facet normal 0.48530086875 -0 0.87434720993
    outer loop
      vertex -136.934387207 39.1216125488 1.19209289551e-07
      vertex -136.712966919 39.2445106506 5
      vertex -136.934387207 39.1216125488 5
    endloop
  endfacet
  facet normal 0.571269989014 -0 0.820762217045
    outer loop
      vertex -136.934387207 39.1216125488 1.19209289551e-07
      vertex -136.934387207 39.1216125488 5
      vertex -137.142242432 38.976940155 1.19209289551e-07
    endloop
  endfacet
  facet normal 0.571269989014 -0 0.820762217045
    outer loop
      vertex -137.142242432 38.976940155 1.19209289551e-07
      vertex -136.934387207 39.1216125488 5
      vertex -137.142242432 38.976940155 5
    endloop
  endfacet
  facet normal 0.651374042034 -0 0.758756756783
    outer loop
      vertex -137.142242432 38.976940155 1.19209289551e-07
      vertex -137.142242432 38.976940155 5
      vertex -137.334396362 38.8119812012 1.19209289551e-07
    endloop
  endfacet
  facet normal 0.651374042034 -0 0.758756756783
    outer loop
      vertex -137.334396362 38.8119812012 1.19209289551e-07
      vertex -137.142242432 38.976940155 5
      vertex -137.334396362 38.8119812012 5
    endloop
  endfacet
  facet normal 0.724781990051 -0 0.6889783144
    outer loop
      vertex -137.334396362 38.8119812012 1.19209289551e-07
      vertex -137.334396362 38.8119812012 5
      vertex -137.508880615 38.6284294128 1.19209289551e-07
    endloop
  endfacet
  facet normal 0.724781990051 -0 0.6889783144
    outer loop
      vertex -137.508880615 38.6284294128 1.19209289551e-07
      vertex -137.334396362 38.8119812012 5
      vertex -137.508880615 38.6284294128 5
    endloop
  endfacet
  facet normal 0.790773928165 -0 0.612108290195
    outer loop
      vertex -137.508880615 38.6284294128 1.19209289551e-07
      vertex -137.508880615 38.6284294128 5
      vertex -137.663894653 38.4281692505 1.19209289551e-07
    endloop
  endfacet
  facet normal 0.790773928165 -0 0.612108290195
    outer loop
      vertex -137.663894653 38.4281692505 1.19209289551e-07
      vertex -137.508880615 38.6284294128 5
      vertex -137.663894653 38.4281692505 5
    endloop
  endfacet
  facet normal 0.848645210266 -0 0.528962492943
    outer loop
      vertex -137.663894653 38.4281692505 1.19209289551e-07
      vertex -137.663894653 38.4281692505 5
      vertex -137.797851562 38.2132530212 1.19209289551e-07
    endloop
  endfacet
  facet normal 0.848645210266 -0 0.528962492943
    outer loop
      vertex -137.797851562 38.2132530212 1.19209289551e-07
      vertex -137.663894653 38.4281692505 5
      vertex -137.797851562 38.2132530212 5
    endloop
  endfacet
  facet normal 0.897805809975 -0 0.440391629934
    outer loop
      vertex -137.797851562 38.2132530212 1.19209289551e-07
      vertex -137.797851562 38.2132530212 5
      vertex -137.909378052 37.9858894348 1.19209289551e-07
    endloop
  endfacet
  facet normal 0.897805809975 -0 0.440391629934
    outer loop
      vertex -137.909378052 37.9858894348 1.19209289551e-07
      vertex -137.797851562 38.2132530212 5
      vertex -137.909378052 37.9858894348 5
    endloop
  endfacet
  facet normal 0.937754034996 -0 0.347300201654
    outer loop
      vertex -137.909378052 37.9858894348 1.19209289551e-07
      vertex -137.909378052 37.9858894348 5
      vertex -137.997329712 37.7484092712 1.19209289551e-07
    endloop
  endfacet
  facet normal 0.937754034996 -0 0.347300201654
    outer loop
      vertex -137.997329712 37.7484092712 1.19209289551e-07
      vertex -137.909378052 37.9858894348 5
      vertex -137.997329712 37.7484092712 5
    endloop
  endfacet
  facet normal 0.96807795763 -0 0.250649273396
    outer loop
      vertex -137.997329712 37.7484092712 1.19209289551e-07
      vertex -137.997329712 37.7484092712 5
      vertex -138.060806274 37.5032463074 1.19209289551e-07
    endloop
  endfacet
  facet normal 0.96807795763 -0 0.250649273396
    outer loop
      vertex -138.060806274 37.5032463074 1.19209289551e-07
      vertex -137.997329712 37.7484092712 5
      vertex -138.060806274 37.5032463074 5
    endloop
  endfacet
  facet normal 0.988469839096 -0 0.151417955756
    outer loop
      vertex -138.060806274 37.5032463074 1.19209289551e-07
      vertex -138.060806274 37.5032463074 5
      vertex -138.099151611 37.2529220581 1.19209289551e-07
    endloop
  endfacet
  facet normal 0.988469839096 -0 0.151417955756
    outer loop
      vertex -138.099151611 37.2529220581 1.19209289551e-07
      vertex -138.060806274 37.5032463074 5
      vertex -138.099151611 37.2529220581 5
    endloop
  endfacet
  facet normal 0.998715400696 0 0.0506714731455
    outer loop
      vertex -138.111984253 37 20
      vertex -138.111984253 37 15
      vertex -138.099151611 37.2529220581 20
    endloop
  endfacet
  facet normal 0.998715400696 0 0.0506714731455
    outer loop
      vertex -138.099151611 37.2529220581 20
      vertex -138.111984253 37 15
      vertex -138.099151611 37.2529220581 15
    endloop
  endfacet
  facet normal 0.988469839096 0 0.151417955756
    outer loop
      vertex -138.099151611 37.2529220581 20
      vertex -138.099151611 37.2529220581 15
      vertex -138.060806274 37.5032463074 20
    endloop
  endfacet
  facet normal 0.988469839096 0 0.151417955756
    outer loop
      vertex -138.060806274 37.5032463074 20
      vertex -138.099151611 37.2529220581 15
      vertex -138.060806274 37.5032463074 15
    endloop
  endfacet
  facet normal 0.96807795763 0 0.250649273396
    outer loop
      vertex -138.060806274 37.5032463074 20
      vertex -138.060806274 37.5032463074 15
      vertex -137.997329712 37.7484092712 20
    endloop
  endfacet
  facet normal 0.96807795763 0 0.250649273396
    outer loop
      vertex -137.997329712 37.7484092712 20
      vertex -138.060806274 37.5032463074 15
      vertex -137.997329712 37.7484092712 15
    endloop
  endfacet
  facet normal 0.937754034996 0 0.347300201654
    outer loop
      vertex -137.997329712 37.7484092712 20
      vertex -137.997329712 37.7484092712 15
      vertex -137.909378052 37.9858894348 20
    endloop
  endfacet
  facet normal 0.937754034996 0 0.347300201654
    outer loop
      vertex -137.909378052 37.9858894348 20
      vertex -137.997329712 37.7484092712 15
      vertex -137.909378052 37.9858894348 15
    endloop
  endfacet
  facet normal 0.897805809975 0 0.440391629934
    outer loop
      vertex -137.909378052 37.9858894348 20
      vertex -137.909378052 37.9858894348 15
      vertex -137.797851562 38.2132530212 20
    endloop
  endfacet
  facet normal 0.897805809975 0 0.440391629934
    outer loop
      vertex -137.797851562 38.2132530212 20
      vertex -137.909378052 37.9858894348 15
      vertex -137.797851562 38.2132530212 15
    endloop
  endfacet
  facet normal 0.848645210266 0 0.528962492943
    outer loop
      vertex -137.797851562 38.2132530212 20
      vertex -137.797851562 38.2132530212 15
      vertex -137.663894653 38.4281692505 20
    endloop
  endfacet
  facet normal 0.848645210266 0 0.528962492943
    outer loop
      vertex -137.663894653 38.4281692505 20
      vertex -137.797851562 38.2132530212 15
      vertex -137.663894653 38.4281692505 15
    endloop
  endfacet
  facet normal 0.790773928165 0 0.612108290195
    outer loop
      vertex -137.663894653 38.4281692505 20
      vertex -137.663894653 38.4281692505 15
      vertex -137.508880615 38.6284294128 20
    endloop
  endfacet
  facet normal 0.790773928165 0 0.612108290195
    outer loop
      vertex -137.508880615 38.6284294128 20
      vertex -137.663894653 38.4281692505 15
      vertex -137.508880615 38.6284294128 15
    endloop
  endfacet
  facet normal 0.724781990051 0 0.6889783144
    outer loop
      vertex -137.508880615 38.6284294128 20
      vertex -137.508880615 38.6284294128 15
      vertex -137.334396362 38.8119812012 20
    endloop
  endfacet
  facet normal 0.724781990051 0 0.6889783144
    outer loop
      vertex -137.334396362 38.8119812012 20
      vertex -137.508880615 38.6284294128 15
      vertex -137.334396362 38.8119812012 15
    endloop
  endfacet
  facet normal 0.651374042034 0 0.758756756783
    outer loop
      vertex -137.334396362 38.8119812012 20
      vertex -137.334396362 38.8119812012 15
      vertex -137.142242432 38.976940155 20
    endloop
  endfacet
  facet normal 0.651374042034 0 0.758756756783
    outer loop
      vertex -137.142242432 38.976940155 20
      vertex -137.334396362 38.8119812012 15
      vertex -137.142242432 38.976940155 15
    endloop
  endfacet
  facet normal 0.571269989014 0 0.820762217045
    outer loop
      vertex -137.142242432 38.976940155 20
      vertex -137.142242432 38.976940155 15
      vertex -136.934387207 39.1216125488 20
    endloop
  endfacet
  facet normal 0.571269989014 0 0.820762217045
    outer loop
      vertex -136.934387207 39.1216125488 20
      vertex -137.142242432 38.976940155 15
      vertex -136.934387207 39.1216125488 15
    endloop
  endfacet
  facet normal 0.48530086875 0 0.87434720993
    outer loop
      vertex -136.934387207 39.1216125488 20
      vertex -136.934387207 39.1216125488 15
      vertex -136.712966919 39.2445106506 20
    endloop
  endfacet
  facet normal 0.48530086875 0 0.87434720993
    outer loop
      vertex -136.712966919 39.2445106506 20
      vertex -136.934387207 39.1216125488 15
      vertex -136.712966919 39.2445106506 15
    endloop
  endfacet
  facet normal 0.394349932671 0 0.91896033287
    outer loop
      vertex -136.712966919 39.2445106506 20
      vertex -136.712966919 39.2445106506 15
      vertex -136.480239868 39.344379425 20
    endloop
  endfacet
  facet normal 0.394349932671 0 0.91896033287
    outer loop
      vertex -136.480239868 39.344379425 20
      vertex -136.712966919 39.2445106506 15
      vertex -136.480239868 39.344379425 15
    endloop
  endfacet
  facet normal 0.29937466979 0 0.954135656357
    outer loop
      vertex -136.480239868 39.344379425 20
      vertex -136.480239868 39.344379425 15
      vertex -136.238616943 39.4201927185 20
    endloop
  endfacet
  facet normal 0.29937466979 0 0.954135656357
    outer loop
      vertex -136.238616943 39.4201927185 20
      vertex -136.480239868 39.344379425 15
      vertex -136.238616943 39.4201927185 15
    endloop
  endfacet
  facet normal 0.201306909323 0 0.979528188705
    outer loop
      vertex -136.238616943 39.4201927185 20
      vertex -136.238616943 39.4201927185 15
      vertex -135.99055481 39.4711723328 20
    endloop
  endfacet
  facet normal 0.201306909323 0 0.979528188705
    outer loop
      vertex -135.99055481 39.4711723328 20
      vertex -136.238616943 39.4201927185 15
      vertex -135.99055481 39.4711723328 15
    endloop
  endfacet
  facet normal 0.101158097386 0 0.994870364666
    outer loop
      vertex -135.99055481 39.4711723328 20
      vertex -135.99055481 39.4711723328 15
      vertex -135.738601685 39.4967918396 20
    endloop
  endfacet
  facet normal 0.101158097386 0 0.994870364666
    outer loop
      vertex -135.738601685 39.4967918396 20
      vertex -135.99055481 39.4711723328 15
      vertex -135.738601685 39.4967918396 15
    endloop
  endfacet
  facet normal -0 0 1
    outer loop
      vertex -135.738601685 39.4967918396 20
      vertex -135.738601685 39.4967918396 15
      vertex -135.485351562 39.4967918396 20
    endloop
  endfacet
  facet normal 0 0 1
    outer loop
      vertex -135.485351562 39.4967918396 20
      vertex -135.738601685 39.4967918396 15
      vertex -135.485351562 39.4967918396 15
    endloop
  endfacet
  facet normal -0.10116456449 0 0.994869709015
    outer loop
      vertex -135.485351562 39.4967918396 20
      vertex -135.485351562 39.4967918396 15
      vertex -135.233413696 39.4711723328 20
    endloop
  endfacet
  facet normal -0.10116456449 0 0.994869709015
    outer loop
      vertex -135.233413696 39.4711723328 20
      vertex -135.485351562 39.4967918396 15
      vertex -135.233413696 39.4711723328 15
    endloop
  endfacet
  facet normal -0.201306909323 0 0.979528188705
    outer loop
      vertex -135.233413696 39.4711723328 20
      vertex -135.233413696 39.4711723328 15
      vertex -134.985351562 39.4201927185 20
    endloop
  endfacet
  facet normal -0.201306909323 0 0.979528188705
    outer loop
      vertex -134.985351562 39.4201927185 20
      vertex -135.233413696 39.4711723328 15
      vertex -134.985351562 39.4201927185 15
    endloop
  endfacet
  facet normal -0.299357712269 0 0.95414096117
    outer loop
      vertex -134.985351562 39.4201927185 20
      vertex -134.985351562 39.4201927185 15
      vertex -134.743713379 39.344379425 20
    endloop
  endfacet
  facet normal -0.299357712269 0 0.95414096117
    outer loop
      vertex -134.743713379 39.344379425 20
      vertex -134.985351562 39.4201927185 15
      vertex -134.743713379 39.344379425 15
    endloop
  endfacet
  facet normal -0.394371420145 0 0.918951153755
    outer loop
      vertex -134.743713379 39.344379425 20
      vertex -134.743713379 39.344379425 15
      vertex -134.511001587 39.2445106506 20
    endloop
  endfacet
  facet normal -0.394371420145 0 0.918951153755
    outer loop
      vertex -134.511001587 39.2445106506 20
      vertex -134.743713379 39.344379425 15
      vertex -134.511001587 39.2445106506 15
    endloop
  endfacet
  facet normal -0.485273599625 0 0.87436234951
    outer loop
      vertex -134.511001587 39.2445106506 20
      vertex -134.511001587 39.2445106506 15
      vertex -134.28956604 39.1216125488 20
    endloop
  endfacet
  facet normal -0.485273599625 0 0.87436234951
    outer loop
      vertex -134.28956604 39.1216125488 20
      vertex -134.511001587 39.2445106506 15
      vertex -134.28956604 39.1216125488 15
    endloop
  endfacet
  facet normal -0.57127225399 0 0.820760607719
    outer loop
      vertex -134.28956604 39.1216125488 20
      vertex -134.28956604 39.1216125488 15
      vertex -134.081710815 38.976940155 20
    endloop
  endfacet
  facet normal -0.57127225399 0 0.820760607719
    outer loop
      vertex -134.081710815 38.976940155 20
      vertex -134.28956604 39.1216125488 15
      vertex -134.081710815 38.976940155 15
    endloop
  endfacet
  facet normal -0.651371598244 0 0.758758842945
    outer loop
      vertex -134.081710815 38.976940155 20
      vertex -134.081710815 38.976940155 15
      vertex -133.889556885 38.8119812012 20
    endloop
  endfacet
  facet normal -0.651371598244 0 0.758758842945
    outer loop
      vertex -133.889556885 38.8119812012 20
      vertex -134.081710815 38.976940155 15
      vertex -133.889556885 38.8119812012 15
    endloop
  endfacet
  facet normal -0.724811553955 0 0.688947141171
    outer loop
      vertex -133.889556885 38.8119812012 20
      vertex -133.889556885 38.8119812012 15
      vertex -133.715087891 38.6284294128 20
    endloop
  endfacet
  facet normal -0.724811553955 0 0.688947141171
    outer loop
      vertex -133.715087891 38.6284294128 20
      vertex -133.889556885 38.8119812012 15
      vertex -133.715087891 38.6284294128 15
    endloop
  endfacet
  facet normal -0.790773928165 0 0.612108290195
    outer loop
      vertex -133.715087891 38.6284294128 20
      vertex -133.715087891 38.6284294128 15
      vertex -133.560073853 38.4281692505 20
    endloop
  endfacet
  facet normal -0.790773928165 0 0.612108290195
    outer loop
      vertex -133.560073853 38.4281692505 20
      vertex -133.715087891 38.6284294128 15
      vertex -133.560073853 38.4281692505 15
    endloop
  endfacet
  facet normal -0.848647415638 0 0.528958916664
    outer loop
      vertex -133.560073853 38.4281692505 20
      vertex -133.560073853 38.4281692505 15
      vertex -133.426116943 38.2132530212 20
    endloop
  endfacet
  facet normal -0.848647415638 0 0.528958916664
    outer loop
      vertex -133.426116943 38.2132530212 20
      vertex -133.560073853 38.4281692505 15
      vertex -133.426116943 38.2132530212 15
    endloop
  endfacet
  facet normal -0.897805809975 0 0.440391629934
    outer loop
      vertex -133.426116943 38.2132530212 20
      vertex -133.426116943 38.2132530212 15
      vertex -133.314590454 37.9858894348 20
    endloop
  endfacet
  facet normal -0.897805809975 0 0.440391629934
    outer loop
      vertex -133.314590454 37.9858894348 20
      vertex -133.426116943 38.2132530212 15
      vertex -133.314590454 37.9858894348 15
    endloop
  endfacet
  facet normal -0.937754034996 0 0.347300201654
    outer loop
      vertex -133.314590454 37.9858894348 20
      vertex -133.314590454 37.9858894348 15
      vertex -133.226638794 37.7484092712 20
    endloop
  endfacet
  facet normal -0.937754034996 0 0.347300201654
    outer loop
      vertex -133.226638794 37.7484092712 20
      vertex -133.314590454 37.9858894348 15
      vertex -133.226638794 37.7484092712 15
    endloop
  endfacet
  facet normal -0.968076765537 0 0.250653892756
    outer loop
      vertex -133.226638794 37.7484092712 20
      vertex -133.226638794 37.7484092712 15
      vertex -133.163162231 37.5032463074 20
    endloop
  endfacet
  facet normal -0.968076765537 0 0.250653892756
    outer loop
      vertex -133.163162231 37.5032463074 20
      vertex -133.226638794 37.7484092712 15
      vertex -133.163162231 37.5032463074 15
    endloop
  endfacet
  facet normal -0.98846167326 0 0.151471078396
    outer loop
      vertex -133.163162231 37.5032463074 20
      vertex -133.163162231 37.5032463074 15
      vertex -133.124801636 37.2529220581 20
    endloop
  endfacet
  facet normal -0.98846167326 0 0.151471078396
    outer loop
      vertex -133.124801636 37.2529220581 20
      vertex -133.163162231 37.5032463074 15
      vertex -133.124801636 37.2529220581 15
    endloop
  endfacet
  facet normal -0.998718380928 0 0.0506123155355
    outer loop
      vertex -133.124801636 37.2529220581 20
      vertex -133.124801636 37.2529220581 15
      vertex -133.111984253 37 20
    endloop
  endfacet
  facet normal -0.998718380928 0 0.0506123155355
    outer loop
      vertex -133.111984253 37 20
      vertex -133.124801636 37.2529220581 15
      vertex -133.111984253 37 15
    endloop
  endfacet
  facet normal -0.998718380928 -0 -0.0506123155355
    outer loop
      vertex -133.111984253 37 20
      vertex -133.111984253 37 15
      vertex -133.124801636 36.7470779419 20
    endloop
  endfacet
  facet normal -0.998718380928 -0 -0.0506123155355
    outer loop
      vertex -133.124801636 36.7470779419 20
      vertex -133.111984253 37 15
      vertex -133.124801636 36.7470779419 15
    endloop
  endfacet
  facet normal -0.98846167326 -0 -0.151471078396
    outer loop
      vertex -133.124801636 36.7470779419 20
      vertex -133.124801636 36.7470779419 15
      vertex -133.163162231 36.4967536926 20
    endloop
  endfacet
  facet normal -0.98846167326 -0 -0.151471078396
    outer loop
      vertex -133.163162231 36.4967536926 20
      vertex -133.124801636 36.7470779419 15
      vertex -133.163162231 36.4967536926 15
    endloop
  endfacet
  facet normal -0.96807706356 -0 -0.250652700663
    outer loop
      vertex -133.163162231 36.4967536926 20
      vertex -133.163162231 36.4967536926 15
      vertex -133.226638794 36.2515907288 20
    endloop
  endfacet
  facet normal -0.96807706356 -0 -0.250652700663
    outer loop
      vertex -133.226638794 36.2515907288 20
      vertex -133.163162231 36.4967536926 15
      vertex -133.226638794 36.2515907288 15
    endloop
  endfacet
  facet normal -0.93775343895 -0 -0.34730181098
    outer loop
      vertex -133.226638794 36.2515907288 20
      vertex -133.226638794 36.2515907288 15
      vertex -133.314590454 36.0141105652 20
    endloop
  endfacet
  facet normal -0.93775343895 -0 -0.34730181098
    outer loop
      vertex -133.314590454 36.0141105652 20
      vertex -133.226638794 36.2515907288 15
      vertex -133.314590454 36.0141105652 15
    endloop
  endfacet
  facet normal -0.897805809975 -0 -0.440391629934
    outer loop
      vertex -133.314590454 36.0141105652 20
      vertex -133.314590454 36.0141105652 15
      vertex -133.426116943 35.7867469788 20
    endloop
  endfacet
  facet normal -0.897805809975 -0 -0.440391629934
    outer loop
      vertex -133.426116943 35.7867469788 20
      vertex -133.314590454 36.0141105652 15
      vertex -133.426116943 35.7867469788 15
    endloop
  endfacet
  facet normal -0.848647415638 -0 -0.528958916664
    outer loop
      vertex -133.426116943 35.7867469788 20
      vertex -133.426116943 35.7867469788 15
      vertex -133.560073853 35.5718307495 20
    endloop
  endfacet
  facet normal -0.848647415638 -0 -0.528958916664
    outer loop
      vertex -133.560073853 35.5718307495 20
      vertex -133.426116943 35.7867469788 15
      vertex -133.560073853 35.5718307495 15
    endloop
  endfacet
  facet normal -0.790773928165 -0 -0.612108290195
    outer loop
      vertex -133.560073853 35.5718307495 20
      vertex -133.560073853 35.5718307495 15
      vertex -133.715087891 35.3715705872 20
    endloop
  endfacet
  facet normal -0.790773928165 -0 -0.612108290195
    outer loop
      vertex -133.715087891 35.3715705872 20
      vertex -133.560073853 35.5718307495 15
      vertex -133.715087891 35.3715705872 15
    endloop
  endfacet
  facet normal -0.724811553955 -0 -0.688947141171
    outer loop
      vertex -133.715087891 35.3715705872 20
      vertex -133.715087891 35.3715705872 15
      vertex -133.889556885 35.1880187988 20
    endloop
  endfacet
  facet normal -0.724811553955 -0 -0.688947141171
    outer loop
      vertex -133.889556885 35.1880187988 20
      vertex -133.715087891 35.3715705872 15
      vertex -133.889556885 35.1880187988 15
    endloop
  endfacet
  facet normal -0.651371598244 -0 -0.758758842945
    outer loop
      vertex -133.889556885 35.1880187988 20
      vertex -133.889556885 35.1880187988 15
      vertex -134.081710815 35.023059845 20
    endloop
  endfacet
  facet normal -0.651371598244 -0 -0.758758842945
    outer loop
      vertex -134.081710815 35.023059845 20
      vertex -133.889556885 35.1880187988 15
      vertex -134.081710815 35.023059845 15
    endloop
  endfacet
  facet normal -0.57127225399 -0 -0.820760607719
    outer loop
      vertex -134.081710815 35.023059845 20
      vertex -134.081710815 35.023059845 15
      vertex -134.28956604 34.8783874512 20
    endloop
  endfacet
  facet normal -0.57127225399 -0 -0.820760607719
    outer loop
      vertex -134.28956604 34.8783874512 20
      vertex -134.081710815 35.023059845 15
      vertex -134.28956604 34.8783874512 15
    endloop
  endfacet
  facet normal -0.48527738452 -0 -0.874360263348
    outer loop
      vertex -134.28956604 34.8783874512 20
      vertex -134.28956604 34.8783874512 15
      vertex -134.511001587 34.7554893494 20
    endloop
  endfacet
  facet normal -0.48527738452 -0 -0.874360263348
    outer loop
      vertex -134.511001587 34.7554893494 20
      vertex -134.28956604 34.8783874512 15
      vertex -134.511001587 34.7554893494 15
    endloop
  endfacet
  facet normal -0.39436724782 -0 -0.918952941895
    outer loop
      vertex -134.511001587 34.7554893494 20
      vertex -134.511001587 34.7554893494 15
      vertex -134.743713379 34.655620575 20
    endloop
  endfacet
  facet normal -0.39436724782 -0 -0.918952941895
    outer loop
      vertex -134.743713379 34.655620575 20
      vertex -134.511001587 34.7554893494 15
      vertex -134.743713379 34.655620575 15
    endloop
  endfacet
  facet normal -0.29936221242 -0 -0.954139530659
    outer loop
      vertex -134.743713379 34.655620575 20
      vertex -134.743713379 34.655620575 15
      vertex -134.985351562 34.5798072815 20
    endloop
  endfacet
  facet normal -0.29936221242 -0 -0.954139530659
    outer loop
      vertex -134.985351562 34.5798072815 20
      vertex -134.743713379 34.655620575 15
      vertex -134.985351562 34.5798072815 15
    endloop
  endfacet
  facet normal -0.201302170753 -0 -0.979529201984
    outer loop
      vertex -134.985351562 34.5798072815 20
      vertex -134.985351562 34.5798072815 15
      vertex -135.233413696 34.5288276672 20
    endloop
  endfacet
  facet normal -0.201302170753 -0 -0.979529201984
    outer loop
      vertex -135.233413696 34.5288276672 20
      vertex -134.985351562 34.5798072815 15
      vertex -135.233413696 34.5288276672 15
    endloop
  endfacet
  facet normal -0.101169452071 -0 -0.994869232178
    outer loop
      vertex -135.233413696 34.5288276672 20
      vertex -135.233413696 34.5288276672 15
      vertex -135.485351562 34.5032081604 20
    endloop
  endfacet
  facet normal -0.101169452071 -0 -0.994869232178
    outer loop
      vertex -135.485351562 34.5032081604 20
      vertex -135.233413696 34.5288276672 15
      vertex -135.485351562 34.5032081604 15
    endloop
  endfacet
  facet normal -0 -0 -1
    outer loop
      vertex -135.485351562 34.5032081604 20
      vertex -135.485351562 34.5032081604 15
      vertex -135.738601685 34.5032081604 20
    endloop
  endfacet
  facet normal 0 0 -1
    outer loop
      vertex -135.738601685 34.5032081604 20
      vertex -135.485351562 34.5032081604 15
      vertex -135.738601685 34.5032081604 15
    endloop
  endfacet
  facet normal 0.101162984967 0 -0.994869887829
    outer loop
      vertex -135.738601685 34.5032081604 20
      vertex -135.738601685 34.5032081604 15
      vertex -135.99055481 34.5288276672 20
    endloop
  endfacet
  facet normal 0.101162984967 0 -0.994869887829
    outer loop
      vertex -135.99055481 34.5288276672 20
      vertex -135.738601685 34.5032081604 15
      vertex -135.99055481 34.5288276672 15
    endloop
  endfacet
  facet normal 0.201302170753 0 -0.979529201984
    outer loop
      vertex -135.99055481 34.5288276672 20
      vertex -135.99055481 34.5288276672 15
      vertex -136.238616943 34.5798072815 20
    endloop
  endfacet
  facet normal 0.201302170753 0 -0.979529201984
    outer loop
      vertex -136.238616943 34.5798072815 20
      vertex -135.99055481 34.5288276672 15
      vertex -136.238616943 34.5798072815 15
    endloop
  endfacet
  facet normal 0.299379169941 0 -0.954134225845
    outer loop
      vertex -136.238616943 34.5798072815 20
      vertex -136.238616943 34.5798072815 15
      vertex -136.480239868 34.655620575 20
    endloop
  endfacet
  facet normal 0.299379169941 0 -0.954134225845
    outer loop
      vertex -136.480239868 34.655620575 20
      vertex -136.238616943 34.5798072815 15
      vertex -136.480239868 34.655620575 15
    endloop
  endfacet
  facet normal 0.394345760345 0 -0.91896212101
    outer loop
      vertex -136.480239868 34.655620575 20
      vertex -136.480239868 34.655620575 15
      vertex -136.712966919 34.7554893494 20
    endloop
  endfacet
  facet normal 0.394345760345 0 -0.91896212101
    outer loop
      vertex -136.712966919 34.7554893494 20
      vertex -136.480239868 34.655620575 15
      vertex -136.712966919 34.7554893494 15
    endloop
  endfacet
  facet normal 0.485304653645 0 -0.874345123768
    outer loop
      vertex -136.712966919 34.7554893494 20
      vertex -136.712966919 34.7554893494 15
      vertex -136.934387207 34.8783874512 20
    endloop
  endfacet
  facet normal 0.485304653645 0 -0.874345123768
    outer loop
      vertex -136.934387207 34.8783874512 20
      vertex -136.712966919 34.7554893494 15
      vertex -136.934387207 34.8783874512 15
    endloop
  endfacet
  facet normal 0.571269989014 0 -0.820762217045
    outer loop
      vertex -136.934387207 34.8783874512 20
      vertex -136.934387207 34.8783874512 15
      vertex -137.142242432 35.023059845 20
    endloop
  endfacet
  facet normal 0.571269989014 0 -0.820762217045
    outer loop
      vertex -137.142242432 35.023059845 20
      vertex -136.934387207 34.8783874512 15
      vertex -137.142242432 35.023059845 15
    endloop
  endfacet
  facet normal 0.651374042034 0 -0.758756756783
    outer loop
      vertex -137.142242432 35.023059845 20
      vertex -137.142242432 35.023059845 15
      vertex -137.334396362 35.1880187988 20
    endloop
  endfacet
  facet normal 0.651374042034 0 -0.758756756783
    outer loop
      vertex -137.334396362 35.1880187988 20
      vertex -137.142242432 35.023059845 15
      vertex -137.334396362 35.1880187988 15
    endloop
  endfacet
  facet normal 0.724781990051 0 -0.6889783144
    outer loop
      vertex -137.334396362 35.1880187988 20
      vertex -137.334396362 35.1880187988 15
      vertex -137.508880615 35.3715705872 20
    endloop
  endfacet
  facet normal 0.724781990051 0 -0.6889783144
    outer loop
      vertex -137.508880615 35.3715705872 20
      vertex -137.334396362 35.1880187988 15
      vertex -137.508880615 35.3715705872 15
    endloop
  endfacet
  facet normal 0.790773928165 0 -0.612108290195
    outer loop
      vertex -137.508880615 35.3715705872 20
      vertex -137.508880615 35.3715705872 15
      vertex -137.663894653 35.5718307495 20
    endloop
  endfacet
  facet normal 0.790773928165 0 -0.612108290195
    outer loop
      vertex -137.663894653 35.5718307495 20
      vertex -137.508880615 35.3715705872 15
      vertex -137.663894653 35.5718307495 15
    endloop
  endfacet
  facet normal 0.848645210266 0 -0.528962492943
    outer loop
      vertex -137.663894653 35.5718307495 20
      vertex -137.663894653 35.5718307495 15
      vertex -137.797851562 35.7867469788 20
    endloop
  endfacet
  facet normal 0.848645210266 0 -0.528962492943
    outer loop
      vertex -137.797851562 35.7867469788 20
      vertex -137.663894653 35.5718307495 15
      vertex -137.797851562 35.7867469788 15
    endloop
  endfacet
  facet normal 0.897805809975 0 -0.440391629934
    outer loop
      vertex -137.797851562 35.7867469788 20
      vertex -137.797851562 35.7867469788 15
      vertex -137.909378052 36.0141105652 20
    endloop
  endfacet
  facet normal 0.897805809975 0 -0.440391629934
    outer loop
      vertex -137.909378052 36.0141105652 20
      vertex -137.797851562 35.7867469788 15
      vertex -137.909378052 36.0141105652 15
    endloop
  endfacet
  facet normal 0.93775343895 0 -0.34730181098
    outer loop
      vertex -137.909378052 36.0141105652 20
      vertex -137.909378052 36.0141105652 15
      vertex -137.997329712 36.2515907288 20
    endloop
  endfacet
  facet normal 0.93775343895 0 -0.34730181098
    outer loop
      vertex -137.997329712 36.2515907288 20
      vertex -137.909378052 36.0141105652 15
      vertex -137.997329712 36.2515907288 15
    endloop
  endfacet
  facet normal 0.968078255653 0 -0.250648081303
    outer loop
      vertex -137.997329712 36.2515907288 20
      vertex -137.997329712 36.2515907288 15
      vertex -138.060806274 36.4967536926 20
    endloop
  endfacet
  facet normal 0.968078255653 0 -0.250648081303
    outer loop
      vertex -138.060806274 36.4967536926 20
      vertex -137.997329712 36.2515907288 15
      vertex -138.060806274 36.4967536926 15
    endloop
  endfacet
  facet normal 0.988469839096 0 -0.151417955756
    outer loop
      vertex -138.060806274 36.4967536926 20
      vertex -138.060806274 36.4967536926 15
      vertex -138.099151611 36.7470779419 20
    endloop
  endfacet
  facet normal 0.988469839096 0 -0.151417955756
    outer loop
      vertex -138.099151611 36.7470779419 20
      vertex -138.060806274 36.4967536926 15
      vertex -138.099151611 36.7470779419 15
    endloop
  endfacet
  facet normal 0.998715400696 0 -0.0506714731455
    outer loop
      vertex -138.099151611 36.7470779419 20
      vertex -138.099151611 36.7470779419 15
      vertex -138.111984253 37 20
    endloop
  endfacet
  facet normal 0.998715400696 0 -0.0506714731455
    outer loop
      vertex -138.111984253 37 20
      vertex -138.099151611 36.7470779419 15
      vertex -138.111984253 37 15
    endloop
  endfacet
  facet normal 0.998715400696 0 0.0506714731455
    outer loop
      vertex -138.111984253 37 15
      vertex -138.111984253 37 10
      vertex -138.099151611 37.2529220581 15
    endloop
  endfacet
  facet normal 0.998715400696 0 0.0506714731455
    outer loop
      vertex -138.099151611 37.2529220581 15
      vertex -138.111984253 37 10
      vertex -138.099151611 37.2529220581 10
    endloop
  endfacet
  facet normal 0.988469839096 0 0.151417955756
    outer loop
      vertex -138.099151611 37.2529220581 15
      vertex -138.099151611 37.2529220581 10
      vertex -138.060806274 37.5032463074 15
    endloop
  endfacet
  facet normal 0.988469839096 0 0.151417955756
    outer loop
      vertex -138.060806274 37.5032463074 15
      vertex -138.099151611 37.2529220581 10
      vertex -138.060806274 37.5032463074 10
    endloop
  endfacet
  facet normal 0.96807795763 0 0.250649273396
    outer loop
      vertex -138.060806274 37.5032463074 15
      vertex -138.060806274 37.5032463074 10
      vertex -137.997329712 37.7484092712 15
    endloop
  endfacet
  facet normal 0.96807795763 0 0.250649273396
    outer loop
      vertex -137.997329712 37.7484092712 15
      vertex -138.060806274 37.5032463074 10
      vertex -137.997329712 37.7484092712 10
    endloop
  endfacet
  facet normal 0.937754034996 0 0.347300201654
    outer loop
      vertex -137.997329712 37.7484092712 15
      vertex -137.997329712 37.7484092712 10
      vertex -137.909378052 37.9858894348 15
    endloop
  endfacet
  facet normal 0.937754034996 0 0.347300201654
    outer loop
      vertex -137.909378052 37.9858894348 15
      vertex -137.997329712 37.7484092712 10
      vertex -137.909378052 37.9858894348 10
    endloop
  endfacet
  facet normal 0.897805809975 0 0.440391629934
    outer loop
      vertex -137.909378052 37.9858894348 15
      vertex -137.909378052 37.9858894348 10
      vertex -137.797851562 38.2132530212 15
    endloop
  endfacet
  facet normal 0.897805809975 0 0.440391629934
    outer loop
      vertex -137.797851562 38.2132530212 15
      vertex -137.909378052 37.9858894348 10
      vertex -137.797851562 38.2132530212 10
    endloop
  endfacet
  facet normal 0.848645210266 0 0.528962492943
    outer loop
      vertex -137.797851562 38.2132530212 15
      vertex -137.797851562 38.2132530212 10
      vertex -137.663894653 38.4281692505 15
    endloop
  endfacet
  facet normal 0.848645210266 0 0.528962492943
    outer loop
      vertex -137.663894653 38.4281692505 15
      vertex -137.797851562 38.2132530212 10
      vertex -137.663894653 38.4281692505 10
    endloop
  endfacet
  facet normal 0.790773928165 0 0.612108290195
    outer loop
      vertex -137.663894653 38.4281692505 15
      vertex -137.663894653 38.4281692505 10
      vertex -137.508880615 38.6284294128 15
    endloop
  endfacet
  facet normal 0.790773928165 0 0.612108290195
    outer loop
      vertex -137.508880615 38.6284294128 15
      vertex -137.663894653 38.4281692505 10
      vertex -137.508880615 38.6284294128 10
    endloop
  endfacet
  facet normal 0.724781990051 0 0.6889783144
    outer loop
      vertex -137.508880615 38.6284294128 15
      vertex -137.508880615 38.6284294128 10
      vertex -137.334396362 38.8119812012 15
    endloop
  endfacet
  facet normal 0.724781990051 0 0.6889783144
    outer loop
      vertex -137.334396362 38.8119812012 15
      vertex -137.508880615 38.6284294128 10
      vertex -137.334396362 38.8119812012 10
    endloop
  endfacet
  facet normal 0.651374042034 0 0.758756756783
    outer loop
      vertex -137.334396362 38.8119812012 15
      vertex -137.334396362 38.8119812012 10
      vertex -137.142242432 38.976940155 15
    endloop
  endfacet
  facet normal 0.651374042034 0 0.758756756783
    outer loop
      vertex -137.142242432 38.976940155 15
      vertex -137.334396362 38.8119812012 10
      vertex -137.142242432 38.976940155 10
    endloop
  endfacet
  facet normal 0.571269989014 0 0.820762217045
    outer loop
      vertex -137.142242432 38.976940155 15
      vertex -137.142242432 38.976940155 10
      vertex -136.934387207 39.1216125488 15
    endloop
  endfacet
  facet normal 0.571269989014 0 0.820762217045
    outer loop
      vertex -136.934387207 39.1216125488 15
      vertex -137.142242432 38.976940155 10
      vertex -136.934387207 39.1216125488 10
    endloop
  endfacet
  facet normal 0.48530086875 0 0.87434720993
    outer loop
      vertex -136.934387207 39.1216125488 15
      vertex -136.934387207 39.1216125488 10
      vertex -136.712966919 39.2445106506 15
    endloop
  endfacet
  facet normal 0.48530086875 0 0.87434720993
    outer loop
      vertex -136.712966919 39.2445106506 15
      vertex -136.934387207 39.1216125488 10
      vertex -136.712966919 39.2445106506 10
    endloop
  endfacet
  facet normal 0.394349932671 0 0.91896033287
    outer loop
      vertex -136.712966919 39.2445106506 15
      vertex -136.712966919 39.2445106506 10
      vertex -136.480239868 39.344379425 15
    endloop
  endfacet
  facet normal 0.394349932671 0 0.91896033287
    outer loop
      vertex -136.480239868 39.344379425 15
      vertex -136.712966919 39.2445106506 10
      vertex -136.480239868 39.344379425 10
    endloop
  endfacet
  facet normal 0.29937466979 0 0.954135656357
    outer loop
      vertex -136.480239868 39.344379425 15
      vertex -136.480239868 39.344379425 10
      vertex -136.238616943 39.4201927185 15
    endloop
  endfacet
  facet normal 0.29937466979 0 0.954135656357
    outer loop
      vertex -136.238616943 39.4201927185 15
      vertex -136.480239868 39.344379425 10
      vertex -136.238616943 39.4201927185 10
    endloop
  endfacet
  facet normal 0.201306909323 0 0.979528188705
    outer loop
      vertex -136.238616943 39.4201927185 15
      vertex -136.238616943 39.4201927185 10
      vertex -135.99055481 39.4711723328 15
    endloop
  endfacet
  facet normal 0.201306909323 0 0.979528188705
    outer loop
      vertex -135.99055481 39.4711723328 15
      vertex -136.238616943 39.4201927185 10
      vertex -135.99055481 39.4711723328 10
    endloop
  endfacet
  facet normal 0.101158097386 0 0.994870364666
    outer loop
      vertex -135.99055481 39.4711723328 15
      vertex -135.99055481 39.4711723328 10
      vertex -135.738601685 39.4967918396 15
    endloop
  endfacet
  facet normal 0.101158097386 0 0.994870364666
    outer loop
      vertex -135.738601685 39.4967918396 15
      vertex -135.99055481 39.4711723328 10
      vertex -135.738601685 39.4967918396 10
    endloop
  endfacet
  facet normal -0 0 1
    outer loop
      vertex -135.738601685 39.4967918396 15
      vertex -135.738601685 39.4967918396 10
      vertex -135.485351562 39.4967918396 15
    endloop
  endfacet
  facet normal 0 0 1
    outer loop
      vertex -135.485351562 39.4967918396 15
      vertex -135.738601685 39.4967918396 10
      vertex -135.485351562 39.4967918396 10
    endloop
  endfacet
  facet normal -0.10116456449 0 0.994869709015
    outer loop
      vertex -135.485351562 39.4967918396 15
      vertex -135.485351562 39.4967918396 10
      vertex -135.233413696 39.4711723328 15
    endloop
  endfacet
  facet normal -0.10116456449 0 0.994869709015
    outer loop
      vertex -135.233413696 39.4711723328 15
      vertex -135.485351562 39.4967918396 10
      vertex -135.233413696 39.4711723328 10
    endloop
  endfacet
  facet normal -0.201306909323 0 0.979528188705
    outer loop
      vertex -135.233413696 39.4711723328 15
      vertex -135.233413696 39.4711723328 10
      vertex -134.985351562 39.4201927185 15
    endloop
  endfacet
  facet normal -0.201306909323 0 0.979528188705
    outer loop
      vertex -134.985351562 39.4201927185 15
      vertex -135.233413696 39.4711723328 10
      vertex -134.985351562 39.4201927185 10
    endloop
  endfacet
  facet normal -0.299357712269 0 0.95414096117
    outer loop
      vertex -134.985351562 39.4201927185 15
      vertex -134.985351562 39.4201927185 10
      vertex -134.743713379 39.344379425 15
    endloop
  endfacet
  facet normal -0.299357712269 0 0.95414096117
    outer loop
      vertex -134.743713379 39.344379425 15
      vertex -134.985351562 39.4201927185 10
      vertex -134.743713379 39.344379425 10
    endloop
  endfacet
  facet normal -0.394371420145 0 0.918951153755
    outer loop
      vertex -134.743713379 39.344379425 15
      vertex -134.743713379 39.344379425 10
      vertex -134.511001587 39.2445106506 15
    endloop
  endfacet
  facet normal -0.394371420145 0 0.918951153755
    outer loop
      vertex -134.511001587 39.2445106506 15
      vertex -134.743713379 39.344379425 10
      vertex -134.511001587 39.2445106506 10
    endloop
  endfacet
  facet normal -0.485273599625 0 0.87436234951
    outer loop
      vertex -134.511001587 39.2445106506 15
      vertex -134.511001587 39.2445106506 10
      vertex -134.28956604 39.1216125488 15
    endloop
  endfacet
  facet normal -0.485273599625 0 0.87436234951
    outer loop
      vertex -134.28956604 39.1216125488 15
      vertex -134.511001587 39.2445106506 10
      vertex -134.28956604 39.1216125488 10
    endloop
  endfacet
  facet normal -0.57127225399 0 0.820760607719
    outer loop
      vertex -134.28956604 39.1216125488 15
      vertex -134.28956604 39.1216125488 10
      vertex -134.081710815 38.976940155 15
    endloop
  endfacet
  facet normal -0.57127225399 0 0.820760607719
    outer loop
      vertex -134.081710815 38.976940155 15
      vertex -134.28956604 39.1216125488 10
      vertex -134.081710815 38.976940155 10
    endloop
  endfacet
  facet normal -0.651371598244 0 0.758758842945
    outer loop
      vertex -134.081710815 38.976940155 15
      vertex -134.081710815 38.976940155 10
      vertex -133.889556885 38.8119812012 15
    endloop
  endfacet
  facet normal -0.651371598244 0 0.758758842945
    outer loop
      vertex -133.889556885 38.8119812012 15
      vertex -134.081710815 38.976940155 10
      vertex -133.889556885 38.8119812012 10
    endloop
  endfacet
  facet normal -0.724811553955 0 0.688947141171
    outer loop
      vertex -133.889556885 38.8119812012 15
      vertex -133.889556885 38.8119812012 10
      vertex -133.715087891 38.6284294128 15
    endloop
  endfacet
  facet normal -0.724811553955 0 0.688947141171
    outer loop
      vertex -133.715087891 38.6284294128 15
      vertex -133.889556885 38.8119812012 10
      vertex -133.715087891 38.6284294128 10
    endloop
  endfacet
  facet normal -0.790773928165 0 0.612108290195
    outer loop
      vertex -133.715087891 38.6284294128 15
      vertex -133.715087891 38.6284294128 10
      vertex -133.560073853 38.4281692505 15
    endloop
  endfacet
  facet normal -0.790773928165 0 0.612108290195
    outer loop
      vertex -133.560073853 38.4281692505 15
      vertex -133.715087891 38.6284294128 10
      vertex -133.560073853 38.4281692505 10
    endloop
  endfacet
  facet normal -0.848647415638 0 0.528958916664
    outer loop
      vertex -133.560073853 38.4281692505 15
      vertex -133.560073853 38.4281692505 10
      vertex -133.426116943 38.2132530212 15
    endloop
  endfacet
  facet normal -0.848647415638 0 0.528958916664
    outer loop
      vertex -133.426116943 38.2132530212 15
      vertex -133.560073853 38.4281692505 10
      vertex -133.426116943 38.2132530212 10
    endloop
  endfacet
  facet normal -0.897805809975 0 0.440391629934
    outer loop
      vertex -133.426116943 38.2132530212 15
      vertex -133.426116943 38.2132530212 10
      vertex -133.314590454 37.9858894348 15
    endloop
  endfacet
  facet normal -0.897805809975 0 0.440391629934
    outer loop
      vertex -133.314590454 37.9858894348 15
      vertex -133.426116943 38.2132530212 10
      vertex -133.314590454 37.9858894348 10
    endloop
  endfacet
  facet normal -0.937754034996 0 0.347300201654
    outer loop
      vertex -133.314590454 37.9858894348 15
      vertex -133.314590454 37.9858894348 10
      vertex -133.226638794 37.7484092712 15
    endloop
  endfacet
  facet normal -0.937754034996 0 0.347300201654
    outer loop
      vertex -133.226638794 37.7484092712 15
      vertex -133.314590454 37.9858894348 10
      vertex -133.226638794 37.7484092712 10
    endloop
  endfacet
  facet normal -0.968076765537 0 0.250653892756
    outer loop
      vertex -133.226638794 37.7484092712 15
      vertex -133.226638794 37.7484092712 10
      vertex -133.163162231 37.5032463074 15
    endloop
  endfacet
  facet normal -0.968076765537 0 0.250653892756
    outer loop
      vertex -133.163162231 37.5032463074 15
      vertex -133.226638794 37.7484092712 10
      vertex -133.163162231 37.5032463074 10
    endloop
  endfacet
  facet normal -0.98846167326 0 0.151471078396
    outer loop
      vertex -133.163162231 37.5032463074 15
      vertex -133.163162231 37.5032463074 10
      vertex -133.124801636 37.2529220581 15
    endloop
  endfacet
  facet normal -0.98846167326 0 0.151471078396
    outer loop
      vertex -133.124801636 37.2529220581 15
      vertex -133.163162231 37.5032463074 10
      vertex -133.124801636 37.2529220581 10
    endloop
  endfacet
  facet normal -0.998718380928 0 0.0506123155355
    outer loop
      vertex -133.124801636 37.2529220581 15
      vertex -133.124801636 37.2529220581 10
      vertex -133.111984253 37 15
    endloop
  endfacet
  facet normal -0.998718380928 0 0.0506123155355
    outer loop
      vertex -133.111984253 37 15
      vertex -133.124801636 37.2529220581 10
      vertex -133.111984253 37 10
    endloop
  endfacet
  facet normal -0.998718380928 -0 -0.0506123155355
    outer loop
      vertex -133.111984253 37 15
      vertex -133.111984253 37 10
      vertex -133.124801636 36.7470779419 15
    endloop
  endfacet
  facet normal -0.998718380928 -0 -0.0506123155355
    outer loop
      vertex -133.124801636 36.7470779419 15
      vertex -133.111984253 37 10
      vertex -133.124801636 36.7470779419 10
    endloop
  endfacet
  facet normal -0.98846167326 -0 -0.151471078396
    outer loop
      vertex -133.124801636 36.7470779419 15
      vertex -133.124801636 36.7470779419 10
      vertex -133.163162231 36.4967536926 15
    endloop
  endfacet
  facet normal -0.98846167326 -0 -0.151471078396
    outer loop
      vertex -133.163162231 36.4967536926 15
      vertex -133.124801636 36.7470779419 10
      vertex -133.163162231 36.4967536926 10
    endloop
  endfacet
  facet normal -0.96807706356 -0 -0.250652700663
    outer loop
      vertex -133.163162231 36.4967536926 15
      vertex -133.163162231 36.4967536926 10
      vertex -133.226638794 36.2515907288 15
    endloop
  endfacet
  facet normal -0.96807706356 -0 -0.250652700663
    outer loop
      vertex -133.226638794 36.2515907288 15
      vertex -133.163162231 36.4967536926 10
      vertex -133.226638794 36.2515907288 10
    endloop
  endfacet
  facet normal -0.93775343895 -0 -0.34730181098
    outer loop
      vertex -133.226638794 36.2515907288 15
      vertex -133.226638794 36.2515907288 10
      vertex -133.314590454 36.0141105652 15
    endloop
  endfacet
  facet normal -0.93775343895 -0 -0.34730181098
    outer loop
      vertex -133.314590454 36.0141105652 15
      vertex -133.226638794 36.2515907288 10
      vertex -133.314590454 36.0141105652 10
    endloop
  endfacet
  facet normal -0.897805809975 -0 -0.440391629934
    outer loop
      vertex -133.314590454 36.0141105652 15
      vertex -133.314590454 36.0141105652 10
      vertex -133.426116943 35.7867469788 15
    endloop
  endfacet
  facet normal -0.897805809975 -0 -0.440391629934
    outer loop
      vertex -133.426116943 35.7867469788 15
      vertex -133.314590454 36.0141105652 10
      vertex -133.426116943 35.7867469788 10
    endloop
  endfacet
  facet normal -0.848647415638 -0 -0.528958916664
    outer loop
      vertex -133.426116943 35.7867469788 15
      vertex -133.426116943 35.7867469788 10
      vertex -133.560073853 35.5718307495 15
    endloop
  endfacet
  facet normal -0.848647415638 -0 -0.528958916664
    outer loop
      vertex -133.560073853 35.5718307495 15
      vertex -133.426116943 35.7867469788 10
      vertex -133.560073853 35.5718307495 10
    endloop
  endfacet
  facet normal -0.790773928165 -0 -0.612108290195
    outer loop
      vertex -133.560073853 35.5718307495 15
      vertex -133.560073853 35.5718307495 10
      vertex -133.715087891 35.3715705872 15
    endloop
  endfacet
  facet normal -0.790773928165 -0 -0.612108290195
    outer loop
      vertex -133.715087891 35.3715705872 15
      vertex -133.560073853 35.5718307495 10
      vertex -133.715087891 35.3715705872 10
    endloop
  endfacet
  facet normal -0.724811553955 -0 -0.688947141171
    outer loop
      vertex -133.715087891 35.3715705872 15
      vertex -133.715087891 35.3715705872 10
      vertex -133.889556885 35.1880187988 15
    endloop
  endfacet
  facet normal -0.724811553955 -0 -0.688947141171
    outer loop
      vertex -133.889556885 35.1880187988 15
      vertex -133.715087891 35.3715705872 10
      vertex -133.889556885 35.1880187988 10
    endloop
  endfacet
  facet normal -0.651371598244 -0 -0.758758842945
    outer loop
      vertex -133.889556885 35.1880187988 15
      vertex -133.889556885 35.1880187988 10
      vertex -134.081710815 35.023059845 15
    endloop
  endfacet
  facet normal -0.651371598244 -0 -0.758758842945
    outer loop
      vertex -134.081710815 35.023059845 15
      vertex -133.889556885 35.1880187988 10
      vertex -134.081710815 35.023059845 10
    endloop
  endfacet
  facet normal -0.57127225399 -0 -0.820760607719
    outer loop
      vertex -134.081710815 35.023059845 15
      vertex -134.081710815 35.023059845 10
      vertex -134.28956604 34.8783874512 15
    endloop
  endfacet
  facet normal -0.57127225399 -0 -0.820760607719
    outer loop
      vertex -134.28956604 34.8783874512 15
      vertex -134.081710815 35.023059845 10
      vertex -134.28956604 34.8783874512 10
    endloop
  endfacet
  facet normal -0.48527738452 -0 -0.874360263348
    outer loop
      vertex -134.28956604 34.8783874512 15
      vertex -134.28956604 34.8783874512 10
      vertex -134.511001587 34.7554893494 15
    endloop
  endfacet
  facet normal -0.48527738452 -0 -0.874360263348
    outer loop
      vertex -134.511001587 34.7554893494 15
      vertex -134.28956604 34.8783874512 10
      vertex -134.511001587 34.7554893494 10
    endloop
  endfacet
  facet normal -0.39436724782 -0 -0.918952941895
    outer loop
      vertex -134.511001587 34.7554893494 15
      vertex -134.511001587 34.7554893494 10
      vertex -134.743713379 34.655620575 15
    endloop
  endfacet
  facet normal -0.39436724782 -0 -0.918952941895
    outer loop
      vertex -134.743713379 34.655620575 15
      vertex -134.511001587 34.7554893494 10
      vertex -134.743713379 34.655620575 10
    endloop
  endfacet
  facet normal -0.29936221242 -0 -0.954139530659
    outer loop
      vertex -134.743713379 34.655620575 15
      vertex -134.743713379 34.655620575 10
      vertex -134.985351562 34.5798072815 15
    endloop
  endfacet
  facet normal -0.29936221242 -0 -0.954139530659
    outer loop
      vertex -134.985351562 34.5798072815 15
      vertex -134.743713379 34.655620575 10
      vertex -134.985351562 34.5798072815 10
    endloop
  endfacet
  facet normal -0.201302170753 -0 -0.979529201984
    outer loop
      vertex -134.985351562 34.5798072815 15
      vertex -134.985351562 34.5798072815 10
      vertex -135.233413696 34.5288276672 15
    endloop
  endfacet
  facet normal -0.201302170753 -0 -0.979529201984
    outer loop
      vertex -135.233413696 34.5288276672 15
      vertex -134.985351562 34.5798072815 10
      vertex -135.233413696 34.5288276672 10
    endloop
  endfacet
  facet normal -0.101169452071 -0 -0.994869232178
    outer loop
      vertex -135.233413696 34.5288276672 15
      vertex -135.233413696 34.5288276672 10
      vertex -135.485351562 34.5032081604 15
    endloop
  endfacet
  facet normal -0.101169452071 -0 -0.994869232178
    outer loop
      vertex -135.485351562 34.5032081604 15
      vertex -135.233413696 34.5288276672 10
      vertex -135.485351562 34.5032081604 10
    endloop
  endfacet
  facet normal -0 -0 -1
    outer loop
      vertex -135.485351562 34.5032081604 15
      vertex -135.485351562 34.5032081604 10
      vertex -135.738601685 34.5032081604 15
    endloop
  endfacet
  facet normal 0 0 -1
    outer loop
      vertex -135.738601685 34.5032081604 15
      vertex -135.485351562 34.5032081604 10
      vertex -135.738601685 34.5032081604 10
    endloop
  endfacet
  facet normal 0.101162984967 0 -0.994869887829
    outer loop
      vertex -135.738601685 34.5032081604 15
      vertex -135.738601685 34.5032081604 10
      vertex -135.99055481 34.5288276672 15
    endloop
  endfacet
  facet normal 0.101162984967 0 -0.994869887829
    outer loop
      vertex -135.99055481 34.5288276672 15
      vertex -135.738601685 34.5032081604 10
      vertex -135.99055481 34.5288276672 10
    endloop
  endfacet
  facet normal 0.201302170753 0 -0.979529201984
    outer loop
      vertex -135.99055481 34.5288276672 15
      vertex -135.99055481 34.5288276672 10
      vertex -136.238616943 34.5798072815 15
    endloop
  endfacet
  facet normal 0.201302170753 0 -0.979529201984
    outer loop
      vertex -136.238616943 34.5798072815 15
      vertex -135.99055481 34.5288276672 10
      vertex -136.238616943 34.5798072815 10
    endloop
  endfacet
  facet normal 0.299379169941 0 -0.954134225845
    outer loop
      vertex -136.238616943 34.5798072815 15
      vertex -136.238616943 34.5798072815 10
      vertex -136.480239868 34.655620575 15
    endloop
  endfacet
  facet normal 0.299379169941 0 -0.954134225845
    outer loop
      vertex -136.480239868 34.655620575 15
      vertex -136.238616943 34.5798072815 10
      vertex -136.480239868 34.655620575 10
    endloop
  endfacet
  facet normal 0.394345760345 0 -0.91896212101
    outer loop
      vertex -136.480239868 34.655620575 15
      vertex -136.480239868 34.655620575 10
      vertex -136.712966919 34.7554893494 15
    endloop
  endfacet
  facet normal 0.394345760345 0 -0.91896212101
    outer loop
      vertex -136.712966919 34.7554893494 15
      vertex -136.480239868 34.655620575 10
      vertex -136.712966919 34.7554893494 10
    endloop
  endfacet
  facet normal 0.485304653645 0 -0.874345123768
    outer loop
      vertex -136.712966919 34.7554893494 15
      vertex -136.712966919 34.7554893494 10
      vertex -136.934387207 34.8783874512 15
    endloop
  endfacet
  facet normal 0.485304653645 0 -0.874345123768
    outer loop
      vertex -136.934387207 34.8783874512 15
      vertex -136.712966919 34.7554893494 10
      vertex -136.934387207 34.8783874512 10
    endloop
  endfacet
  facet normal 0.571269989014 0 -0.820762217045
    outer loop
      vertex -136.934387207 34.8783874512 15
      vertex -136.934387207 34.8783874512 10
      vertex -137.142242432 35.023059845 15
    endloop
  endfacet
  facet normal 0.571269989014 0 -0.820762217045
    outer loop
      vertex -137.142242432 35.023059845 15
      vertex -136.934387207 34.8783874512 10
      vertex -137.142242432 35.023059845 10
    endloop
  endfacet
  facet normal 0.651374042034 0 -0.758756756783
    outer loop
      vertex -137.142242432 35.023059845 15
      vertex -137.142242432 35.023059845 10
      vertex -137.334396362 35.1880187988 15
    endloop
  endfacet
  facet normal 0.651374042034 0 -0.758756756783
    outer loop
      vertex -137.334396362 35.1880187988 15
      vertex -137.142242432 35.023059845 10
      vertex -137.334396362 35.1880187988 10
    endloop
  endfacet
  facet normal 0.724781990051 0 -0.6889783144
    outer loop
      vertex -137.334396362 35.1880187988 15
      vertex -137.334396362 35.1880187988 10
      vertex -137.508880615 35.3715705872 15
    endloop
  endfacet
  facet normal 0.724781990051 0 -0.6889783144
    outer loop
      vertex -137.508880615 35.3715705872 15
      vertex -137.334396362 35.1880187988 10
      vertex -137.508880615 35.3715705872 10
    endloop
  endfacet
  facet normal 0.790773928165 0 -0.612108290195
    outer loop
      vertex -137.508880615 35.3715705872 15
      vertex -137.508880615 35.3715705872 10
      vertex -137.663894653 35.5718307495 15
    endloop
  endfacet
  facet normal 0.790773928165 0 -0.612108290195
    outer loop
      vertex -137.663894653 35.5718307495 15
      vertex -137.508880615 35.3715705872 10
      vertex -137.663894653 35.5718307495 10
    endloop
  endfacet
  facet normal 0.848645210266 0 -0.528962492943
    outer loop
      vertex -137.663894653 35.5718307495 15
      vertex -137.663894653 35.5718307495 10
      vertex -137.797851562 35.7867469788 15
    endloop
  endfacet
  facet normal 0.848645210266 0 -0.528962492943
    outer loop
      vertex -137.797851562 35.7867469788 15
      vertex -137.663894653 35.5718307495 10
      vertex -137.797851562 35.7867469788 10
    endloop
  endfacet
  facet normal 0.897805809975 0 -0.440391629934
    outer loop
      vertex -137.797851562 35.7867469788 15
      vertex -137.797851562 35.7867469788 10
      vertex -137.909378052 36.0141105652 15
    endloop
  endfacet
  facet normal 0.897805809975 0 -0.440391629934
    outer loop
      vertex -137.909378052 36.0141105652 15
      vertex -137.797851562 35.7867469788 10
      vertex -137.909378052 36.0141105652 10
    endloop
  endfacet
  facet normal 0.93775343895 0 -0.34730181098
    outer loop
      vertex -137.909378052 36.0141105652 15
      vertex -137.909378052 36.0141105652 10
      vertex -137.997329712 36.2515907288 15
    endloop
  endfacet
  facet normal 0.93775343895 0 -0.34730181098
    outer loop
      vertex -137.997329712 36.2515907288 15
      vertex -137.909378052 36.0141105652 10
      vertex -137.997329712 36.2515907288 10
    endloop
  endfacet
  facet normal 0.968078255653 0 -0.250648081303
    outer loop
      vertex -137.997329712 36.2515907288 15
      vertex -137.997329712 36.2515907288 10
      vertex -138.060806274 36.4967536926 15
    endloop
  endfacet
  facet normal 0.968078255653 0 -0.250648081303
    outer loop
      vertex -138.060806274 36.4967536926 15
      vertex -137.997329712 36.2515907288 10
      vertex -138.060806274 36.4967536926 10
    endloop
  endfacet
  facet normal 0.988469839096 0 -0.151417955756
    outer loop
      vertex -138.060806274 36.4967536926 15
      vertex -138.060806274 36.4967536926 10
      vertex -138.099151611 36.7470779419 15
    endloop
  endfacet
  facet normal 0.988469839096 0 -0.151417955756
    outer loop
      vertex -138.099151611 36.7470779419 15
      vertex -138.060806274 36.4967536926 10
      vertex -138.099151611 36.7470779419 10
    endloop
  endfacet
  facet normal 0.998715400696 0 -0.0506714731455
    outer loop
      vertex -138.099151611 36.7470779419 15
      vertex -138.099151611 36.7470779419 10
      vertex -138.111984253 37 15
    endloop
  endfacet
  facet normal 0.998715400696 0 -0.0506714731455
    outer loop
      vertex -138.111984253 37 15
      vertex -138.099151611 36.7470779419 10
      vertex -138.111984253 37 10
    endloop
  endfacet
  facet normal 0.998715400696 0 0.0506714731455
    outer loop
      vertex -138.111984253 37 10
      vertex -138.111984253 37 5
      vertex -138.099151611 37.2529220581 10
    endloop
  endfacet
  facet normal 0.998715400696 0 0.0506714731455
    outer loop
      vertex -138.099151611 37.2529220581 10
      vertex -138.111984253 37 5
      vertex -138.099151611 37.2529220581 5
    endloop
  endfacet
  facet normal 0.988469839096 0 0.151417955756
    outer loop
      vertex -138.099151611 37.2529220581 10
      vertex -138.099151611 37.2529220581 5
      vertex -138.060806274 37.5032463074 10
    endloop
  endfacet
  facet normal 0.988469839096 0 0.151417955756
    outer loop
      vertex -138.060806274 37.5032463074 10
      vertex -138.099151611 37.2529220581 5
      vertex -138.060806274 37.5032463074 5
    endloop
  endfacet
  facet normal 0.96807795763 0 0.250649273396
    outer loop
      vertex -138.060806274 37.5032463074 10
      vertex -138.060806274 37.5032463074 5
      vertex -137.997329712 37.7484092712 10
    endloop
  endfacet
  facet normal 0.96807795763 0 0.250649273396
    outer loop
      vertex -137.997329712 37.7484092712 10
      vertex -138.060806274 37.5032463074 5
      vertex -137.997329712 37.7484092712 5
    endloop
  endfacet
  facet normal 0.937754034996 0 0.347300201654
    outer loop
      vertex -137.997329712 37.7484092712 10
      vertex -137.997329712 37.7484092712 5
      vertex -137.909378052 37.9858894348 10
    endloop
  endfacet
  facet normal 0.937754034996 0 0.347300201654
    outer loop
      vertex -137.909378052 37.9858894348 10
      vertex -137.997329712 37.7484092712 5
      vertex -137.909378052 37.9858894348 5
    endloop
  endfacet
  facet normal 0.897805809975 0 0.440391629934
    outer loop
      vertex -137.909378052 37.9858894348 10
      vertex -137.909378052 37.9858894348 5
      vertex -137.797851562 38.2132530212 10
    endloop
  endfacet
  facet normal 0.897805809975 0 0.440391629934
    outer loop
      vertex -137.797851562 38.2132530212 10
      vertex -137.909378052 37.9858894348 5
      vertex -137.797851562 38.2132530212 5
    endloop
  endfacet
  facet normal 0.848645210266 0 0.528962492943
    outer loop
      vertex -137.797851562 38.2132530212 10
      vertex -137.797851562 38.2132530212 5
      vertex -137.663894653 38.4281692505 10
    endloop
  endfacet
  facet normal 0.848645210266 0 0.528962492943
    outer loop
      vertex -137.663894653 38.4281692505 10
      vertex -137.797851562 38.2132530212 5
      vertex -137.663894653 38.4281692505 5
    endloop
  endfacet
  facet normal 0.790773928165 0 0.612108290195
    outer loop
      vertex -137.663894653 38.4281692505 10
      vertex -137.663894653 38.4281692505 5
      vertex -137.508880615 38.6284294128 10
    endloop
  endfacet
  facet normal 0.790773928165 0 0.612108290195
    outer loop
      vertex -137.508880615 38.6284294128 10
      vertex -137.663894653 38.4281692505 5
      vertex -137.508880615 38.6284294128 5
    endloop
  endfacet
  facet normal 0.724781990051 0 0.6889783144
    outer loop
      vertex -137.508880615 38.6284294128 10
      vertex -137.508880615 38.6284294128 5
      vertex -137.334396362 38.8119812012 10
    endloop
  endfacet
  facet normal 0.724781990051 0 0.6889783144
    outer loop
      vertex -137.334396362 38.8119812012 10
      vertex -137.508880615 38.6284294128 5
      vertex -137.334396362 38.8119812012 5
    endloop
  endfacet
  facet normal 0.651374042034 0 0.758756756783
    outer loop
      vertex -137.334396362 38.8119812012 10
      vertex -137.334396362 38.8119812012 5
      vertex -137.142242432 38.976940155 10
    endloop
  endfacet
  facet normal 0.651374042034 0 0.758756756783
    outer loop
      vertex -137.142242432 38.976940155 10
      vertex -137.334396362 38.8119812012 5
      vertex -137.142242432 38.976940155 5
    endloop
  endfacet
  facet normal 0.571269989014 0 0.820762217045
    outer loop
      vertex -137.142242432 38.976940155 10
      vertex -137.142242432 38.976940155 5
      vertex -136.934387207 39.1216125488 10
    endloop
  endfacet
  facet normal 0.571269989014 0 0.820762217045
    outer loop
      vertex -136.934387207 39.1216125488 10
      vertex -137.142242432 38.976940155 5
      vertex -136.934387207 39.1216125488 5
    endloop
  endfacet
  facet normal 0.48530086875 0 0.87434720993
    outer loop
      vertex -136.934387207 39.1216125488 10
      vertex -136.934387207 39.1216125488 5
      vertex -136.712966919 39.2445106506 10
    endloop
  endfacet
  facet normal 0.48530086875 0 0.87434720993
    outer loop
      vertex -136.712966919 39.2445106506 10
      vertex -136.934387207 39.1216125488 5
      vertex -136.712966919 39.2445106506 5
    endloop
  endfacet
  facet normal 0.394349932671 0 0.91896033287
    outer loop
      vertex -136.712966919 39.2445106506 10
      vertex -136.712966919 39.2445106506 5
      vertex -136.480239868 39.344379425 10
    endloop
  endfacet
  facet normal 0.394349932671 0 0.91896033287
    outer loop
      vertex -136.480239868 39.344379425 10
      vertex -136.712966919 39.2445106506 5
      vertex -136.480239868 39.344379425 5
    endloop
  endfacet
  facet normal 0.29937466979 0 0.954135656357
    outer loop
      vertex -136.480239868 39.344379425 10
      vertex -136.480239868 39.344379425 5
      vertex -136.238616943 39.4201927185 10
    endloop
  endfacet
  facet normal 0.29937466979 0 0.954135656357
    outer loop
      vertex -136.238616943 39.4201927185 10
      vertex -136.480239868 39.344379425 5
      vertex -136.238616943 39.4201927185 5
    endloop
  endfacet
  facet normal 0.201306909323 0 0.979528188705
    outer loop
      vertex -136.238616943 39.4201927185 10
      vertex -136.238616943 39.4201927185 5
      vertex -135.99055481 39.4711723328 10
    endloop
  endfacet
  facet normal 0.201306909323 0 0.979528188705
    outer loop
      vertex -135.99055481 39.4711723328 10
      vertex -136.238616943 39.4201927185 5
      vertex -135.99055481 39.4711723328 5
    endloop
  endfacet
  facet normal 0.101158097386 0 0.994870364666
    outer loop
      vertex -135.99055481 39.4711723328 10
      vertex -135.99055481 39.4711723328 5
      vertex -135.738601685 39.4967918396 10
    endloop
  endfacet
  facet normal 0.101158097386 0 0.994870364666
    outer loop
      vertex -135.738601685 39.4967918396 10
      vertex -135.99055481 39.4711723328 5
      vertex -135.738601685 39.4967918396 5
    endloop
  endfacet
  facet normal -0 0 1
    outer loop
      vertex -135.738601685 39.4967918396 10
      vertex -135.738601685 39.4967918396 5
      vertex -135.485351562 39.4967918396 10
    endloop
  endfacet
  facet normal 0 0 1
    outer loop
      vertex -135.485351562 39.4967918396 10
      vertex -135.738601685 39.4967918396 5
      vertex -135.485351562 39.4967918396 5
    endloop
  endfacet
  facet normal -0.10116456449 0 0.994869709015
    outer loop
      vertex -135.485351562 39.4967918396 10
      vertex -135.485351562 39.4967918396 5
      vertex -135.233413696 39.4711723328 10
    endloop
  endfacet
  facet normal -0.10116456449 0 0.994869709015
    outer loop
      vertex -135.233413696 39.4711723328 10
      vertex -135.485351562 39.4967918396 5
      vertex -135.233413696 39.4711723328 5
    endloop
  endfacet
  facet normal -0.201306909323 0 0.979528188705
    outer loop
      vertex -135.233413696 39.4711723328 10
      vertex -135.233413696 39.4711723328 5
      vertex -134.985351562 39.4201927185 10
    endloop
  endfacet
  facet normal -0.201306909323 0 0.979528188705
    outer loop
      vertex -134.985351562 39.4201927185 10
      vertex -135.233413696 39.4711723328 5
      vertex -134.985351562 39.4201927185 5
    endloop
  endfacet
  facet normal -0.299357712269 0 0.95414096117
    outer loop
      vertex -134.985351562 39.4201927185 10
      vertex -134.985351562 39.4201927185 5
      vertex -134.743713379 39.344379425 10
    endloop
  endfacet
  facet normal -0.299357712269 0 0.95414096117
    outer loop
      vertex -134.743713379 39.344379425 10
      vertex -134.985351562 39.4201927185 5
      vertex -134.743713379 39.344379425 5
    endloop
  endfacet
  facet normal -0.394371420145 0 0.918951153755
    outer loop
      vertex -134.743713379 39.344379425 10
      vertex -134.743713379 39.344379425 5
      vertex -134.511001587 39.2445106506 10
    endloop
  endfacet
  facet normal -0.394371420145 0 0.918951153755
    outer loop
      vertex -134.511001587 39.2445106506 10
      vertex -134.743713379 39.344379425 5
      vertex -134.511001587 39.2445106506 5
    endloop
  endfacet
  facet normal -0.485273599625 0 0.87436234951
    outer loop
      vertex -134.511001587 39.2445106506 10
      vertex -134.511001587 39.2445106506 5
      vertex -134.28956604 39.1216125488 10
    endloop
  endfacet
  facet normal -0.485273599625 0 0.87436234951
    outer loop
      vertex -134.28956604 39.1216125488 10
      vertex -134.511001587 39.2445106506 5
      vertex -134.28956604 39.1216125488 5
    endloop
  endfacet
  facet normal -0.57127225399 0 0.820760607719
    outer loop
      vertex -134.28956604 39.1216125488 10
      vertex -134.28956604 39.1216125488 5
      vertex -134.081710815 38.976940155 10
    endloop
  endfacet
  facet normal -0.57127225399 0 0.820760607719
    outer loop
      vertex -134.081710815 38.976940155 10
      vertex -134.28956604 39.1216125488 5
      vertex -134.081710815 38.976940155 5
    endloop
  endfacet
  facet normal -0.651371598244 0 0.758758842945
    outer loop
      vertex -134.081710815 38.976940155 10
      vertex -134.081710815 38.976940155 5
      vertex -133.889556885 38.8119812012 10
    endloop
  endfacet
  facet normal -0.651371598244 0 0.758758842945
    outer loop
      vertex -133.889556885 38.8119812012 10
      vertex -134.081710815 38.976940155 5
      vertex -133.889556885 38.8119812012 5
    endloop
  endfacet
  facet normal -0.724811553955 0 0.688947141171
    outer loop
      vertex -133.889556885 38.8119812012 10
      vertex -133.889556885 38.8119812012 5
      vertex -133.715087891 38.6284294128 10
    endloop
  endfacet
  facet normal -0.724811553955 0 0.688947141171
    outer loop
      vertex -133.715087891 38.6284294128 10
      vertex -133.889556885 38.8119812012 5
      vertex -133.715087891 38.6284294128 5
    endloop
  endfacet
  facet normal -0.790773928165 0 0.612108290195
    outer loop
      vertex -133.715087891 38.6284294128 10
      vertex -133.715087891 38.6284294128 5
      vertex -133.560073853 38.4281692505 10
    endloop
  endfacet
  facet normal -0.790773928165 0 0.612108290195
    outer loop
      vertex -133.560073853 38.4281692505 10
      vertex -133.715087891 38.6284294128 5
      vertex -133.560073853 38.4281692505 5
    endloop
  endfacet
  facet normal -0.848647415638 0 0.528958916664
    outer loop
      vertex -133.560073853 38.4281692505 10
      vertex -133.560073853 38.4281692505 5
      vertex -133.426116943 38.2132530212 10
    endloop
  endfacet
  facet normal -0.848647415638 0 0.528958916664
    outer loop
      vertex -133.426116943 38.2132530212 10
      vertex -133.560073853 38.4281692505 5
      vertex -133.426116943 38.2132530212 5
    endloop
  endfacet
  facet normal -0.897805809975 0 0.440391629934
    outer loop
      vertex -133.426116943 38.2132530212 10
      vertex -133.426116943 38.2132530212 5
      vertex -133.314590454 37.9858894348 10
    endloop
  endfacet
  facet normal -0.897805809975 0 0.440391629934
    outer loop
      vertex -133.314590454 37.9858894348 10
      vertex -133.426116943 38.2132530212 5
      vertex -133.314590454 37.9858894348 5
    endloop
  endfacet
  facet normal -0.937754034996 0 0.347300201654
    outer loop
      vertex -133.314590454 37.9858894348 10
      vertex -133.314590454 37.9858894348 5
      vertex -133.226638794 37.7484092712 10
    endloop
  endfacet
  facet normal -0.937754034996 0 0.347300201654
    outer loop
      vertex -133.226638794 37.7484092712 10
      vertex -133.314590454 37.9858894348 5
      vertex -133.226638794 37.7484092712 5
    endloop
  endfacet
  facet normal -0.968076765537 0 0.250653892756
    outer loop
      vertex -133.226638794 37.7484092712 10
      vertex -133.226638794 37.7484092712 5
      vertex -133.163162231 37.5032463074 10
    endloop
  endfacet
  facet normal -0.968076765537 0 0.250653892756
    outer loop
      vertex -133.163162231 37.5032463074 10
      vertex -133.226638794 37.7484092712 5
      vertex -133.163162231 37.5032463074 5
    endloop
  endfacet
  facet normal -0.98846167326 0 0.151471078396
    outer loop
      vertex -133.163162231 37.5032463074 10
      vertex -133.163162231 37.5032463074 5
      vertex -133.124801636 37.2529220581 10
    endloop
  endfacet
  facet normal -0.98846167326 0 0.151471078396
    outer loop
      vertex -133.124801636 37.2529220581 10
      vertex -133.163162231 37.5032463074 5
      vertex -133.124801636 37.2529220581 5
    endloop
  endfacet
  facet normal -0.998718380928 0 0.0506123155355
    outer loop
      vertex -133.124801636 37.2529220581 10
      vertex -133.124801636 37.2529220581 5
      vertex -133.111984253 37 10
    endloop
  endfacet
  facet normal -0.998718380928 0 0.0506123155355
    outer loop
      vertex -133.111984253 37 10
      vertex -133.124801636 37.2529220581 5
      vertex -133.111984253 37 5
    endloop
  endfacet
  facet normal -0.998718380928 -0 -0.0506123155355
    outer loop
      vertex -133.111984253 37 10
      vertex -133.111984253 37 5
      vertex -133.124801636 36.7470779419 10
    endloop
  endfacet
  facet normal -0.998718380928 -0 -0.0506123155355
    outer loop
      vertex -133.124801636 36.7470779419 10
      vertex -133.111984253 37 5
      vertex -133.124801636 36.7470779419 5
    endloop
  endfacet
  facet normal -0.98846167326 -0 -0.151471078396
    outer loop
      vertex -133.124801636 36.7470779419 10
      vertex -133.124801636 36.7470779419 5
      vertex -133.163162231 36.4967536926 10
    endloop
  endfacet
  facet normal -0.98846167326 -0 -0.151471078396
    outer loop
      vertex -133.163162231 36.4967536926 10
      vertex -133.124801636 36.7470779419 5
      vertex -133.163162231 36.4967536926 5
    endloop
  endfacet
  facet normal -0.96807706356 -0 -0.250652700663
    outer loop
      vertex -133.163162231 36.4967536926 10
      vertex -133.163162231 36.4967536926 5
      vertex -133.226638794 36.2515907288 10
    endloop
  endfacet
  facet normal -0.96807706356 -0 -0.250652700663
    outer loop
      vertex -133.226638794 36.2515907288 10
      vertex -133.163162231 36.4967536926 5
      vertex -133.226638794 36.2515907288 5
    endloop
  endfacet
  facet normal -0.93775343895 -0 -0.34730181098
    outer loop
      vertex -133.226638794 36.2515907288 10
      vertex -133.226638794 36.2515907288 5
      vertex -133.314590454 36.0141105652 10
    endloop
  endfacet
  facet normal -0.93775343895 -0 -0.34730181098
    outer loop
      vertex -133.314590454 36.0141105652 10
      vertex -133.226638794 36.2515907288 5
      vertex -133.314590454 36.0141105652 5
    endloop
  endfacet
  facet normal -0.897805809975 -0 -0.440391629934
    outer loop
      vertex -133.314590454 36.0141105652 10
      vertex -133.314590454 36.0141105652 5
      vertex -133.426116943 35.7867469788 10
    endloop
  endfacet
  facet normal -0.897805809975 -0 -0.440391629934
    outer loop
      vertex -133.426116943 35.7867469788 10
      vertex -133.314590454 36.0141105652 5
      vertex -133.426116943 35.7867469788 5
    endloop
  endfacet
  facet normal -0.848647415638 -0 -0.528958916664
    outer loop
      vertex -133.426116943 35.7867469788 10
      vertex -133.426116943 35.7867469788 5
      vertex -133.560073853 35.5718307495 10
    endloop
  endfacet
  facet normal -0.848647415638 -0 -0.528958916664
    outer loop
      vertex -133.560073853 35.5718307495 10
      vertex -133.426116943 35.7867469788 5
      vertex -133.560073853 35.5718307495 5
    endloop
  endfacet
  facet normal -0.790773928165 -0 -0.612108290195
    outer loop
      vertex -133.560073853 35.5718307495 10
      vertex -133.560073853 35.5718307495 5
      vertex -133.715087891 35.3715705872 10
    endloop
  endfacet
  facet normal -0.790773928165 -0 -0.612108290195
    outer loop
      vertex -133.715087891 35.3715705872 10
      vertex -133.560073853 35.5718307495 5
      vertex -133.715087891 35.3715705872 5
    endloop
  endfacet
  facet normal -0.724811553955 -0 -0.688947141171
    outer loop
      vertex -133.715087891 35.3715705872 10
      vertex -133.715087891 35.3715705872 5
      vertex -133.889556885 35.1880187988 10
    endloop
  endfacet
  facet normal -0.724811553955 -0 -0.688947141171
    outer loop
      vertex -133.889556885 35.1880187988 10
      vertex -133.715087891 35.3715705872 5
      vertex -133.889556885 35.1880187988 5
    endloop
  endfacet
  facet normal -0.651371598244 -0 -0.758758842945
    outer loop
      vertex -133.889556885 35.1880187988 10
      vertex -133.889556885 35.1880187988 5
      vertex -134.081710815 35.023059845 10
    endloop
  endfacet
  facet normal -0.651371598244 -0 -0.758758842945
    outer loop
      vertex -134.081710815 35.023059845 10
      vertex -133.889556885 35.1880187988 5
      vertex -134.081710815 35.023059845 5
    endloop
  endfacet
  facet normal -0.57127225399 -0 -0.820760607719
    outer loop
      vertex -134.081710815 35.023059845 10
      vertex -134.081710815 35.023059845 5
      vertex -134.28956604 34.8783874512 10
    endloop
  endfacet
  facet normal -0.57127225399 -0 -0.820760607719
    outer loop
      vertex -134.28956604 34.8783874512 10
      vertex -134.081710815 35.023059845 5
      vertex -134.28956604 34.8783874512 5
    endloop
  endfacet
  facet normal -0.48527738452 -0 -0.874360263348
    outer loop
      vertex -134.28956604 34.8783874512 10
      vertex -134.28956604 34.8783874512 5
      vertex -134.511001587 34.7554893494 10
    endloop
  endfacet
  facet normal -0.48527738452 -0 -0.874360263348
    outer loop
      vertex -134.511001587 34.7554893494 10
      vertex -134.28956604 34.8783874512 5
      vertex -134.511001587 34.7554893494 5
    endloop
  endfacet
  facet normal -0.39436724782 -0 -0.918952941895
    outer loop
      vertex -134.511001587 34.7554893494 10
      vertex -134.511001587 34.7554893494 5
      vertex -134.743713379 34.655620575 10
    endloop
  endfacet
  facet normal -0.39436724782 -0 -0.918952941895
    outer loop
      vertex -134.743713379 34.655620575 10
      vertex -134.511001587 34.7554893494 5
      vertex -134.743713379 34.655620575 5
    endloop
  endfacet
  facet normal -0.29936221242 -0 -0.954139530659
    outer loop
      vertex -134.743713379 34.655620575 10
      vertex -134.743713379 34.655620575 5
      vertex -134.985351562 34.5798072815 10
    endloop
  endfacet
  facet normal -0.29936221242 -0 -0.954139530659
    outer loop
      vertex -134.985351562 34.5798072815 10
      vertex -134.743713379 34.655620575 5
      vertex -134.985351562 34.5798072815 5
    endloop
  endfacet
  facet normal -0.201302170753 -0 -0.979529201984
    outer loop
      vertex -134.985351562 34.5798072815 10
      vertex -134.985351562 34.5798072815 5
      vertex -135.233413696 34.5288276672 10
    endloop
  endfacet
  facet normal -0.201302170753 -0 -0.979529201984
    outer loop
      vertex -135.233413696 34.5288276672 10
      vertex -134.985351562 34.5798072815 5
      vertex -135.233413696 34.5288276672 5
    endloop
  endfacet
  facet normal -0.101169452071 -0 -0.994869232178
    outer loop
      vertex -135.233413696 34.5288276672 10
      vertex -135.233413696 34.5288276672 5
      vertex -135.485351562 34.5032081604 10
    endloop
  endfacet
  facet normal -0.101169452071 -0 -0.994869232178
    outer loop
      vertex -135.485351562 34.5032081604 10
      vertex -135.233413696 34.5288276672 5
      vertex -135.485351562 34.5032081604 5
    endloop
  endfacet
  facet normal -0 -0 -1
    outer loop
      vertex -135.485351562 34.5032081604 10
      vertex -135.485351562 34.5032081604 5
      vertex -135.738601685 34.5032081604 10
    endloop
  endfacet
  facet normal 0 0 -1
    outer loop
      vertex -135.738601685 34.5032081604 10
      vertex -135.485351562 34.5032081604 5
      vertex -135.738601685 34.5032081604 5
    endloop
  endfacet
  facet normal 0.101162984967 0 -0.994869887829
    outer loop
      vertex -135.738601685 34.5032081604 10
      vertex -135.738601685 34.5032081604 5
      vertex -135.99055481 34.5288276672 10
    endloop
  endfacet
  facet normal 0.101162984967 0 -0.994869887829
    outer loop
      vertex -135.99055481 34.5288276672 10
      vertex -135.738601685 34.5032081604 5
      vertex -135.99055481 34.5288276672 5
    endloop
  endfacet
  facet normal 0.201302170753 0 -0.979529201984
    outer loop
      vertex -135.99055481 34.5288276672 10
      vertex -135.99055481 34.5288276672 5
      vertex -136.238616943 34.5798072815 10
    endloop
  endfacet
  facet normal 0.201302170753 0 -0.979529201984
    outer loop
      vertex -136.238616943 34.5798072815 10
      vertex -135.99055481 34.5288276672 5
      vertex -136.238616943 34.5798072815 5
    endloop
  endfacet
  facet normal 0.299379169941 0 -0.954134225845
    outer loop
      vertex -136.238616943 34.5798072815 10
      vertex -136.238616943 34.5798072815 5
      vertex -136.480239868 34.655620575 10
    endloop
  endfacet
  facet normal 0.299379169941 0 -0.954134225845
    outer loop
      vertex -136.480239868 34.655620575 10
      vertex -136.238616943 34.5798072815 5
      vertex -136.480239868 34.655620575 5
    endloop
  endfacet
  facet normal 0.394345760345 0 -0.91896212101
    outer loop
      vertex -136.480239868 34.655620575 10
      vertex -136.480239868 34.655620575 5
      vertex -136.712966919 34.7554893494 10
    endloop
  endfacet
  facet normal 0.394345760345 0 -0.91896212101
    outer loop
      vertex -136.712966919 34.7554893494 10
      vertex -136.480239868 34.655620575 5
      vertex -136.712966919 34.7554893494 5
    endloop
  endfacet
  facet normal 0.485304653645 0 -0.874345123768
    outer loop
      vertex -136.712966919 34.7554893494 10
      vertex -136.712966919 34.7554893494 5
      vertex -136.934387207 34.8783874512 10
    endloop
  endfacet
  facet normal 0.485304653645 0 -0.874345123768
    outer loop
      vertex -136.934387207 34.8783874512 10
      vertex -136.712966919 34.7554893494 5
      vertex -136.934387207 34.8783874512 5
    endloop
  endfacet
  facet normal 0.571269989014 0 -0.820762217045
    outer loop
      vertex -136.934387207 34.8783874512 10
      vertex -136.934387207 34.8783874512 5
      vertex -137.142242432 35.023059845 10
    endloop
  endfacet
  facet normal 0.571269989014 0 -0.820762217045
    outer loop
      vertex -137.142242432 35.023059845 10
      vertex -136.934387207 34.8783874512 5
      vertex -137.142242432 35.023059845 5
    endloop
  endfacet
  facet normal 0.651374042034 0 -0.758756756783
    outer loop
      vertex -137.142242432 35.023059845 10
      vertex -137.142242432 35.023059845 5
      vertex -137.334396362 35.1880187988 10
    endloop
  endfacet
  facet normal 0.651374042034 0 -0.758756756783
    outer loop
      vertex -137.334396362 35.1880187988 10
      vertex -137.142242432 35.023059845 5
      vertex -137.334396362 35.1880187988 5
    endloop
  endfacet
  facet normal 0.724781990051 0 -0.6889783144
    outer loop
      vertex -137.334396362 35.1880187988 10
      vertex -137.334396362 35.1880187988 5
      vertex -137.508880615 35.3715705872 10
    endloop
  endfacet
  facet normal 0.724781990051 0 -0.6889783144
    outer loop
      vertex -137.508880615 35.3715705872 10
      vertex -137.334396362 35.1880187988 5
      vertex -137.508880615 35.3715705872 5
    endloop
  endfacet
  facet normal 0.790773928165 0 -0.612108290195
    outer loop
      vertex -137.508880615 35.3715705872 10
      vertex -137.508880615 35.3715705872 5
      vertex -137.663894653 35.5718307495 10
    endloop
  endfacet
  facet normal 0.790773928165 0 -0.612108290195
    outer loop
      vertex -137.663894653 35.5718307495 10
      vertex -137.508880615 35.3715705872 5
      vertex -137.663894653 35.5718307495 5
    endloop
  endfacet
  facet normal 0.848645210266 0 -0.528962492943
    outer loop
      vertex -137.663894653 35.5718307495 10
      vertex -137.663894653 35.5718307495 5
      vertex -137.797851562 35.7867469788 10
    endloop
  endfacet
  facet normal 0.848645210266 0 -0.528962492943
    outer loop
      vertex -137.797851562 35.7867469788 10
      vertex -137.663894653 35.5718307495 5
      vertex -137.797851562 35.7867469788 5
    endloop
  endfacet
  facet normal 0.897805809975 0 -0.440391629934
    outer loop
      vertex -137.797851562 35.7867469788 10
      vertex -137.797851562 35.7867469788 5
      vertex -137.909378052 36.0141105652 10
    endloop
  endfacet
  facet normal 0.897805809975 0 -0.440391629934
    outer loop
      vertex -137.909378052 36.0141105652 10
      vertex -137.797851562 35.7867469788 5
      vertex -137.909378052 36.0141105652 5
    endloop
  endfacet
  facet normal 0.93775343895 0 -0.34730181098
    outer loop
      vertex -137.909378052 36.0141105652 10
      vertex -137.909378052 36.0141105652 5
      vertex -137.997329712 36.2515907288 10
    endloop
  endfacet
  facet normal 0.93775343895 0 -0.34730181098
    outer loop
      vertex -137.997329712 36.2515907288 10
      vertex -137.909378052 36.0141105652 5
      vertex -137.997329712 36.2515907288 5
    endloop
  endfacet
  facet normal 0.968078255653 0 -0.250648081303
    outer loop
      vertex -137.997329712 36.2515907288 10
      vertex -137.997329712 36.2515907288 5
      vertex -138.060806274 36.4967536926 10
    endloop
  endfacet
  facet normal 0.968078255653 0 -0.250648081303
    outer loop
      vertex -138.060806274 36.4967536926 10
      vertex -137.997329712 36.2515907288 5
      vertex -138.060806274 36.4967536926 5
    endloop
  endfacet
  facet normal 0.988469839096 0 -0.151417955756
    outer loop
      vertex -138.060806274 36.4967536926 10
      vertex -138.060806274 36.4967536926 5
      vertex -138.099151611 36.7470779419 10
    endloop
  endfacet
  facet normal 0.988469839096 0 -0.151417955756
    outer loop
      vertex -138.099151611 36.7470779419 10
      vertex -138.060806274 36.4967536926 5
      vertex -138.099151611 36.7470779419 5
    endloop
  endfacet
  facet normal 0.998715400696 0 -0.0506714731455
    outer loop
      vertex -138.099151611 36.7470779419 10
      vertex -138.099151611 36.7470779419 5
      vertex -138.111984253 37 10
    endloop
  endfacet
  facet normal 0.998715400696 0 -0.0506714731455
    outer loop
      vertex -138.111984253 37 10
      vertex -138.099151611 36.7470779419 5
      vertex -138.111984253 37 5
    endloop
  endfacet
  facet normal 0.998715400696 0 -0.0506714731455
    outer loop
      vertex -170.099151611 36.7470779419 25
      vertex -170.099151611 36.7470779419 20
      vertex -170.111984253 37 25
    endloop
  endfacet
  facet normal 0.998715400696 0 -0.0506714731455
    outer loop
      vertex -170.111984253 37 25
      vertex -170.099151611 36.7470779419 20
      vertex -170.111984253 37 20
    endloop
  endfacet
  facet normal 0.998715400696 0 0.0506714731455
    outer loop
      vertex -170.111984253 37 25
      vertex -170.111984253 37 20
      vertex -170.099151611 37.2529220581 25
    endloop
  endfacet
  facet normal 0.998715400696 0 0.0506714731455
    outer loop
      vertex -170.099151611 37.2529220581 25
      vertex -170.111984253 37 20
      vertex -170.099151611 37.2529220581 20
    endloop
  endfacet
  facet normal 0.988470554352 0 0.15141312778
    outer loop
      vertex -170.099151611 37.2529220581 25
      vertex -170.099151611 37.2529220581 20
      vertex -170.060806274 37.5032463074 25
    endloop
  endfacet
  facet normal 0.988470554352 0 0.15141312778
    outer loop
      vertex -170.060806274 37.5032463074 25
      vertex -170.099151611 37.2529220581 20
      vertex -170.060806274 37.5032463074 20
    endloop
  endfacet
  facet normal 0.968076765537 0 0.250653892756
    outer loop
      vertex -170.060806274 37.5032463074 25
      vertex -170.060806274 37.5032463074 20
      vertex -169.997329712 37.7484092712 25
    endloop
  endfacet
  facet normal 0.968076765537 0 0.250653892756
    outer loop
      vertex -169.997329712 37.7484092712 25
      vertex -170.060806274 37.5032463074 20
      vertex -169.997329712 37.7484092712 20
    endloop
  endfacet
  facet normal 0.937754034996 0 0.347300201654
    outer loop
      vertex -169.997329712 37.7484092712 25
      vertex -169.997329712 37.7484092712 20
      vertex -169.909378052 37.9858894348 25
    endloop
  endfacet
  facet normal 0.937754034996 0 0.347300201654
    outer loop
      vertex -169.909378052 37.9858894348 25
      vertex -169.997329712 37.7484092712 20
      vertex -169.909378052 37.9858894348 20
    endloop
  endfacet
  facet normal 0.897805809975 0 0.440391629934
    outer loop
      vertex -169.909378052 37.9858894348 25
      vertex -169.909378052 37.9858894348 20
      vertex -169.797851562 38.2132530212 25
    endloop
  endfacet
  facet normal 0.897805809975 0 0.440391629934
    outer loop
      vertex -169.797851562 38.2132530212 25
      vertex -169.909378052 37.9858894348 20
      vertex -169.797851562 38.2132530212 20
    endloop
  endfacet
  facet normal 0.848647415638 0 0.528958916664
    outer loop
      vertex -169.797851562 38.2132530212 25
      vertex -169.797851562 38.2132530212 20
      vertex -169.663894653 38.4281692505 25
    endloop
  endfacet
  facet normal 0.848647415638 0 0.528958916664
    outer loop
      vertex -169.663894653 38.4281692505 25
      vertex -169.797851562 38.2132530212 20
      vertex -169.663894653 38.4281692505 20
    endloop
  endfacet
  facet normal 0.790773928165 0 0.612108290195
    outer loop
      vertex -169.663894653 38.4281692505 25
      vertex -169.663894653 38.4281692505 20
      vertex -169.508880615 38.6284294128 25
    endloop
  endfacet
  facet normal 0.790773928165 0 0.612108290195
    outer loop
      vertex -169.508880615 38.6284294128 25
      vertex -169.663894653 38.4281692505 20
      vertex -169.508880615 38.6284294128 20
    endloop
  endfacet
  facet normal 0.724781990051 0 0.6889783144
    outer loop
      vertex -169.508880615 38.6284294128 25
      vertex -169.508880615 38.6284294128 20
      vertex -169.334396362 38.8119812012 25
    endloop
  endfacet
  facet normal 0.724781990051 0 0.6889783144
    outer loop
      vertex -169.334396362 38.8119812012 25
      vertex -169.508880615 38.6284294128 20
      vertex -169.334396362 38.8119812012 20
    endloop
  endfacet
  facet normal 0.651371598244 0 0.758758842945
    outer loop
      vertex -169.334396362 38.8119812012 25
      vertex -169.334396362 38.8119812012 20
      vertex -169.142242432 38.976940155 25
    endloop
  endfacet
  facet normal 0.651371598244 0 0.758758842945
    outer loop
      vertex -169.142242432 38.976940155 25
      vertex -169.334396362 38.8119812012 20
      vertex -169.142242432 38.976940155 20
    endloop
  endfacet
  facet normal 0.571269989014 0 0.820762217045
    outer loop
      vertex -169.142242432 38.976940155 25
      vertex -169.142242432 38.976940155 20
      vertex -168.934387207 39.1216125488 25
    endloop
  endfacet
  facet normal 0.571269989014 0 0.820762217045
    outer loop
      vertex -168.934387207 39.1216125488 25
      vertex -169.142242432 38.976940155 20
      vertex -168.934387207 39.1216125488 20
    endloop
  endfacet
  facet normal 0.48530086875 0 0.87434720993
    outer loop
      vertex -168.934387207 39.1216125488 25
      vertex -168.934387207 39.1216125488 20
      vertex -168.712966919 39.2445106506 25
    endloop
  endfacet
  facet normal 0.48530086875 0 0.87434720993
    outer loop
      vertex -168.712966919 39.2445106506 25
      vertex -168.934387207 39.1216125488 20
      vertex -168.712966919 39.2445106506 20
    endloop
  endfacet
  facet normal 0.394349932671 0 0.91896033287
    outer loop
      vertex -168.712966919 39.2445106506 25
      vertex -168.712966919 39.2445106506 20
      vertex -168.480239868 39.344379425 25
    endloop
  endfacet
  facet normal 0.394349932671 0 0.91896033287
    outer loop
      vertex -168.480239868 39.344379425 25
      vertex -168.712966919 39.2445106506 20
      vertex -168.480239868 39.344379425 20
    endloop
  endfacet
  facet normal 0.29937466979 0 0.954135656357
    outer loop
      vertex -168.480239868 39.344379425 25
      vertex -168.480239868 39.344379425 20
      vertex -168.238616943 39.4201927185 25
    endloop
  endfacet
  facet normal 0.29937466979 0 0.954135656357
    outer loop
      vertex -168.238616943 39.4201927185 25
      vertex -168.480239868 39.344379425 20
      vertex -168.238616943 39.4201927185 20
    endloop
  endfacet
  facet normal 0.201306909323 0 0.979528188705
    outer loop
      vertex -168.238616943 39.4201927185 25
      vertex -168.238616943 39.4201927185 20
      vertex -167.99055481 39.4711723328 25
    endloop
  endfacet
  facet normal 0.201306909323 0 0.979528188705
    outer loop
      vertex -167.99055481 39.4711723328 25
      vertex -168.238616943 39.4201927185 20
      vertex -167.99055481 39.4711723328 20
    endloop
  endfacet
  facet normal 0.101158097386 0 0.994870364666
    outer loop
      vertex -167.99055481 39.4711723328 25
      vertex -167.99055481 39.4711723328 20
      vertex -167.738601685 39.4967918396 25
    endloop
  endfacet
  facet normal 0.101158097386 0 0.994870364666
    outer loop
      vertex -167.738601685 39.4967918396 25
      vertex -167.99055481 39.4711723328 20
      vertex -167.738601685 39.4967918396 20
    endloop
  endfacet
  facet normal -0 0 1
    outer loop
      vertex -167.738601685 39.4967918396 25
      vertex -167.738601685 39.4967918396 20
      vertex -167.485351562 39.4967918396 25
    endloop
  endfacet
  facet normal 0 0 1
    outer loop
      vertex -167.485351562 39.4967918396 25
      vertex -167.738601685 39.4967918396 20
      vertex -167.485351562 39.4967918396 20
    endloop
  endfacet
  facet normal -0.101164065301 0 0.99486976862
    outer loop
      vertex -167.485351562 39.4967918396 25
      vertex -167.485351562 39.4967918396 20
      vertex -167.233413696 39.4711723328 25
    endloop
  endfacet
  facet normal -0.101164065301 0 0.99486976862
    outer loop
      vertex -167.233413696 39.4711723328 25
      vertex -167.485351562 39.4967918396 20
      vertex -167.233413696 39.4711723328 20
    endloop
  endfacet
  facet normal -0.201306909323 0 0.979528188705
    outer loop
      vertex -167.233413696 39.4711723328 25
      vertex -167.233413696 39.4711723328 20
      vertex -166.985351562 39.4201927185 25
    endloop
  endfacet
  facet normal -0.201306909323 0 0.979528188705
    outer loop
      vertex -166.985351562 39.4201927185 25
      vertex -167.233413696 39.4711723328 20
      vertex -166.985351562 39.4201927185 20
    endloop
  endfacet
  facet normal -0.299357712269 0 0.95414096117
    outer loop
      vertex -166.985351562 39.4201927185 25
      vertex -166.985351562 39.4201927185 20
      vertex -166.743713379 39.344379425 25
    endloop
  endfacet
  facet normal -0.299357712269 0 0.95414096117
    outer loop
      vertex -166.743713379 39.344379425 25
      vertex -166.985351562 39.4201927185 20
      vertex -166.743713379 39.344379425 20
    endloop
  endfacet
  facet normal -0.394371420145 0 0.918951153755
    outer loop
      vertex -166.743713379 39.344379425 25
      vertex -166.743713379 39.344379425 20
      vertex -166.511001587 39.2445106506 25
    endloop
  endfacet
  facet normal -0.394371420145 0 0.918951153755
    outer loop
      vertex -166.511001587 39.2445106506 25
      vertex -166.743713379 39.344379425 20
      vertex -166.511001587 39.2445106506 20
    endloop
  endfacet
  facet normal -0.485275685787 0 0.874361217022
    outer loop
      vertex -166.511001587 39.2445106506 25
      vertex -166.511001587 39.2445106506 20
      vertex -166.28956604 39.1216125488 25
    endloop
  endfacet
  facet normal -0.485275685787 0 0.874361217022
    outer loop
      vertex -166.28956604 39.1216125488 25
      vertex -166.511001587 39.2445106506 20
      vertex -166.28956604 39.1216125488 20
    endloop
  endfacet
  facet normal -0.571269989014 0 0.820762217045
    outer loop
      vertex -166.28956604 39.1216125488 25
      vertex -166.28956604 39.1216125488 20
      vertex -166.081710815 38.976940155 25
    endloop
  endfacet
  facet normal -0.571269989014 0 0.820762217045
    outer loop
      vertex -166.081710815 38.976940155 25
      vertex -166.28956604 39.1216125488 20
      vertex -166.081710815 38.976940155 20
    endloop
  endfacet
  facet normal -0.651374042034 0 0.758756756783
    outer loop
      vertex -166.081710815 38.976940155 25
      vertex -166.081710815 38.976940155 20
      vertex -165.889556885 38.8119812012 25
    endloop
  endfacet
  facet normal -0.651374042034 0 0.758756756783
    outer loop
      vertex -165.889556885 38.8119812012 25
      vertex -166.081710815 38.976940155 20
      vertex -165.889556885 38.8119812012 20
    endloop
  endfacet
  facet normal -0.724811553955 0 0.688947141171
    outer loop
      vertex -165.889556885 38.8119812012 25
      vertex -165.889556885 38.8119812012 20
      vertex -165.715087891 38.6284294128 25
    endloop
  endfacet
  facet normal -0.724811553955 0 0.688947141171
    outer loop
      vertex -165.715087891 38.6284294128 25
      vertex -165.889556885 38.8119812012 20
      vertex -165.715087891 38.6284294128 20
    endloop
  endfacet
  facet normal -0.790773928165 0 0.612108290195
    outer loop
      vertex -165.715087891 38.6284294128 25
      vertex -165.715087891 38.6284294128 20
      vertex -165.560073853 38.4281692505 25
    endloop
  endfacet
  facet normal -0.790773928165 0 0.612108290195
    outer loop
      vertex -165.560073853 38.4281692505 25
      vertex -165.715087891 38.6284294128 20
      vertex -165.560073853 38.4281692505 20
    endloop
  endfacet
  facet normal -0.848645210266 0 0.528962492943
    outer loop
      vertex -165.560073853 38.4281692505 25
      vertex -165.560073853 38.4281692505 20
      vertex -165.426116943 38.2132530212 25
    endloop
  endfacet
  facet normal -0.848645210266 0 0.528962492943
    outer loop
      vertex -165.426116943 38.2132530212 25
      vertex -165.560073853 38.4281692505 20
      vertex -165.426116943 38.2132530212 20
    endloop
  endfacet
  facet normal -0.897805809975 0 0.440391629934
    outer loop
      vertex -165.426116943 38.2132530212 25
      vertex -165.426116943 38.2132530212 20
      vertex -165.314590454 37.9858894348 25
    endloop
  endfacet
  facet normal -0.897805809975 0 0.440391629934
    outer loop
      vertex -165.314590454 37.9858894348 25
      vertex -165.426116943 38.2132530212 20
      vertex -165.314590454 37.9858894348 20
    endloop
  endfacet
  facet normal -0.937754034996 0 0.347300201654
    outer loop
      vertex -165.314590454 37.9858894348 25
      vertex -165.314590454 37.9858894348 20
      vertex -165.226638794 37.7484092712 25
    endloop
  endfacet
  facet normal -0.937754034996 0 0.347300201654
    outer loop
      vertex -165.226638794 37.7484092712 25
      vertex -165.314590454 37.9858894348 20
      vertex -165.226638794 37.7484092712 20
    endloop
  endfacet
  facet normal -0.96807795763 0 0.250649273396
    outer loop
      vertex -165.226638794 37.7484092712 25
      vertex -165.226638794 37.7484092712 20
      vertex -165.163162231 37.5032463074 25
    endloop
  endfacet
  facet normal -0.96807795763 0 0.250649273396
    outer loop
      vertex -165.163162231 37.5032463074 25
      vertex -165.226638794 37.7484092712 20
      vertex -165.163162231 37.5032463074 20
    endloop
  endfacet
  facet normal -0.988460958004 0 0.151475906372
    outer loop
      vertex -165.163162231 37.5032463074 25
      vertex -165.163162231 37.5032463074 20
      vertex -165.124801636 37.2529220581 25
    endloop
  endfacet
  facet normal -0.988460958004 0 0.151475906372
    outer loop
      vertex -165.124801636 37.2529220581 25
      vertex -165.163162231 37.5032463074 20
      vertex -165.124801636 37.2529220581 20
    endloop
  endfacet
  facet normal -0.998718380928 0 0.0506123155355
    outer loop
      vertex -165.124801636 37.2529220581 25
      vertex -165.124801636 37.2529220581 20
      vertex -165.111984253 37 25
    endloop
  endfacet
  facet normal -0.998718380928 0 0.0506123155355
    outer loop
      vertex -165.111984253 37 25
      vertex -165.124801636 37.2529220581 20
      vertex -165.111984253 37 20
    endloop
  endfacet
  facet normal -0.998718380928 -0 -0.0506123155355
    outer loop
      vertex -165.111984253 37 25
      vertex -165.111984253 37 20
      vertex -165.124801636 36.7470779419 25
    endloop
  endfacet
  facet normal -0.998718380928 -0 -0.0506123155355
    outer loop
      vertex -165.124801636 36.7470779419 25
      vertex -165.111984253 37 20
      vertex -165.124801636 36.7470779419 20
    endloop
  endfacet
  facet normal -0.988460958004 -0 -0.151475906372
    outer loop
      vertex -165.124801636 36.7470779419 25
      vertex -165.124801636 36.7470779419 20
      vertex -165.163162231 36.4967536926 25
    endloop
  endfacet
  facet normal -0.988460958004 -0 -0.151475906372
    outer loop
      vertex -165.163162231 36.4967536926 25
      vertex -165.124801636 36.7470779419 20
      vertex -165.163162231 36.4967536926 20
    endloop
  endfacet
  facet normal -0.968078255653 -0 -0.250648081303
    outer loop
      vertex -165.163162231 36.4967536926 25
      vertex -165.163162231 36.4967536926 20
      vertex -165.226638794 36.2515907288 25
    endloop
  endfacet
  facet normal -0.968078255653 -0 -0.250648081303
    outer loop
      vertex -165.226638794 36.2515907288 25
      vertex -165.163162231 36.4967536926 20
      vertex -165.226638794 36.2515907288 20
    endloop
  endfacet
  facet normal -0.93775343895 -0 -0.34730181098
    outer loop
      vertex -165.226638794 36.2515907288 25
      vertex -165.226638794 36.2515907288 20
      vertex -165.314590454 36.0141105652 25
    endloop
  endfacet
  facet normal -0.93775343895 -0 -0.34730181098
    outer loop
      vertex -165.314590454 36.0141105652 25
      vertex -165.226638794 36.2515907288 20
      vertex -165.314590454 36.0141105652 20
    endloop
  endfacet
  facet normal -0.897805809975 -0 -0.440391629934
    outer loop
      vertex -165.314590454 36.0141105652 25
      vertex -165.314590454 36.0141105652 20
      vertex -165.426116943 35.7867469788 25
    endloop
  endfacet
  facet normal -0.897805809975 -0 -0.440391629934
    outer loop
      vertex -165.426116943 35.7867469788 25
      vertex -165.314590454 36.0141105652 20
      vertex -165.426116943 35.7867469788 20
    endloop
  endfacet
  facet normal -0.848645210266 -0 -0.528962492943
    outer loop
      vertex -165.426116943 35.7867469788 25
      vertex -165.426116943 35.7867469788 20
      vertex -165.560073853 35.5718307495 25
    endloop
  endfacet
  facet normal -0.848645210266 -0 -0.528962492943
    outer loop
      vertex -165.560073853 35.5718307495 25
      vertex -165.426116943 35.7867469788 20
      vertex -165.560073853 35.5718307495 20
    endloop
  endfacet
  facet normal -0.790773928165 -0 -0.612108290195
    outer loop
      vertex -165.560073853 35.5718307495 25
      vertex -165.560073853 35.5718307495 20
      vertex -165.715087891 35.3715705872 25
    endloop
  endfacet
  facet normal -0.790773928165 -0 -0.612108290195
    outer loop
      vertex -165.715087891 35.3715705872 25
      vertex -165.560073853 35.5718307495 20
      vertex -165.715087891 35.3715705872 20
    endloop
  endfacet
  facet normal -0.724811553955 -0 -0.688947141171
    outer loop
      vertex -165.715087891 35.3715705872 25
      vertex -165.715087891 35.3715705872 20
      vertex -165.889556885 35.1880187988 25
    endloop
  endfacet
  facet normal -0.724811553955 -0 -0.688947141171
    outer loop
      vertex -165.889556885 35.1880187988 25
      vertex -165.715087891 35.3715705872 20
      vertex -165.889556885 35.1880187988 20
    endloop
  endfacet
  facet normal -0.651374042034 -0 -0.758756756783
    outer loop
      vertex -165.889556885 35.1880187988 25
      vertex -165.889556885 35.1880187988 20
      vertex -166.081710815 35.023059845 25
    endloop
  endfacet
  facet normal -0.651374042034 -0 -0.758756756783
    outer loop
      vertex -166.081710815 35.023059845 25
      vertex -165.889556885 35.1880187988 20
      vertex -166.081710815 35.023059845 20
    endloop
  endfacet
  facet normal -0.571269989014 -0 -0.820762217045
    outer loop
      vertex -166.081710815 35.023059845 25
      vertex -166.081710815 35.023059845 20
      vertex -166.28956604 34.8783874512 25
    endloop
  endfacet
  facet normal -0.571269989014 -0 -0.820762217045
    outer loop
      vertex -166.28956604 34.8783874512 25
      vertex -166.081710815 35.023059845 20
      vertex -166.28956604 34.8783874512 20
    endloop
  endfacet
  facet normal -0.485279470682 -0 -0.874359071255
    outer loop
      vertex -166.28956604 34.8783874512 25
      vertex -166.28956604 34.8783874512 20
      vertex -166.511001587 34.7554893494 25
    endloop
  endfacet
  facet normal -0.485279470682 -0 -0.874359071255
    outer loop
      vertex -166.511001587 34.7554893494 25
      vertex -166.28956604 34.8783874512 20
      vertex -166.511001587 34.7554893494 20
    endloop
  endfacet
  facet normal -0.39436724782 -0 -0.918952941895
    outer loop
      vertex -166.511001587 34.7554893494 25
      vertex -166.511001587 34.7554893494 20
      vertex -166.743713379 34.655620575 25
    endloop
  endfacet
  facet normal -0.39436724782 -0 -0.918952941895
    outer loop
      vertex -166.743713379 34.655620575 25
      vertex -166.511001587 34.7554893494 20
      vertex -166.743713379 34.655620575 20
    endloop
  endfacet
  facet normal -0.29936221242 -0 -0.954139530659
    outer loop
      vertex -166.743713379 34.655620575 25
      vertex -166.743713379 34.655620575 20
      vertex -166.985351562 34.5798072815 25
    endloop
  endfacet
  facet normal -0.29936221242 -0 -0.954139530659
    outer loop
      vertex -166.985351562 34.5798072815 25
      vertex -166.743713379 34.655620575 20
      vertex -166.985351562 34.5798072815 20
    endloop
  endfacet
  facet normal -0.201302170753 -0 -0.979529201984
    outer loop
      vertex -166.985351562 34.5798072815 25
      vertex -166.985351562 34.5798072815 20
      vertex -167.233413696 34.5288276672 25
    endloop
  endfacet
  facet normal -0.201302170753 -0 -0.979529201984
    outer loop
      vertex -167.233413696 34.5288276672 25
      vertex -166.985351562 34.5798072815 20
      vertex -167.233413696 34.5288276672 20
    endloop
  endfacet
  facet normal -0.101168952882 -0 -0.994869232178
    outer loop
      vertex -167.233413696 34.5288276672 25
      vertex -167.233413696 34.5288276672 20
      vertex -167.485351562 34.5032081604 25
    endloop
  endfacet
  facet normal -0.101168952882 -0 -0.994869232178
    outer loop
      vertex -167.485351562 34.5032081604 25
      vertex -167.233413696 34.5288276672 20
      vertex -167.485351562 34.5032081604 20
    endloop
  endfacet
  facet normal -0 -0 -1
    outer loop
      vertex -167.485351562 34.5032081604 25
      vertex -167.485351562 34.5032081604 20
      vertex -167.738601685 34.5032081604 25
    endloop
  endfacet
  facet normal 0 0 -1
    outer loop
      vertex -167.738601685 34.5032081604 25
      vertex -167.485351562 34.5032081604 20
      vertex -167.738601685 34.5032081604 20
    endloop
  endfacet
  facet normal 0.101162984967 0 -0.994869887829
    outer loop
      vertex -167.738601685 34.5032081604 25
      vertex -167.738601685 34.5032081604 20
      vertex -167.99055481 34.5288276672 25
    endloop
  endfacet
  facet normal 0.101162984967 0 -0.994869887829
    outer loop
      vertex -167.99055481 34.5288276672 25
      vertex -167.738601685 34.5032081604 20
      vertex -167.99055481 34.5288276672 20
    endloop
  endfacet
  facet normal 0.201302170753 0 -0.979529201984
    outer loop
      vertex -167.99055481 34.5288276672 25
      vertex -167.99055481 34.5288276672 20
      vertex -168.238616943 34.5798072815 25
    endloop
  endfacet
  facet normal 0.201302170753 0 -0.979529201984
    outer loop
      vertex -168.238616943 34.5798072815 25
      vertex -167.99055481 34.5288276672 20
      vertex -168.238616943 34.5798072815 20
    endloop
  endfacet
  facet normal 0.299379169941 0 -0.954134225845
    outer loop
      vertex -168.238616943 34.5798072815 25
      vertex -168.238616943 34.5798072815 20
      vertex -168.480239868 34.655620575 25
    endloop
  endfacet
  facet normal 0.299379169941 0 -0.954134225845
    outer loop
      vertex -168.480239868 34.655620575 25
      vertex -168.238616943 34.5798072815 20
      vertex -168.480239868 34.655620575 20
    endloop
  endfacet
  facet normal 0.394345760345 0 -0.91896212101
    outer loop
      vertex -168.480239868 34.655620575 25
      vertex -168.480239868 34.655620575 20
      vertex -168.712966919 34.7554893494 25
    endloop
  endfacet
  facet normal 0.394345760345 0 -0.91896212101
    outer loop
      vertex -168.712966919 34.7554893494 25
      vertex -168.480239868 34.655620575 20
      vertex -168.712966919 34.7554893494 20
    endloop
  endfacet
  facet normal 0.485304653645 0 -0.874345123768
    outer loop
      vertex -168.712966919 34.7554893494 25
      vertex -168.712966919 34.7554893494 20
      vertex -168.934387207 34.8783874512 25
    endloop
  endfacet
  facet normal 0.485304653645 0 -0.874345123768
    outer loop
      vertex -168.934387207 34.8783874512 25
      vertex -168.712966919 34.7554893494 20
      vertex -168.934387207 34.8783874512 20
    endloop
  endfacet
  facet normal 0.571269989014 0 -0.820762217045
    outer loop
      vertex -168.934387207 34.8783874512 25
      vertex -168.934387207 34.8783874512 20
      vertex -169.142242432 35.023059845 25
    endloop
  endfacet
  facet normal 0.571269989014 0 -0.820762217045
    outer loop
      vertex -169.142242432 35.023059845 25
      vertex -168.934387207 34.8783874512 20
      vertex -169.142242432 35.023059845 20
    endloop
  endfacet
  facet normal 0.651371598244 0 -0.758758842945
    outer loop
      vertex -169.142242432 35.023059845 25
      vertex -169.142242432 35.023059845 20
      vertex -169.334396362 35.1880187988 25
    endloop
  endfacet
  facet normal 0.651371598244 0 -0.758758842945
    outer loop
      vertex -169.334396362 35.1880187988 25
      vertex -169.142242432 35.023059845 20
      vertex -169.334396362 35.1880187988 20
    endloop
  endfacet
  facet normal 0.724781990051 0 -0.6889783144
    outer loop
      vertex -169.334396362 35.1880187988 25
      vertex -169.334396362 35.1880187988 20
      vertex -169.508880615 35.3715705872 25
    endloop
  endfacet
  facet normal 0.724781990051 0 -0.6889783144
    outer loop
      vertex -169.508880615 35.3715705872 25
      vertex -169.334396362 35.1880187988 20
      vertex -169.508880615 35.3715705872 20
    endloop
  endfacet
  facet normal 0.790773928165 0 -0.612108290195
    outer loop
      vertex -169.508880615 35.3715705872 25
      vertex -169.508880615 35.3715705872 20
      vertex -169.663894653 35.5718307495 25
    endloop
  endfacet
  facet normal 0.790773928165 0 -0.612108290195
    outer loop
      vertex -169.663894653 35.5718307495 25
      vertex -169.508880615 35.3715705872 20
      vertex -169.663894653 35.5718307495 20
    endloop
  endfacet
  facet normal 0.848647415638 0 -0.528958916664
    outer loop
      vertex -169.663894653 35.5718307495 25
      vertex -169.663894653 35.5718307495 20
      vertex -169.797851562 35.7867469788 25
    endloop
  endfacet
  facet normal 0.848647415638 0 -0.528958916664
    outer loop
      vertex -169.797851562 35.7867469788 25
      vertex -169.663894653 35.5718307495 20
      vertex -169.797851562 35.7867469788 20
    endloop
  endfacet
  facet normal 0.897805809975 0 -0.440391629934
    outer loop
      vertex -169.797851562 35.7867469788 25
      vertex -169.797851562 35.7867469788 20
      vertex -169.909378052 36.0141105652 25
    endloop
  endfacet
  facet normal 0.897805809975 0 -0.440391629934
    outer loop
      vertex -169.909378052 36.0141105652 25
      vertex -169.797851562 35.7867469788 20
      vertex -169.909378052 36.0141105652 20
    endloop
  endfacet
  facet normal 0.93775343895 0 -0.34730181098
    outer loop
      vertex -169.909378052 36.0141105652 25
      vertex -169.909378052 36.0141105652 20
      vertex -169.997329712 36.2515907288 25
    endloop
  endfacet
  facet normal 0.93775343895 0 -0.34730181098
    outer loop
      vertex -169.997329712 36.2515907288 25
      vertex -169.909378052 36.0141105652 20
      vertex -169.997329712 36.2515907288 20
    endloop
  endfacet
  facet normal 0.96807706356 0 -0.250652700663
    outer loop
      vertex -169.997329712 36.2515907288 25
      vertex -169.997329712 36.2515907288 20
      vertex -170.060806274 36.4967536926 25
    endloop
  endfacet
  facet normal 0.96807706356 0 -0.250652700663
    outer loop
      vertex -170.060806274 36.4967536926 25
      vertex -169.997329712 36.2515907288 20
      vertex -170.060806274 36.4967536926 20
    endloop
  endfacet
  facet normal 0.988470554352 0 -0.15141312778
    outer loop
      vertex -170.060806274 36.4967536926 25
      vertex -170.060806274 36.4967536926 20
      vertex -170.099151611 36.7470779419 25
    endloop
  endfacet
  facet normal 0.988470554352 0 -0.15141312778
    outer loop
      vertex -170.099151611 36.7470779419 25
      vertex -170.060806274 36.4967536926 20
      vertex -170.099151611 36.7470779419 20
    endloop
  endfacet
  facet normal 0.998715400696 -0 0.0506714731455
    outer loop
      vertex -170.099151611 37.2529220581 1.19209289551e-07
      vertex -170.099151611 37.2529220581 5
      vertex -170.111984253 37 1.19209289551e-07
    endloop
  endfacet
  facet normal 0.998715400696 -0 0.0506714731455
    outer loop
      vertex -170.111984253 37 1.19209289551e-07
      vertex -170.099151611 37.2529220581 5
      vertex -170.111984253 37 5
    endloop
  endfacet
  facet normal 0.998715400696 0 -0.0506714731455
    outer loop
      vertex -170.111984253 37 1.19209289551e-07
      vertex -170.111984253 37 5
      vertex -170.099151611 36.7470779419 1.19209289551e-07
    endloop
  endfacet
  facet normal 0.998715400696 0 -0.0506714731455
    outer loop
      vertex -170.099151611 36.7470779419 1.19209289551e-07
      vertex -170.111984253 37 5
      vertex -170.099151611 36.7470779419 5
    endloop
  endfacet
  facet normal 0.988470554352 0 -0.15141312778
    outer loop
      vertex -170.099151611 36.7470779419 1.19209289551e-07
      vertex -170.099151611 36.7470779419 5
      vertex -170.060806274 36.4967536926 1.19209289551e-07
    endloop
  endfacet
  facet normal 0.988470554352 0 -0.15141312778
    outer loop
      vertex -170.060806274 36.4967536926 1.19209289551e-07
      vertex -170.099151611 36.7470779419 5
      vertex -170.060806274 36.4967536926 5
    endloop
  endfacet
  facet normal 0.96807706356 0 -0.250652700663
    outer loop
      vertex -170.060806274 36.4967536926 1.19209289551e-07
      vertex -170.060806274 36.4967536926 5
      vertex -169.997329712 36.2515907288 1.19209289551e-07
    endloop
  endfacet
  facet normal 0.96807706356 0 -0.250652700663
    outer loop
      vertex -169.997329712 36.2515907288 1.19209289551e-07
      vertex -170.060806274 36.4967536926 5
      vertex -169.997329712 36.2515907288 5
    endloop
  endfacet
  facet normal 0.93775343895 0 -0.34730181098
    outer loop
      vertex -169.997329712 36.2515907288 1.19209289551e-07
      vertex -169.997329712 36.2515907288 5
      vertex -169.909378052 36.0141105652 1.19209289551e-07
    endloop
  endfacet
  facet normal 0.93775343895 0 -0.34730181098
    outer loop
      vertex -169.909378052 36.0141105652 1.19209289551e-07
      vertex -169.997329712 36.2515907288 5
      vertex -169.909378052 36.0141105652 5
    endloop
  endfacet
  facet normal 0.897805809975 0 -0.440391629934
    outer loop
      vertex -169.909378052 36.0141105652 1.19209289551e-07
      vertex -169.909378052 36.0141105652 5
      vertex -169.797851562 35.7867469788 1.19209289551e-07
    endloop
  endfacet
  facet normal 0.897805809975 0 -0.440391629934
    outer loop
      vertex -169.797851562 35.7867469788 1.19209289551e-07
      vertex -169.909378052 36.0141105652 5
      vertex -169.797851562 35.7867469788 5
    endloop
  endfacet
  facet normal 0.848647415638 0 -0.528958916664
    outer loop
      vertex -169.797851562 35.7867469788 1.19209289551e-07
      vertex -169.797851562 35.7867469788 5
      vertex -169.663894653 35.5718307495 1.19209289551e-07
    endloop
  endfacet
  facet normal 0.848647415638 0 -0.528958916664
    outer loop
      vertex -169.663894653 35.5718307495 1.19209289551e-07
      vertex -169.797851562 35.7867469788 5
      vertex -169.663894653 35.5718307495 5
    endloop
  endfacet
  facet normal 0.790773928165 0 -0.612108290195
    outer loop
      vertex -169.663894653 35.5718307495 1.19209289551e-07
      vertex -169.663894653 35.5718307495 5
      vertex -169.508880615 35.3715705872 1.19209289551e-07
    endloop
  endfacet
  facet normal 0.790773928165 0 -0.612108290195
    outer loop
      vertex -169.508880615 35.3715705872 1.19209289551e-07
      vertex -169.663894653 35.5718307495 5
      vertex -169.508880615 35.3715705872 5
    endloop
  endfacet
  facet normal 0.724781990051 0 -0.6889783144
    outer loop
      vertex -169.508880615 35.3715705872 1.19209289551e-07
      vertex -169.508880615 35.3715705872 5
      vertex -169.334396362 35.1880187988 1.19209289551e-07
    endloop
  endfacet
  facet normal 0.724781990051 0 -0.6889783144
    outer loop
      vertex -169.334396362 35.1880187988 1.19209289551e-07
      vertex -169.508880615 35.3715705872 5
      vertex -169.334396362 35.1880187988 5
    endloop
  endfacet
  facet normal 0.651371598244 0 -0.758758842945
    outer loop
      vertex -169.334396362 35.1880187988 1.19209289551e-07
      vertex -169.334396362 35.1880187988 5
      vertex -169.142242432 35.023059845 1.19209289551e-07
    endloop
  endfacet
  facet normal 0.651371598244 0 -0.758758842945
    outer loop
      vertex -169.142242432 35.023059845 1.19209289551e-07
      vertex -169.334396362 35.1880187988 5
      vertex -169.142242432 35.023059845 5
    endloop
  endfacet
  facet normal 0.571269989014 0 -0.820762217045
    outer loop
      vertex -169.142242432 35.023059845 1.19209289551e-07
      vertex -169.142242432 35.023059845 5
      vertex -168.934387207 34.8783874512 1.19209289551e-07
    endloop
  endfacet
  facet normal 0.571269989014 0 -0.820762217045
    outer loop
      vertex -168.934387207 34.8783874512 1.19209289551e-07
      vertex -169.142242432 35.023059845 5
      vertex -168.934387207 34.8783874512 5
    endloop
  endfacet
  facet normal 0.485304653645 0 -0.874345123768
    outer loop
      vertex -168.934387207 34.8783874512 1.19209289551e-07
      vertex -168.934387207 34.8783874512 5
      vertex -168.712966919 34.7554893494 1.19209289551e-07
    endloop
  endfacet
  facet normal 0.485304653645 0 -0.874345123768
    outer loop
      vertex -168.712966919 34.7554893494 1.19209289551e-07
      vertex -168.934387207 34.8783874512 5
      vertex -168.712966919 34.7554893494 5
    endloop
  endfacet
  facet normal 0.394345760345 0 -0.91896212101
    outer loop
      vertex -168.712966919 34.7554893494 1.19209289551e-07
      vertex -168.712966919 34.7554893494 5
      vertex -168.480239868 34.655620575 1.19209289551e-07
    endloop
  endfacet
  facet normal 0.394345760345 0 -0.91896212101
    outer loop
      vertex -168.480239868 34.655620575 1.19209289551e-07
      vertex -168.712966919 34.7554893494 5
      vertex -168.480239868 34.655620575 5
    endloop
  endfacet
  facet normal 0.299379169941 0 -0.954134225845
    outer loop
      vertex -168.480239868 34.655620575 1.19209289551e-07
      vertex -168.480239868 34.655620575 5
      vertex -168.238616943 34.5798072815 1.19209289551e-07
    endloop
  endfacet
  facet normal 0.299379169941 0 -0.954134225845
    outer loop
      vertex -168.238616943 34.5798072815 1.19209289551e-07
      vertex -168.480239868 34.655620575 5
      vertex -168.238616943 34.5798072815 5
    endloop
  endfacet
  facet normal 0.201302170753 0 -0.979529201984
    outer loop
      vertex -168.238616943 34.5798072815 1.19209289551e-07
      vertex -168.238616943 34.5798072815 5
      vertex -167.99055481 34.5288276672 1.19209289551e-07
    endloop
  endfacet
  facet normal 0.201302170753 0 -0.979529201984
    outer loop
      vertex -167.99055481 34.5288276672 1.19209289551e-07
      vertex -168.238616943 34.5798072815 5
      vertex -167.99055481 34.5288276672 5
    endloop
  endfacet
  facet normal 0.101162984967 0 -0.994869887829
    outer loop
      vertex -167.99055481 34.5288276672 1.19209289551e-07
      vertex -167.99055481 34.5288276672 5
      vertex -167.738601685 34.5032081604 1.19209289551e-07
    endloop
  endfacet
  facet normal 0.101162984967 0 -0.994869887829
    outer loop
      vertex -167.738601685 34.5032081604 1.19209289551e-07
      vertex -167.99055481 34.5288276672 5
      vertex -167.738601685 34.5032081604 5
    endloop
  endfacet
  facet normal 0 0 -1
    outer loop
      vertex -167.738601685 34.5032081604 1.19209289551e-07
      vertex -167.738601685 34.5032081604 5
      vertex -167.485351562 34.5032081604 1.19209289551e-07
    endloop
  endfacet
  facet normal 0 0 -1
    outer loop
      vertex -167.485351562 34.5032081604 1.19209289551e-07
      vertex -167.738601685 34.5032081604 5
      vertex -167.485351562 34.5032081604 5
    endloop
  endfacet
  facet normal -0.101168952882 0 -0.994869232178
    outer loop
      vertex -167.485351562 34.5032081604 1.19209289551e-07
      vertex -167.485351562 34.5032081604 5
      vertex -167.233413696 34.5288276672 1.19209289551e-07
    endloop
  endfacet
  facet normal -0.101168952882 0 -0.994869232178
    outer loop
      vertex -167.233413696 34.5288276672 1.19209289551e-07
      vertex -167.485351562 34.5032081604 5
      vertex -167.233413696 34.5288276672 5
    endloop
  endfacet
  facet normal -0.201302170753 0 -0.979529201984
    outer loop
      vertex -167.233413696 34.5288276672 1.19209289551e-07
      vertex -167.233413696 34.5288276672 5
      vertex -166.985351562 34.5798072815 1.19209289551e-07
    endloop
  endfacet
  facet normal -0.201302170753 0 -0.979529201984
    outer loop
      vertex -166.985351562 34.5798072815 1.19209289551e-07
      vertex -167.233413696 34.5288276672 5
      vertex -166.985351562 34.5798072815 5
    endloop
  endfacet
  facet normal -0.29936221242 0 -0.954139530659
    outer loop
      vertex -166.985351562 34.5798072815 1.19209289551e-07
      vertex -166.985351562 34.5798072815 5
      vertex -166.743713379 34.655620575 1.19209289551e-07
    endloop
  endfacet
  facet normal -0.29936221242 0 -0.954139530659
    outer loop
      vertex -166.743713379 34.655620575 1.19209289551e-07
      vertex -166.985351562 34.5798072815 5
      vertex -166.743713379 34.655620575 5
    endloop
  endfacet
  facet normal -0.39436724782 0 -0.918952941895
    outer loop
      vertex -166.743713379 34.655620575 1.19209289551e-07
      vertex -166.743713379 34.655620575 5
      vertex -166.511001587 34.7554893494 1.19209289551e-07
    endloop
  endfacet
  facet normal -0.39436724782 0 -0.918952941895
    outer loop
      vertex -166.511001587 34.7554893494 1.19209289551e-07
      vertex -166.743713379 34.655620575 5
      vertex -166.511001587 34.7554893494 5
    endloop
  endfacet
  facet normal -0.485279470682 0 -0.874359071255
    outer loop
      vertex -166.511001587 34.7554893494 1.19209289551e-07
      vertex -166.511001587 34.7554893494 5
      vertex -166.28956604 34.8783874512 1.19209289551e-07
    endloop
  endfacet
  facet normal -0.485279470682 0 -0.874359071255
    outer loop
      vertex -166.28956604 34.8783874512 1.19209289551e-07
      vertex -166.511001587 34.7554893494 5
      vertex -166.28956604 34.8783874512 5
    endloop
  endfacet
  facet normal -0.571269989014 0 -0.820762217045
    outer loop
      vertex -166.28956604 34.8783874512 1.19209289551e-07
      vertex -166.28956604 34.8783874512 5
      vertex -166.081710815 35.023059845 1.19209289551e-07
    endloop
  endfacet
  facet normal -0.571269989014 0 -0.820762217045
    outer loop
      vertex -166.081710815 35.023059845 1.19209289551e-07
      vertex -166.28956604 34.8783874512 5
      vertex -166.081710815 35.023059845 5
    endloop
  endfacet
  facet normal -0.651374042034 0 -0.758756756783
    outer loop
      vertex -166.081710815 35.023059845 1.19209289551e-07
      vertex -166.081710815 35.023059845 5
      vertex -165.889556885 35.1880187988 1.19209289551e-07
    endloop
  endfacet
  facet normal -0.651374042034 0 -0.758756756783
    outer loop
      vertex -165.889556885 35.1880187988 1.19209289551e-07
      vertex -166.081710815 35.023059845 5
      vertex -165.889556885 35.1880187988 5
    endloop
  endfacet
  facet normal -0.724811553955 0 -0.688947141171
    outer loop
      vertex -165.889556885 35.1880187988 1.19209289551e-07
      vertex -165.889556885 35.1880187988 5
      vertex -165.715087891 35.3715705872 1.19209289551e-07
    endloop
  endfacet
  facet normal -0.724811553955 0 -0.688947141171
    outer loop
      vertex -165.715087891 35.3715705872 1.19209289551e-07
      vertex -165.889556885 35.1880187988 5
      vertex -165.715087891 35.3715705872 5
    endloop
  endfacet
  facet normal -0.790773928165 0 -0.612108290195
    outer loop
      vertex -165.715087891 35.3715705872 1.19209289551e-07
      vertex -165.715087891 35.3715705872 5
      vertex -165.560073853 35.5718307495 1.19209289551e-07
    endloop
  endfacet
  facet normal -0.790773928165 0 -0.612108290195
    outer loop
      vertex -165.560073853 35.5718307495 1.19209289551e-07
      vertex -165.715087891 35.3715705872 5
      vertex -165.560073853 35.5718307495 5
    endloop
  endfacet
  facet normal -0.848645210266 0 -0.528962492943
    outer loop
      vertex -165.560073853 35.5718307495 1.19209289551e-07
      vertex -165.560073853 35.5718307495 5
      vertex -165.426116943 35.7867469788 1.19209289551e-07
    endloop
  endfacet
  facet normal -0.848645210266 0 -0.528962492943
    outer loop
      vertex -165.426116943 35.7867469788 1.19209289551e-07
      vertex -165.560073853 35.5718307495 5
      vertex -165.426116943 35.7867469788 5
    endloop
  endfacet
  facet normal -0.897805809975 0 -0.440391629934
    outer loop
      vertex -165.426116943 35.7867469788 1.19209289551e-07
      vertex -165.426116943 35.7867469788 5
      vertex -165.314590454 36.0141105652 1.19209289551e-07
    endloop
  endfacet
  facet normal -0.897805809975 0 -0.440391629934
    outer loop
      vertex -165.314590454 36.0141105652 1.19209289551e-07
      vertex -165.426116943 35.7867469788 5
      vertex -165.314590454 36.0141105652 5
    endloop
  endfacet
  facet normal -0.93775343895 0 -0.34730181098
    outer loop
      vertex -165.314590454 36.0141105652 1.19209289551e-07
      vertex -165.314590454 36.0141105652 5
      vertex -165.226638794 36.2515907288 1.19209289551e-07
    endloop
  endfacet
  facet normal -0.93775343895 0 -0.34730181098
    outer loop
      vertex -165.226638794 36.2515907288 1.19209289551e-07
      vertex -165.314590454 36.0141105652 5
      vertex -165.226638794 36.2515907288 5
    endloop
  endfacet
  facet normal -0.968078255653 0 -0.250648081303
    outer loop
      vertex -165.226638794 36.2515907288 1.19209289551e-07
      vertex -165.226638794 36.2515907288 5
      vertex -165.163162231 36.4967536926 1.19209289551e-07
    endloop
  endfacet
  facet normal -0.968078255653 0 -0.250648081303
    outer loop
      vertex -165.163162231 36.4967536926 1.19209289551e-07
      vertex -165.226638794 36.2515907288 5
      vertex -165.163162231 36.4967536926 5
    endloop
  endfacet
  facet normal -0.988460958004 0 -0.151475906372
    outer loop
      vertex -165.163162231 36.4967536926 1.19209289551e-07
      vertex -165.163162231 36.4967536926 5
      vertex -165.124801636 36.7470779419 1.19209289551e-07
    endloop
  endfacet
  facet normal -0.988460958004 0 -0.151475906372
    outer loop
      vertex -165.124801636 36.7470779419 1.19209289551e-07
      vertex -165.163162231 36.4967536926 5
      vertex -165.124801636 36.7470779419 5
    endloop
  endfacet
  facet normal -0.998718380928 0 -0.0506123155355
    outer loop
      vertex -165.124801636 36.7470779419 1.19209289551e-07
      vertex -165.124801636 36.7470779419 5
      vertex -165.111984253 37 1.19209289551e-07
    endloop
  endfacet
  facet normal -0.998718380928 0 -0.0506123155355
    outer loop
      vertex -165.111984253 37 1.19209289551e-07
      vertex -165.124801636 36.7470779419 5
      vertex -165.111984253 37 5
    endloop
  endfacet
  facet normal -0.998718380928 0 0.0506123155355
    outer loop
      vertex -165.111984253 37 1.19209289551e-07
      vertex -165.111984253 37 5
      vertex -165.124801636 37.2529220581 1.19209289551e-07
    endloop
  endfacet
  facet normal -0.998718380928 0 0.0506123155355
    outer loop
      vertex -165.124801636 37.2529220581 1.19209289551e-07
      vertex -165.111984253 37 5
      vertex -165.124801636 37.2529220581 5
    endloop
  endfacet
  facet normal -0.988460958004 0 0.151475906372
    outer loop
      vertex -165.124801636 37.2529220581 1.19209289551e-07
      vertex -165.124801636 37.2529220581 5
      vertex -165.163162231 37.5032463074 1.19209289551e-07
    endloop
  endfacet
  facet normal -0.988460958004 0 0.151475906372
    outer loop
      vertex -165.163162231 37.5032463074 1.19209289551e-07
      vertex -165.124801636 37.2529220581 5
      vertex -165.163162231 37.5032463074 5
    endloop
  endfacet
  facet normal -0.96807795763 0 0.250649273396
    outer loop
      vertex -165.163162231 37.5032463074 1.19209289551e-07
      vertex -165.163162231 37.5032463074 5
      vertex -165.226638794 37.7484092712 1.19209289551e-07
    endloop
  endfacet
  facet normal -0.96807795763 0 0.250649273396
    outer loop
      vertex -165.226638794 37.7484092712 1.19209289551e-07
      vertex -165.163162231 37.5032463074 5
      vertex -165.226638794 37.7484092712 5
    endloop
  endfacet
  facet normal -0.937754034996 0 0.347300201654
    outer loop
      vertex -165.226638794 37.7484092712 1.19209289551e-07
      vertex -165.226638794 37.7484092712 5
      vertex -165.314590454 37.9858894348 1.19209289551e-07
    endloop
  endfacet
  facet normal -0.937754034996 0 0.347300201654
    outer loop
      vertex -165.314590454 37.9858894348 1.19209289551e-07
      vertex -165.226638794 37.7484092712 5
      vertex -165.314590454 37.9858894348 5
    endloop
  endfacet
  facet normal -0.897805809975 0 0.440391629934
    outer loop
      vertex -165.314590454 37.9858894348 1.19209289551e-07
      vertex -165.314590454 37.9858894348 5
      vertex -165.426116943 38.2132530212 1.19209289551e-07
    endloop
  endfacet
  facet normal -0.897805809975 0 0.440391629934
    outer loop
      vertex -165.426116943 38.2132530212 1.19209289551e-07
      vertex -165.314590454 37.9858894348 5
      vertex -165.426116943 38.2132530212 5
    endloop
  endfacet
  facet normal -0.848645210266 0 0.528962492943
    outer loop
      vertex -165.426116943 38.2132530212 1.19209289551e-07
      vertex -165.426116943 38.2132530212 5
      vertex -165.560073853 38.4281692505 1.19209289551e-07
    endloop
  endfacet
  facet normal -0.848645210266 0 0.528962492943
    outer loop
      vertex -165.560073853 38.4281692505 1.19209289551e-07
      vertex -165.426116943 38.2132530212 5
      vertex -165.560073853 38.4281692505 5
    endloop
  endfacet
  facet normal -0.790773928165 0 0.612108290195
    outer loop
      vertex -165.560073853 38.4281692505 1.19209289551e-07
      vertex -165.560073853 38.4281692505 5
      vertex -165.715087891 38.6284294128 1.19209289551e-07
    endloop
  endfacet
  facet normal -0.790773928165 0 0.612108290195
    outer loop
      vertex -165.715087891 38.6284294128 1.19209289551e-07
      vertex -165.560073853 38.4281692505 5
      vertex -165.715087891 38.6284294128 5
    endloop
  endfacet
  facet normal -0.724811553955 0 0.688947141171
    outer loop
      vertex -165.715087891 38.6284294128 1.19209289551e-07
      vertex -165.715087891 38.6284294128 5
      vertex -165.889556885 38.8119812012 1.19209289551e-07
    endloop
  endfacet
  facet normal -0.724811553955 0 0.688947141171
    outer loop
      vertex -165.889556885 38.8119812012 1.19209289551e-07
      vertex -165.715087891 38.6284294128 5
      vertex -165.889556885 38.8119812012 5
    endloop
  endfacet
  facet normal -0.651374042034 0 0.758756756783
    outer loop
      vertex -165.889556885 38.8119812012 1.19209289551e-07
      vertex -165.889556885 38.8119812012 5
      vertex -166.081710815 38.976940155 1.19209289551e-07
    endloop
  endfacet
  facet normal -0.651374042034 0 0.758756756783
    outer loop
      vertex -166.081710815 38.976940155 1.19209289551e-07
      vertex -165.889556885 38.8119812012 5
      vertex -166.081710815 38.976940155 5
    endloop
  endfacet
  facet normal -0.571269989014 0 0.820762217045
    outer loop
      vertex -166.081710815 38.976940155 1.19209289551e-07
      vertex -166.081710815 38.976940155 5
      vertex -166.28956604 39.1216125488 1.19209289551e-07
    endloop
  endfacet
  facet normal -0.571269989014 0 0.820762217045
    outer loop
      vertex -166.28956604 39.1216125488 1.19209289551e-07
      vertex -166.081710815 38.976940155 5
      vertex -166.28956604 39.1216125488 5
    endloop
  endfacet
  facet normal -0.485275685787 0 0.874361217022
    outer loop
      vertex -166.28956604 39.1216125488 1.19209289551e-07
      vertex -166.28956604 39.1216125488 5
      vertex -166.511001587 39.2445106506 1.19209289551e-07
    endloop
  endfacet
  facet normal -0.485275685787 0 0.874361217022
    outer loop
      vertex -166.511001587 39.2445106506 1.19209289551e-07
      vertex -166.28956604 39.1216125488 5
      vertex -166.511001587 39.2445106506 5
    endloop
  endfacet
  facet normal -0.394371420145 0 0.918951153755
    outer loop
      vertex -166.511001587 39.2445106506 1.19209289551e-07
      vertex -166.511001587 39.2445106506 5
      vertex -166.743713379 39.344379425 1.19209289551e-07
    endloop
  endfacet
  facet normal -0.394371420145 0 0.918951153755
    outer loop
      vertex -166.743713379 39.344379425 1.19209289551e-07
      vertex -166.511001587 39.2445106506 5
      vertex -166.743713379 39.344379425 5
    endloop
  endfacet
  facet normal -0.299357712269 0 0.95414096117
    outer loop
      vertex -166.743713379 39.344379425 1.19209289551e-07
      vertex -166.743713379 39.344379425 5
      vertex -166.985351562 39.4201927185 1.19209289551e-07
    endloop
  endfacet
  facet normal -0.299357712269 0 0.95414096117
    outer loop
      vertex -166.985351562 39.4201927185 1.19209289551e-07
      vertex -166.743713379 39.344379425 5
      vertex -166.985351562 39.4201927185 5
    endloop
  endfacet
  facet normal -0.201306909323 0 0.979528188705
    outer loop
      vertex -166.985351562 39.4201927185 1.19209289551e-07
      vertex -166.985351562 39.4201927185 5
      vertex -167.233413696 39.4711723328 1.19209289551e-07
    endloop
  endfacet
  facet normal -0.201306909323 0 0.979528188705
    outer loop
      vertex -167.233413696 39.4711723328 1.19209289551e-07
      vertex -166.985351562 39.4201927185 5
      vertex -167.233413696 39.4711723328 5
    endloop
  endfacet
  facet normal -0.101164065301 0 0.99486976862
    outer loop
      vertex -167.233413696 39.4711723328 1.19209289551e-07
      vertex -167.233413696 39.4711723328 5
      vertex -167.485351562 39.4967918396 1.19209289551e-07
    endloop
  endfacet
  facet normal -0.101164065301 0 0.99486976862
    outer loop
      vertex -167.485351562 39.4967918396 1.19209289551e-07
      vertex -167.233413696 39.4711723328 5
      vertex -167.485351562 39.4967918396 5
    endloop
  endfacet
  facet normal 0 -0 1
    outer loop
      vertex -167.485351562 39.4967918396 1.19209289551e-07
      vertex -167.485351562 39.4967918396 5
      vertex -167.738601685 39.4967918396 1.19209289551e-07
    endloop
  endfacet
  facet normal 0 0 1
    outer loop
      vertex -167.738601685 39.4967918396 1.19209289551e-07
      vertex -167.485351562 39.4967918396 5
      vertex -167.738601685 39.4967918396 5
    endloop
  endfacet
  facet normal 0.101158097386 -0 0.994870364666
    outer loop
      vertex -167.738601685 39.4967918396 1.19209289551e-07
      vertex -167.738601685 39.4967918396 5
      vertex -167.99055481 39.4711723328 1.19209289551e-07
    endloop
  endfacet
  facet normal 0.101158097386 -0 0.994870364666
    outer loop
      vertex -167.99055481 39.4711723328 1.19209289551e-07
      vertex -167.738601685 39.4967918396 5
      vertex -167.99055481 39.4711723328 5
    endloop
  endfacet
  facet normal 0.201306909323 -0 0.979528188705
    outer loop
      vertex -167.99055481 39.4711723328 1.19209289551e-07
      vertex -167.99055481 39.4711723328 5
      vertex -168.238616943 39.4201927185 1.19209289551e-07
    endloop
  endfacet
  facet normal 0.201306909323 -0 0.979528188705
    outer loop
      vertex -168.238616943 39.4201927185 1.19209289551e-07
      vertex -167.99055481 39.4711723328 5
      vertex -168.238616943 39.4201927185 5
    endloop
  endfacet
  facet normal 0.29937466979 -0 0.954135656357
    outer loop
      vertex -168.238616943 39.4201927185 1.19209289551e-07
      vertex -168.238616943 39.4201927185 5
      vertex -168.480239868 39.344379425 1.19209289551e-07
    endloop
  endfacet
  facet normal 0.29937466979 -0 0.954135656357
    outer loop
      vertex -168.480239868 39.344379425 1.19209289551e-07
      vertex -168.238616943 39.4201927185 5
      vertex -168.480239868 39.344379425 5
    endloop
  endfacet
  facet normal 0.394349932671 -0 0.91896033287
    outer loop
      vertex -168.480239868 39.344379425 1.19209289551e-07
      vertex -168.480239868 39.344379425 5
      vertex -168.712966919 39.2445106506 1.19209289551e-07
    endloop
  endfacet
  facet normal 0.394349932671 -0 0.91896033287
    outer loop
      vertex -168.712966919 39.2445106506 1.19209289551e-07
      vertex -168.480239868 39.344379425 5
      vertex -168.712966919 39.2445106506 5
    endloop
  endfacet
  facet normal 0.48530086875 -0 0.87434720993
    outer loop
      vertex -168.712966919 39.2445106506 1.19209289551e-07
      vertex -168.712966919 39.2445106506 5
      vertex -168.934387207 39.1216125488 1.19209289551e-07
    endloop
  endfacet
  facet normal 0.48530086875 -0 0.87434720993
    outer loop
      vertex -168.934387207 39.1216125488 1.19209289551e-07
      vertex -168.712966919 39.2445106506 5
      vertex -168.934387207 39.1216125488 5
    endloop
  endfacet
  facet normal 0.571269989014 -0 0.820762217045
    outer loop
      vertex -168.934387207 39.1216125488 1.19209289551e-07
      vertex -168.934387207 39.1216125488 5
      vertex -169.142242432 38.976940155 1.19209289551e-07
    endloop
  endfacet
  facet normal 0.571269989014 -0 0.820762217045
    outer loop
      vertex -169.142242432 38.976940155 1.19209289551e-07
      vertex -168.934387207 39.1216125488 5
      vertex -169.142242432 38.976940155 5
    endloop
  endfacet
  facet normal 0.651371598244 -0 0.758758842945
    outer loop
      vertex -169.142242432 38.976940155 1.19209289551e-07
      vertex -169.142242432 38.976940155 5
      vertex -169.334396362 38.8119812012 1.19209289551e-07
    endloop
  endfacet
  facet normal 0.651371598244 -0 0.758758842945
    outer loop
      vertex -169.334396362 38.8119812012 1.19209289551e-07
      vertex -169.142242432 38.976940155 5
      vertex -169.334396362 38.8119812012 5
    endloop
  endfacet
  facet normal 0.724781990051 -0 0.6889783144
    outer loop
      vertex -169.334396362 38.8119812012 1.19209289551e-07
      vertex -169.334396362 38.8119812012 5
      vertex -169.508880615 38.6284294128 1.19209289551e-07
    endloop
  endfacet
  facet normal 0.724781990051 -0 0.6889783144
    outer loop
      vertex -169.508880615 38.6284294128 1.19209289551e-07
      vertex -169.334396362 38.8119812012 5
      vertex -169.508880615 38.6284294128 5
    endloop
  endfacet
  facet normal 0.790773928165 -0 0.612108290195
    outer loop
      vertex -169.508880615 38.6284294128 1.19209289551e-07
      vertex -169.508880615 38.6284294128 5
      vertex -169.663894653 38.4281692505 1.19209289551e-07
    endloop
  endfacet
  facet normal 0.790773928165 -0 0.612108290195
    outer loop
      vertex -169.663894653 38.4281692505 1.19209289551e-07
      vertex -169.508880615 38.6284294128 5
      vertex -169.663894653 38.4281692505 5
    endloop
  endfacet
  facet normal 0.848647415638 -0 0.528958916664
    outer loop
      vertex -169.663894653 38.4281692505 1.19209289551e-07
      vertex -169.663894653 38.4281692505 5
      vertex -169.797851562 38.2132530212 1.19209289551e-07
    endloop
  endfacet
  facet normal 0.848647415638 -0 0.528958916664
    outer loop
      vertex -169.797851562 38.2132530212 1.19209289551e-07
      vertex -169.663894653 38.4281692505 5
      vertex -169.797851562 38.2132530212 5
    endloop
  endfacet
  facet normal 0.897805809975 -0 0.440391629934
    outer loop
      vertex -169.797851562 38.2132530212 1.19209289551e-07
      vertex -169.797851562 38.2132530212 5
      vertex -169.909378052 37.9858894348 1.19209289551e-07
    endloop
  endfacet
  facet normal 0.897805809975 -0 0.440391629934
    outer loop
      vertex -169.909378052 37.9858894348 1.19209289551e-07
      vertex -169.797851562 38.2132530212 5
      vertex -169.909378052 37.9858894348 5
    endloop
  endfacet
  facet normal 0.937754034996 -0 0.347300201654
    outer loop
      vertex -169.909378052 37.9858894348 1.19209289551e-07
      vertex -169.909378052 37.9858894348 5
      vertex -169.997329712 37.7484092712 1.19209289551e-07
    endloop
  endfacet
  facet normal 0.937754034996 -0 0.347300201654
    outer loop
      vertex -169.997329712 37.7484092712 1.19209289551e-07
      vertex -169.909378052 37.9858894348 5
      vertex -169.997329712 37.7484092712 5
    endloop
  endfacet
  facet normal 0.968076765537 -0 0.250653892756
    outer loop
      vertex -169.997329712 37.7484092712 1.19209289551e-07
      vertex -169.997329712 37.7484092712 5
      vertex -170.060806274 37.5032463074 1.19209289551e-07
    endloop
  endfacet
  facet normal 0.968076765537 -0 0.250653892756
    outer loop
      vertex -170.060806274 37.5032463074 1.19209289551e-07
      vertex -169.997329712 37.7484092712 5
      vertex -170.060806274 37.5032463074 5
    endloop
  endfacet
  facet normal 0.988470554352 -0 0.15141312778
    outer loop
      vertex -170.060806274 37.5032463074 1.19209289551e-07
      vertex -170.060806274 37.5032463074 5
      vertex -170.099151611 37.2529220581 1.19209289551e-07
    endloop
  endfacet
  facet normal 0.988470554352 -0 0.15141312778
    outer loop
      vertex -170.099151611 37.2529220581 1.19209289551e-07
      vertex -170.060806274 37.5032463074 5
      vertex -170.099151611 37.2529220581 5
    endloop
  endfacet
  facet normal 0.998715400696 0 0.0506714731455
    outer loop
      vertex -170.111984253 37 20
      vertex -170.111984253 37 15
      vertex -170.099151611 37.2529220581 20
    endloop
  endfacet
  facet normal 0.998715400696 0 0.0506714731455
    outer loop
      vertex -170.099151611 37.2529220581 20
      vertex -170.111984253 37 15
      vertex -170.099151611 37.2529220581 15
    endloop
  endfacet
  facet normal 0.988470554352 0 0.15141312778
    outer loop
      vertex -170.099151611 37.2529220581 20
      vertex -170.099151611 37.2529220581 15
      vertex -170.060806274 37.5032463074 20
    endloop
  endfacet
  facet normal 0.988470554352 0 0.15141312778
    outer loop
      vertex -170.060806274 37.5032463074 20
      vertex -170.099151611 37.2529220581 15
      vertex -170.060806274 37.5032463074 15
    endloop
  endfacet
  facet normal 0.968076765537 0 0.250653892756
    outer loop
      vertex -170.060806274 37.5032463074 20
      vertex -170.060806274 37.5032463074 15
      vertex -169.997329712 37.7484092712 20
    endloop
  endfacet
  facet normal 0.968076765537 0 0.250653892756
    outer loop
      vertex -169.997329712 37.7484092712 20
      vertex -170.060806274 37.5032463074 15
      vertex -169.997329712 37.7484092712 15
    endloop
  endfacet
  facet normal 0.937754034996 0 0.347300201654
    outer loop
      vertex -169.997329712 37.7484092712 20
      vertex -169.997329712 37.7484092712 15
      vertex -169.909378052 37.9858894348 20
    endloop
  endfacet
  facet normal 0.937754034996 0 0.347300201654
    outer loop
      vertex -169.909378052 37.9858894348 20
      vertex -169.997329712 37.7484092712 15
      vertex -169.909378052 37.9858894348 15
    endloop
  endfacet
  facet normal 0.897805809975 0 0.440391629934
    outer loop
      vertex -169.909378052 37.9858894348 20
      vertex -169.909378052 37.9858894348 15
      vertex -169.797851562 38.2132530212 20
    endloop
  endfacet
  facet normal 0.897805809975 0 0.440391629934
    outer loop
      vertex -169.797851562 38.2132530212 20
      vertex -169.909378052 37.9858894348 15
      vertex -169.797851562 38.2132530212 15
    endloop
  endfacet
  facet normal 0.848647415638 0 0.528958916664
    outer loop
      vertex -169.797851562 38.2132530212 20
      vertex -169.797851562 38.2132530212 15
      vertex -169.663894653 38.4281692505 20
    endloop
  endfacet
  facet normal 0.848647415638 0 0.528958916664
    outer loop
      vertex -169.663894653 38.4281692505 20
      vertex -169.797851562 38.2132530212 15
      vertex -169.663894653 38.4281692505 15
    endloop
  endfacet
  facet normal 0.790773928165 0 0.612108290195
    outer loop
      vertex -169.663894653 38.4281692505 20
      vertex -169.663894653 38.4281692505 15
      vertex -169.508880615 38.6284294128 20
    endloop
  endfacet
  facet normal 0.790773928165 0 0.612108290195
    outer loop
      vertex -169.508880615 38.6284294128 20
      vertex -169.663894653 38.4281692505 15
      vertex -169.508880615 38.6284294128 15
    endloop
  endfacet
  facet normal 0.724781990051 0 0.6889783144
    outer loop
      vertex -169.508880615 38.6284294128 20
      vertex -169.508880615 38.6284294128 15
      vertex -169.334396362 38.8119812012 20
    endloop
  endfacet
  facet normal 0.724781990051 0 0.6889783144
    outer loop
      vertex -169.334396362 38.8119812012 20
      vertex -169.508880615 38.6284294128 15
      vertex -169.334396362 38.8119812012 15
    endloop
  endfacet
  facet normal 0.651371598244 0 0.758758842945
    outer loop
      vertex -169.334396362 38.8119812012 20
      vertex -169.334396362 38.8119812012 15
      vertex -169.142242432 38.976940155 20
    endloop
  endfacet
  facet normal 0.651371598244 0 0.758758842945
    outer loop
      vertex -169.142242432 38.976940155 20
      vertex -169.334396362 38.8119812012 15
      vertex -169.142242432 38.976940155 15
    endloop
  endfacet
  facet normal 0.571269989014 0 0.820762217045
    outer loop
      vertex -169.142242432 38.976940155 20
      vertex -169.142242432 38.976940155 15
      vertex -168.934387207 39.1216125488 20
    endloop
  endfacet
  facet normal 0.571269989014 0 0.820762217045
    outer loop
      vertex -168.934387207 39.1216125488 20
      vertex -169.142242432 38.976940155 15
      vertex -168.934387207 39.1216125488 15
    endloop
  endfacet
  facet normal 0.48530086875 0 0.87434720993
    outer loop
      vertex -168.934387207 39.1216125488 20
      vertex -168.934387207 39.1216125488 15
      vertex -168.712966919 39.2445106506 20
    endloop
  endfacet
  facet normal 0.48530086875 0 0.87434720993
    outer loop
      vertex -168.712966919 39.2445106506 20
      vertex -168.934387207 39.1216125488 15
      vertex -168.712966919 39.2445106506 15
    endloop
  endfacet
  facet normal 0.394349932671 0 0.91896033287
    outer loop
      vertex -168.712966919 39.2445106506 20
      vertex -168.712966919 39.2445106506 15
      vertex -168.480239868 39.344379425 20
    endloop
  endfacet
  facet normal 0.394349932671 0 0.91896033287
    outer loop
      vertex -168.480239868 39.344379425 20
      vertex -168.712966919 39.2445106506 15
      vertex -168.480239868 39.344379425 15
    endloop
  endfacet
  facet normal 0.29937466979 0 0.954135656357
    outer loop
      vertex -168.480239868 39.344379425 20
      vertex -168.480239868 39.344379425 15
      vertex -168.238616943 39.4201927185 20
    endloop
  endfacet
  facet normal 0.29937466979 0 0.954135656357
    outer loop
      vertex -168.238616943 39.4201927185 20
      vertex -168.480239868 39.344379425 15
      vertex -168.238616943 39.4201927185 15
    endloop
  endfacet
  facet normal 0.201306909323 0 0.979528188705
    outer loop
      vertex -168.238616943 39.4201927185 20
      vertex -168.238616943 39.4201927185 15
      vertex -167.99055481 39.4711723328 20
    endloop
  endfacet
  facet normal 0.201306909323 0 0.979528188705
    outer loop
      vertex -167.99055481 39.4711723328 20
      vertex -168.238616943 39.4201927185 15
      vertex -167.99055481 39.4711723328 15
    endloop
  endfacet
  facet normal 0.101158097386 0 0.994870364666
    outer loop
      vertex -167.99055481 39.4711723328 20
      vertex -167.99055481 39.4711723328 15
      vertex -167.738601685 39.4967918396 20
    endloop
  endfacet
  facet normal 0.101158097386 0 0.994870364666
    outer loop
      vertex -167.738601685 39.4967918396 20
      vertex -167.99055481 39.4711723328 15
      vertex -167.738601685 39.4967918396 15
    endloop
  endfacet
  facet normal -0 0 1
    outer loop
      vertex -167.738601685 39.4967918396 20
      vertex -167.738601685 39.4967918396 15
      vertex -167.485351562 39.4967918396 20
    endloop
  endfacet
  facet normal 0 0 1
    outer loop
      vertex -167.485351562 39.4967918396 20
      vertex -167.738601685 39.4967918396 15
      vertex -167.485351562 39.4967918396 15
    endloop
  endfacet
  facet normal -0.101164065301 0 0.99486976862
    outer loop
      vertex -167.485351562 39.4967918396 20
      vertex -167.485351562 39.4967918396 15
      vertex -167.233413696 39.4711723328 20
    endloop
  endfacet
  facet normal -0.101164065301 0 0.99486976862
    outer loop
      vertex -167.233413696 39.4711723328 20
      vertex -167.485351562 39.4967918396 15
      vertex -167.233413696 39.4711723328 15
    endloop
  endfacet
  facet normal -0.201306909323 0 0.979528188705
    outer loop
      vertex -167.233413696 39.4711723328 20
      vertex -167.233413696 39.4711723328 15
      vertex -166.985351562 39.4201927185 20
    endloop
  endfacet
  facet normal -0.201306909323 0 0.979528188705
    outer loop
      vertex -166.985351562 39.4201927185 20
      vertex -167.233413696 39.4711723328 15
      vertex -166.985351562 39.4201927185 15
    endloop
  endfacet
  facet normal -0.299357712269 0 0.95414096117
    outer loop
      vertex -166.985351562 39.4201927185 20
      vertex -166.985351562 39.4201927185 15
      vertex -166.743713379 39.344379425 20
    endloop
  endfacet
  facet normal -0.299357712269 0 0.95414096117
    outer loop
      vertex -166.743713379 39.344379425 20
      vertex -166.985351562 39.4201927185 15
      vertex -166.743713379 39.344379425 15
    endloop
  endfacet
  facet normal -0.394371420145 0 0.918951153755
    outer loop
      vertex -166.743713379 39.344379425 20
      vertex -166.743713379 39.344379425 15
      vertex -166.511001587 39.2445106506 20
    endloop
  endfacet
  facet normal -0.394371420145 0 0.918951153755
    outer loop
      vertex -166.511001587 39.2445106506 20
      vertex -166.743713379 39.344379425 15
      vertex -166.511001587 39.2445106506 15
    endloop
  endfacet
  facet normal -0.485275685787 0 0.874361217022
    outer loop
      vertex -166.511001587 39.2445106506 20
      vertex -166.511001587 39.2445106506 15
      vertex -166.28956604 39.1216125488 20
    endloop
  endfacet
  facet normal -0.485275685787 0 0.874361217022
    outer loop
      vertex -166.28956604 39.1216125488 20
      vertex -166.511001587 39.2445106506 15
      vertex -166.28956604 39.1216125488 15
    endloop
  endfacet
  facet normal -0.571269989014 0 0.820762217045
    outer loop
      vertex -166.28956604 39.1216125488 20
      vertex -166.28956604 39.1216125488 15
      vertex -166.081710815 38.976940155 20
    endloop
  endfacet
  facet normal -0.571269989014 0 0.820762217045
    outer loop
      vertex -166.081710815 38.976940155 20
      vertex -166.28956604 39.1216125488 15
      vertex -166.081710815 38.976940155 15
    endloop
  endfacet
  facet normal -0.651374042034 0 0.758756756783
    outer loop
      vertex -166.081710815 38.976940155 20
      vertex -166.081710815 38.976940155 15
      vertex -165.889556885 38.8119812012 20
    endloop
  endfacet
  facet normal -0.651374042034 0 0.758756756783
    outer loop
      vertex -165.889556885 38.8119812012 20
      vertex -166.081710815 38.976940155 15
      vertex -165.889556885 38.8119812012 15
    endloop
  endfacet
  facet normal -0.724811553955 0 0.688947141171
    outer loop
      vertex -165.889556885 38.8119812012 20
      vertex -165.889556885 38.8119812012 15
      vertex -165.715087891 38.6284294128 20
    endloop
  endfacet
  facet normal -0.724811553955 0 0.688947141171
    outer loop
      vertex -165.715087891 38.6284294128 20
      vertex -165.889556885 38.8119812012 15
      vertex -165.715087891 38.6284294128 15
    endloop
  endfacet
  facet normal -0.790773928165 0 0.612108290195
    outer loop
      vertex -165.715087891 38.6284294128 20
      vertex -165.715087891 38.6284294128 15
      vertex -165.560073853 38.4281692505 20
    endloop
  endfacet
  facet normal -0.790773928165 0 0.612108290195
    outer loop
      vertex -165.560073853 38.4281692505 20
      vertex -165.715087891 38.6284294128 15
      vertex -165.560073853 38.4281692505 15
    endloop
  endfacet
  facet normal -0.848645210266 0 0.528962492943
    outer loop
      vertex -165.560073853 38.4281692505 20
      vertex -165.560073853 38.4281692505 15
      vertex -165.426116943 38.2132530212 20
    endloop
  endfacet
  facet normal -0.848645210266 0 0.528962492943
    outer loop
      vertex -165.426116943 38.2132530212 20
      vertex -165.560073853 38.4281692505 15
      vertex -165.426116943 38.2132530212 15
    endloop
  endfacet
  facet normal -0.897805809975 0 0.440391629934
    outer loop
      vertex -165.426116943 38.2132530212 20
      vertex -165.426116943 38.2132530212 15
      vertex -165.314590454 37.9858894348 20
    endloop
  endfacet
  facet normal -0.897805809975 0 0.440391629934
    outer loop
      vertex -165.314590454 37.9858894348 20
      vertex -165.426116943 38.2132530212 15
      vertex -165.314590454 37.9858894348 15
    endloop
  endfacet
  facet normal -0.937754034996 0 0.347300201654
    outer loop
      vertex -165.314590454 37.9858894348 20
      vertex -165.314590454 37.9858894348 15
      vertex -165.226638794 37.7484092712 20
    endloop
  endfacet
  facet normal -0.937754034996 0 0.347300201654
    outer loop
      vertex -165.226638794 37.7484092712 20
      vertex -165.314590454 37.9858894348 15
      vertex -165.226638794 37.7484092712 15
    endloop
  endfacet
  facet normal -0.96807795763 0 0.250649273396
    outer loop
      vertex -165.226638794 37.7484092712 20
      vertex -165.226638794 37.7484092712 15
      vertex -165.163162231 37.5032463074 20
    endloop
  endfacet
  facet normal -0.96807795763 0 0.250649273396
    outer loop
      vertex -165.163162231 37.5032463074 20
      vertex -165.226638794 37.7484092712 15
      vertex -165.163162231 37.5032463074 15
    endloop
  endfacet
  facet normal -0.988460958004 0 0.151475906372
    outer loop
      vertex -165.163162231 37.5032463074 20
      vertex -165.163162231 37.5032463074 15
      vertex -165.124801636 37.2529220581 20
    endloop
  endfacet
  facet normal -0.988460958004 0 0.151475906372
    outer loop
      vertex -165.124801636 37.2529220581 20
      vertex -165.163162231 37.5032463074 15
      vertex -165.124801636 37.2529220581 15
    endloop
  endfacet
  facet normal -0.998718380928 0 0.0506123155355
    outer loop
      vertex -165.124801636 37.2529220581 20
      vertex -165.124801636 37.2529220581 15
      vertex -165.111984253 37 20
    endloop
  endfacet
  facet normal -0.998718380928 0 0.0506123155355
    outer loop
      vertex -165.111984253 37 20
      vertex -165.124801636 37.2529220581 15
      vertex -165.111984253 37 15
    endloop
  endfacet
  facet normal -0.998718380928 -0 -0.0506123155355
    outer loop
      vertex -165.111984253 37 20
      vertex -165.111984253 37 15
      vertex -165.124801636 36.7470779419 20
    endloop
  endfacet
  facet normal -0.998718380928 -0 -0.0506123155355
    outer loop
      vertex -165.124801636 36.7470779419 20
      vertex -165.111984253 37 15
      vertex -165.124801636 36.7470779419 15
    endloop
  endfacet
  facet normal -0.988460958004 -0 -0.151475906372
    outer loop
      vertex -165.124801636 36.7470779419 20
      vertex -165.124801636 36.7470779419 15
      vertex -165.163162231 36.4967536926 20
    endloop
  endfacet
  facet normal -0.988460958004 -0 -0.151475906372
    outer loop
      vertex -165.163162231 36.4967536926 20
      vertex -165.124801636 36.7470779419 15
      vertex -165.163162231 36.4967536926 15
    endloop
  endfacet
  facet normal -0.968078255653 -0 -0.250648081303
    outer loop
      vertex -165.163162231 36.4967536926 20
      vertex -165.163162231 36.4967536926 15
      vertex -165.226638794 36.2515907288 20
    endloop
  endfacet
  facet normal -0.968078255653 -0 -0.250648081303
    outer loop
      vertex -165.226638794 36.2515907288 20
      vertex -165.163162231 36.4967536926 15
      vertex -165.226638794 36.2515907288 15
    endloop
  endfacet
  facet normal -0.93775343895 -0 -0.34730181098
    outer loop
      vertex -165.226638794 36.2515907288 20
      vertex -165.226638794 36.2515907288 15
      vertex -165.314590454 36.0141105652 20
    endloop
  endfacet
  facet normal -0.93775343895 -0 -0.34730181098
    outer loop
      vertex -165.314590454 36.0141105652 20
      vertex -165.226638794 36.2515907288 15
      vertex -165.314590454 36.0141105652 15
    endloop
  endfacet
  facet normal -0.897805809975 -0 -0.440391629934
    outer loop
      vertex -165.314590454 36.0141105652 20
      vertex -165.314590454 36.0141105652 15
      vertex -165.426116943 35.7867469788 20
    endloop
  endfacet
  facet normal -0.897805809975 -0 -0.440391629934
    outer loop
      vertex -165.426116943 35.7867469788 20
      vertex -165.314590454 36.0141105652 15
      vertex -165.426116943 35.7867469788 15
    endloop
  endfacet
  facet normal -0.848645210266 -0 -0.528962492943
    outer loop
      vertex -165.426116943 35.7867469788 20
      vertex -165.426116943 35.7867469788 15
      vertex -165.560073853 35.5718307495 20
    endloop
  endfacet
  facet normal -0.848645210266 -0 -0.528962492943
    outer loop
      vertex -165.560073853 35.5718307495 20
      vertex -165.426116943 35.7867469788 15
      vertex -165.560073853 35.5718307495 15
    endloop
  endfacet
  facet normal -0.790773928165 -0 -0.612108290195
    outer loop
      vertex -165.560073853 35.5718307495 20
      vertex -165.560073853 35.5718307495 15
      vertex -165.715087891 35.3715705872 20
    endloop
  endfacet
  facet normal -0.790773928165 -0 -0.612108290195
    outer loop
      vertex -165.715087891 35.3715705872 20
      vertex -165.560073853 35.5718307495 15
      vertex -165.715087891 35.3715705872 15
    endloop
  endfacet
  facet normal -0.724811553955 -0 -0.688947141171
    outer loop
      vertex -165.715087891 35.3715705872 20
      vertex -165.715087891 35.3715705872 15
      vertex -165.889556885 35.1880187988 20
    endloop
  endfacet
  facet normal -0.724811553955 -0 -0.688947141171
    outer loop
      vertex -165.889556885 35.1880187988 20
      vertex -165.715087891 35.3715705872 15
      vertex -165.889556885 35.1880187988 15
    endloop
  endfacet
  facet normal -0.651374042034 -0 -0.758756756783
    outer loop
      vertex -165.889556885 35.1880187988 20
      vertex -165.889556885 35.1880187988 15
      vertex -166.081710815 35.023059845 20
    endloop
  endfacet
  facet normal -0.651374042034 -0 -0.758756756783
    outer loop
      vertex -166.081710815 35.023059845 20
      vertex -165.889556885 35.1880187988 15
      vertex -166.081710815 35.023059845 15
    endloop
  endfacet
  facet normal -0.571269989014 -0 -0.820762217045
    outer loop
      vertex -166.081710815 35.023059845 20
      vertex -166.081710815 35.023059845 15
      vertex -166.28956604 34.8783874512 20
    endloop
  endfacet
  facet normal -0.571269989014 -0 -0.820762217045
    outer loop
      vertex -166.28956604 34.8783874512 20
      vertex -166.081710815 35.023059845 15
      vertex -166.28956604 34.8783874512 15
    endloop
  endfacet
  facet normal -0.485279470682 -0 -0.874359071255
    outer loop
      vertex -166.28956604 34.8783874512 20
      vertex -166.28956604 34.8783874512 15
      vertex -166.511001587 34.7554893494 20
    endloop
  endfacet
  facet normal -0.485279470682 -0 -0.874359071255
    outer loop
      vertex -166.511001587 34.7554893494 20
      vertex -166.28956604 34.8783874512 15
      vertex -166.511001587 34.7554893494 15
    endloop
  endfacet
  facet normal -0.39436724782 -0 -0.918952941895
    outer loop
      vertex -166.511001587 34.7554893494 20
      vertex -166.511001587 34.7554893494 15
      vertex -166.743713379 34.655620575 20
    endloop
  endfacet
  facet normal -0.39436724782 -0 -0.918952941895
    outer loop
      vertex -166.743713379 34.655620575 20
      vertex -166.511001587 34.7554893494 15
      vertex -166.743713379 34.655620575 15
    endloop
  endfacet
  facet normal -0.29936221242 -0 -0.954139530659
    outer loop
      vertex -166.743713379 34.655620575 20
      vertex -166.743713379 34.655620575 15
      vertex -166.985351562 34.5798072815 20
    endloop
  endfacet
  facet normal -0.29936221242 -0 -0.954139530659
    outer loop
      vertex -166.985351562 34.5798072815 20
      vertex -166.743713379 34.655620575 15
      vertex -166.985351562 34.5798072815 15
    endloop
  endfacet
  facet normal -0.201302170753 -0 -0.979529201984
    outer loop
      vertex -166.985351562 34.5798072815 20
      vertex -166.985351562 34.5798072815 15
      vertex -167.233413696 34.5288276672 20
    endloop
  endfacet
  facet normal -0.201302170753 -0 -0.979529201984
    outer loop
      vertex -167.233413696 34.5288276672 20
      vertex -166.985351562 34.5798072815 15
      vertex -167.233413696 34.5288276672 15
    endloop
  endfacet
  facet normal -0.101168952882 -0 -0.994869232178
    outer loop
      vertex -167.233413696 34.5288276672 20
      vertex -167.233413696 34.5288276672 15
      vertex -167.485351562 34.5032081604 20
    endloop
  endfacet
  facet normal -0.101168952882 -0 -0.994869232178
    outer loop
      vertex -167.485351562 34.5032081604 20
      vertex -167.233413696 34.5288276672 15
      vertex -167.485351562 34.5032081604 15
    endloop
  endfacet
  facet normal -0 -0 -1
    outer loop
      vertex -167.485351562 34.5032081604 20
      vertex -167.485351562 34.5032081604 15
      vertex -167.738601685 34.5032081604 20
    endloop
  endfacet
  facet normal 0 0 -1
    outer loop
      vertex -167.738601685 34.5032081604 20
      vertex -167.485351562 34.5032081604 15
      vertex -167.738601685 34.5032081604 15
    endloop
  endfacet
  facet normal 0.101162984967 0 -0.994869887829
    outer loop
      vertex -167.738601685 34.5032081604 20
      vertex -167.738601685 34.5032081604 15
      vertex -167.99055481 34.5288276672 20
    endloop
  endfacet
  facet normal 0.101162984967 0 -0.994869887829
    outer loop
      vertex -167.99055481 34.5288276672 20
      vertex -167.738601685 34.5032081604 15
      vertex -167.99055481 34.5288276672 15
    endloop
  endfacet
  facet normal 0.201302170753 0 -0.979529201984
    outer loop
      vertex -167.99055481 34.5288276672 20
      vertex -167.99055481 34.5288276672 15
      vertex -168.238616943 34.5798072815 20
    endloop
  endfacet
  facet normal 0.201302170753 0 -0.979529201984
    outer loop
      vertex -168.238616943 34.5798072815 20
      vertex -167.99055481 34.5288276672 15
      vertex -168.238616943 34.5798072815 15
    endloop
  endfacet
  facet normal 0.299379169941 0 -0.954134225845
    outer loop
      vertex -168.238616943 34.5798072815 20
      vertex -168.238616943 34.5798072815 15
      vertex -168.480239868 34.655620575 20
    endloop
  endfacet
  facet normal 0.299379169941 0 -0.954134225845
    outer loop
      vertex -168.480239868 34.655620575 20
      vertex -168.238616943 34.5798072815 15
      vertex -168.480239868 34.655620575 15
    endloop
  endfacet
  facet normal 0.394345760345 0 -0.91896212101
    outer loop
      vertex -168.480239868 34.655620575 20
      vertex -168.480239868 34.655620575 15
      vertex -168.712966919 34.7554893494 20
    endloop
  endfacet
  facet normal 0.394345760345 0 -0.91896212101
    outer loop
      vertex -168.712966919 34.7554893494 20
      vertex -168.480239868 34.655620575 15
      vertex -168.712966919 34.7554893494 15
    endloop
  endfacet
  facet normal 0.485304653645 0 -0.874345123768
    outer loop
      vertex -168.712966919 34.7554893494 20
      vertex -168.712966919 34.7554893494 15
      vertex -168.934387207 34.8783874512 20
    endloop
  endfacet
  facet normal 0.485304653645 0 -0.874345123768
    outer loop
      vertex -168.934387207 34.8783874512 20
      vertex -168.712966919 34.7554893494 15
      vertex -168.934387207 34.8783874512 15
    endloop
  endfacet
  facet normal 0.571269989014 0 -0.820762217045
    outer loop
      vertex -168.934387207 34.8783874512 20
      vertex -168.934387207 34.8783874512 15
      vertex -169.142242432 35.023059845 20
    endloop
  endfacet
  facet normal 0.571269989014 0 -0.820762217045
    outer loop
      vertex -169.142242432 35.023059845 20
      vertex -168.934387207 34.8783874512 15
      vertex -169.142242432 35.023059845 15
    endloop
  endfacet
  facet normal 0.651371598244 0 -0.758758842945
    outer loop
      vertex -169.142242432 35.023059845 20
      vertex -169.142242432 35.023059845 15
      vertex -169.334396362 35.1880187988 20
    endloop
  endfacet
  facet normal 0.651371598244 0 -0.758758842945
    outer loop
      vertex -169.334396362 35.1880187988 20
      vertex -169.142242432 35.023059845 15
      vertex -169.334396362 35.1880187988 15
    endloop
  endfacet
  facet normal 0.724781990051 0 -0.6889783144
    outer loop
      vertex -169.334396362 35.1880187988 20
      vertex -169.334396362 35.1880187988 15
      vertex -169.508880615 35.3715705872 20
    endloop
  endfacet
  facet normal 0.724781990051 0 -0.6889783144
    outer loop
      vertex -169.508880615 35.3715705872 20
      vertex -169.334396362 35.1880187988 15
      vertex -169.508880615 35.3715705872 15
    endloop
  endfacet
  facet normal 0.790773928165 0 -0.612108290195
    outer loop
      vertex -169.508880615 35.3715705872 20
      vertex -169.508880615 35.3715705872 15
      vertex -169.663894653 35.5718307495 20
    endloop
  endfacet
  facet normal 0.790773928165 0 -0.612108290195
    outer loop
      vertex -169.663894653 35.5718307495 20
      vertex -169.508880615 35.3715705872 15
      vertex -169.663894653 35.5718307495 15
    endloop
  endfacet
  facet normal 0.848647415638 0 -0.528958916664
    outer loop
      vertex -169.663894653 35.5718307495 20
      vertex -169.663894653 35.5718307495 15
      vertex -169.797851562 35.7867469788 20
    endloop
  endfacet
  facet normal 0.848647415638 0 -0.528958916664
    outer loop
      vertex -169.797851562 35.7867469788 20
      vertex -169.663894653 35.5718307495 15
      vertex -169.797851562 35.7867469788 15
    endloop
  endfacet
  facet normal 0.897805809975 0 -0.440391629934
    outer loop
      vertex -169.797851562 35.7867469788 20
      vertex -169.797851562 35.7867469788 15
      vertex -169.909378052 36.0141105652 20
    endloop
  endfacet
  facet normal 0.897805809975 0 -0.440391629934
    outer loop
      vertex -169.909378052 36.0141105652 20
      vertex -169.797851562 35.7867469788 15
      vertex -169.909378052 36.0141105652 15
    endloop
  endfacet
  facet normal 0.93775343895 0 -0.34730181098
    outer loop
      vertex -169.909378052 36.0141105652 20
      vertex -169.909378052 36.0141105652 15
      vertex -169.997329712 36.2515907288 20
    endloop
  endfacet
  facet normal 0.93775343895 0 -0.34730181098
    outer loop
      vertex -169.997329712 36.2515907288 20
      vertex -169.909378052 36.0141105652 15
      vertex -169.997329712 36.2515907288 15
    endloop
  endfacet
  facet normal 0.96807706356 0 -0.250652700663
    outer loop
      vertex -169.997329712 36.2515907288 20
      vertex -169.997329712 36.2515907288 15
      vertex -170.060806274 36.4967536926 20
    endloop
  endfacet
  facet normal 0.96807706356 0 -0.250652700663
    outer loop
      vertex -170.060806274 36.4967536926 20
      vertex -169.997329712 36.2515907288 15
      vertex -170.060806274 36.4967536926 15
    endloop
  endfacet
  facet normal 0.988470554352 0 -0.15141312778
    outer loop
      vertex -170.060806274 36.4967536926 20
      vertex -170.060806274 36.4967536926 15
      vertex -170.099151611 36.7470779419 20
    endloop
  endfacet
  facet normal 0.988470554352 0 -0.15141312778
    outer loop
      vertex -170.099151611 36.7470779419 20
      vertex -170.060806274 36.4967536926 15
      vertex -170.099151611 36.7470779419 15
    endloop
  endfacet
  facet normal 0.998715400696 0 -0.0506714731455
    outer loop
      vertex -170.099151611 36.7470779419 20
      vertex -170.099151611 36.7470779419 15
      vertex -170.111984253 37 20
    endloop
  endfacet
  facet normal 0.998715400696 0 -0.0506714731455
    outer loop
      vertex -170.111984253 37 20
      vertex -170.099151611 36.7470779419 15
      vertex -170.111984253 37 15
    endloop
  endfacet
  facet normal 0.998715400696 0 0.0506714731455
    outer loop
      vertex -170.111984253 37 15
      vertex -170.111984253 37 10
      vertex -170.099151611 37.2529220581 15
    endloop
  endfacet
  facet normal 0.998715400696 0 0.0506714731455
    outer loop
      vertex -170.099151611 37.2529220581 15
      vertex -170.111984253 37 10
      vertex -170.099151611 37.2529220581 10
    endloop
  endfacet
  facet normal 0.988470554352 0 0.15141312778
    outer loop
      vertex -170.099151611 37.2529220581 15
      vertex -170.099151611 37.2529220581 10
      vertex -170.060806274 37.5032463074 15
    endloop
  endfacet
  facet normal 0.988470554352 0 0.15141312778
    outer loop
      vertex -170.060806274 37.5032463074 15
      vertex -170.099151611 37.2529220581 10
      vertex -170.060806274 37.5032463074 10
    endloop
  endfacet
  facet normal 0.968076765537 0 0.250653892756
    outer loop
      vertex -170.060806274 37.5032463074 15
      vertex -170.060806274 37.5032463074 10
      vertex -169.997329712 37.7484092712 15
    endloop
  endfacet
  facet normal 0.968076765537 0 0.250653892756
    outer loop
      vertex -169.997329712 37.7484092712 15
      vertex -170.060806274 37.5032463074 10
      vertex -169.997329712 37.7484092712 10
    endloop
  endfacet
  facet normal 0.937754034996 0 0.347300201654
    outer loop
      vertex -169.997329712 37.7484092712 15
      vertex -169.997329712 37.7484092712 10
      vertex -169.909378052 37.9858894348 15
    endloop
  endfacet
  facet normal 0.937754034996 0 0.347300201654
    outer loop
      vertex -169.909378052 37.9858894348 15
      vertex -169.997329712 37.7484092712 10
      vertex -169.909378052 37.9858894348 10
    endloop
  endfacet
  facet normal 0.897805809975 0 0.440391629934
    outer loop
      vertex -169.909378052 37.9858894348 15
      vertex -169.909378052 37.9858894348 10
      vertex -169.797851562 38.2132530212 15
    endloop
  endfacet
  facet normal 0.897805809975 0 0.440391629934
    outer loop
      vertex -169.797851562 38.2132530212 15
      vertex -169.909378052 37.9858894348 10
      vertex -169.797851562 38.2132530212 10
    endloop
  endfacet
  facet normal 0.848647415638 0 0.528958916664
    outer loop
      vertex -169.797851562 38.2132530212 15
      vertex -169.797851562 38.2132530212 10
      vertex -169.663894653 38.4281692505 15
    endloop
  endfacet
  facet normal 0.848647415638 0 0.528958916664
    outer loop
      vertex -169.663894653 38.4281692505 15
      vertex -169.797851562 38.2132530212 10
      vertex -169.663894653 38.4281692505 10
    endloop
  endfacet
  facet normal 0.790773928165 0 0.612108290195
    outer loop
      vertex -169.663894653 38.4281692505 15
      vertex -169.663894653 38.4281692505 10
      vertex -169.508880615 38.6284294128 15
    endloop
  endfacet
  facet normal 0.790773928165 0 0.612108290195
    outer loop
      vertex -169.508880615 38.6284294128 15
      vertex -169.663894653 38.4281692505 10
      vertex -169.508880615 38.6284294128 10
    endloop
  endfacet
  facet normal 0.724781990051 0 0.6889783144
    outer loop
      vertex -169.508880615 38.6284294128 15
      vertex -169.508880615 38.6284294128 10
      vertex -169.334396362 38.8119812012 15
    endloop
  endfacet
  facet normal 0.724781990051 0 0.6889783144
    outer loop
      vertex -169.334396362 38.8119812012 15
      vertex -169.508880615 38.6284294128 10
      vertex -169.334396362 38.8119812012 10
    endloop
  endfacet
  facet normal 0.651371598244 0 0.758758842945
    outer loop
      vertex -169.334396362 38.8119812012 15
      vertex -169.334396362 38.8119812012 10
      vertex -169.142242432 38.976940155 15
    endloop
  endfacet
  facet normal 0.651371598244 0 0.758758842945
    outer loop
      vertex -169.142242432 38.976940155 15
      vertex -169.334396362 38.8119812012 10
      vertex -169.142242432 38.976940155 10
    endloop
  endfacet
  facet normal 0.571269989014 0 0.820762217045
    outer loop
      vertex -169.142242432 38.976940155 15
      vertex -169.142242432 38.976940155 10
      vertex -168.934387207 39.1216125488 15
    endloop
  endfacet
  facet normal 0.571269989014 0 0.820762217045
    outer loop
      vertex -168.934387207 39.1216125488 15
      vertex -169.142242432 38.976940155 10
      vertex -168.934387207 39.1216125488 10
    endloop
  endfacet
  facet normal 0.48530086875 0 0.87434720993
    outer loop
      vertex -168.934387207 39.1216125488 15
      vertex -168.934387207 39.1216125488 10
      vertex -168.712966919 39.2445106506 15
    endloop
  endfacet
  facet normal 0.48530086875 0 0.87434720993
    outer loop
      vertex -168.712966919 39.2445106506 15
      vertex -168.934387207 39.1216125488 10
      vertex -168.712966919 39.2445106506 10
    endloop
  endfacet
  facet normal 0.394349932671 0 0.91896033287
    outer loop
      vertex -168.712966919 39.2445106506 15
      vertex -168.712966919 39.2445106506 10
      vertex -168.480239868 39.344379425 15
    endloop
  endfacet
  facet normal 0.394349932671 0 0.91896033287
    outer loop
      vertex -168.480239868 39.344379425 15
      vertex -168.712966919 39.2445106506 10
      vertex -168.480239868 39.344379425 10
    endloop
  endfacet
  facet normal 0.29937466979 0 0.954135656357
    outer loop
      vertex -168.480239868 39.344379425 15
      vertex -168.480239868 39.344379425 10
      vertex -168.238616943 39.4201927185 15
    endloop
  endfacet
  facet normal 0.29937466979 0 0.954135656357
    outer loop
      vertex -168.238616943 39.4201927185 15
      vertex -168.480239868 39.344379425 10
      vertex -168.238616943 39.4201927185 10
    endloop
  endfacet
  facet normal 0.201306909323 0 0.979528188705
    outer loop
      vertex -168.238616943 39.4201927185 15
      vertex -168.238616943 39.4201927185 10
      vertex -167.99055481 39.4711723328 15
    endloop
  endfacet
  facet normal 0.201306909323 0 0.979528188705
    outer loop
      vertex -167.99055481 39.4711723328 15
      vertex -168.238616943 39.4201927185 10
      vertex -167.99055481 39.4711723328 10
    endloop
  endfacet
  facet normal 0.101158097386 0 0.994870364666
    outer loop
      vertex -167.99055481 39.4711723328 15
      vertex -167.99055481 39.4711723328 10
      vertex -167.738601685 39.4967918396 15
    endloop
  endfacet
  facet normal 0.101158097386 0 0.994870364666
    outer loop
      vertex -167.738601685 39.4967918396 15
      vertex -167.99055481 39.4711723328 10
      vertex -167.738601685 39.4967918396 10
    endloop
  endfacet
  facet normal -0 0 1
    outer loop
      vertex -167.738601685 39.4967918396 15
      vertex -167.738601685 39.4967918396 10
      vertex -167.485351562 39.4967918396 15
    endloop
  endfacet
  facet normal 0 0 1
    outer loop
      vertex -167.485351562 39.4967918396 15
      vertex -167.738601685 39.4967918396 10
      vertex -167.485351562 39.4967918396 10
    endloop
  endfacet
  facet normal -0.101164065301 0 0.99486976862
    outer loop
      vertex -167.485351562 39.4967918396 15
      vertex -167.485351562 39.4967918396 10
      vertex -167.233413696 39.4711723328 15
    endloop
  endfacet
  facet normal -0.101164065301 0 0.99486976862
    outer loop
      vertex -167.233413696 39.4711723328 15
      vertex -167.485351562 39.4967918396 10
      vertex -167.233413696 39.4711723328 10
    endloop
  endfacet
  facet normal -0.201306909323 0 0.979528188705
    outer loop
      vertex -167.233413696 39.4711723328 15
      vertex -167.233413696 39.4711723328 10
      vertex -166.985351562 39.4201927185 15
    endloop
  endfacet
  facet normal -0.201306909323 0 0.979528188705
    outer loop
      vertex -166.985351562 39.4201927185 15
      vertex -167.233413696 39.4711723328 10
      vertex -166.985351562 39.4201927185 10
    endloop
  endfacet
  facet normal -0.299357712269 0 0.95414096117
    outer loop
      vertex -166.985351562 39.4201927185 15
      vertex -166.985351562 39.4201927185 10
      vertex -166.743713379 39.344379425 15
    endloop
  endfacet
  facet normal -0.299357712269 0 0.95414096117
    outer loop
      vertex -166.743713379 39.344379425 15
      vertex -166.985351562 39.4201927185 10
      vertex -166.743713379 39.344379425 10
    endloop
  endfacet
  facet normal -0.394371420145 0 0.918951153755
    outer loop
      vertex -166.743713379 39.344379425 15
      vertex -166.743713379 39.344379425 10
      vertex -166.511001587 39.2445106506 15
    endloop
  endfacet
  facet normal -0.394371420145 0 0.918951153755
    outer loop
      vertex -166.511001587 39.2445106506 15
      vertex -166.743713379 39.344379425 10
      vertex -166.511001587 39.2445106506 10
    endloop
  endfacet
  facet normal -0.485275685787 0 0.874361217022
    outer loop
      vertex -166.511001587 39.2445106506 15
      vertex -166.511001587 39.2445106506 10
      vertex -166.28956604 39.1216125488 15
    endloop
  endfacet
  facet normal -0.485275685787 0 0.874361217022
    outer loop
      vertex -166.28956604 39.1216125488 15
      vertex -166.511001587 39.2445106506 10
      vertex -166.28956604 39.1216125488 10
    endloop
  endfacet
  facet normal -0.571269989014 0 0.820762217045
    outer loop
      vertex -166.28956604 39.1216125488 15
      vertex -166.28956604 39.1216125488 10
      vertex -166.081710815 38.976940155 15
    endloop
  endfacet
  facet normal -0.571269989014 0 0.820762217045
    outer loop
      vertex -166.081710815 38.976940155 15
      vertex -166.28956604 39.1216125488 10
      vertex -166.081710815 38.976940155 10
    endloop
  endfacet
  facet normal -0.651374042034 0 0.758756756783
    outer loop
      vertex -166.081710815 38.976940155 15
      vertex -166.081710815 38.976940155 10
      vertex -165.889556885 38.8119812012 15
    endloop
  endfacet
  facet normal -0.651374042034 0 0.758756756783
    outer loop
      vertex -165.889556885 38.8119812012 15
      vertex -166.081710815 38.976940155 10
      vertex -165.889556885 38.8119812012 10
    endloop
  endfacet
  facet normal -0.724811553955 0 0.688947141171
    outer loop
      vertex -165.889556885 38.8119812012 15
      vertex -165.889556885 38.8119812012 10
      vertex -165.715087891 38.6284294128 15
    endloop
  endfacet
  facet normal -0.724811553955 0 0.688947141171
    outer loop
      vertex -165.715087891 38.6284294128 15
      vertex -165.889556885 38.8119812012 10
      vertex -165.715087891 38.6284294128 10
    endloop
  endfacet
  facet normal -0.790773928165 0 0.612108290195
    outer loop
      vertex -165.715087891 38.6284294128 15
      vertex -165.715087891 38.6284294128 10
      vertex -165.560073853 38.4281692505 15
    endloop
  endfacet
  facet normal -0.790773928165 0 0.612108290195
    outer loop
      vertex -165.560073853 38.4281692505 15
      vertex -165.715087891 38.6284294128 10
      vertex -165.560073853 38.4281692505 10
    endloop
  endfacet
  facet normal -0.848645210266 0 0.528962492943
    outer loop
      vertex -165.560073853 38.4281692505 15
      vertex -165.560073853 38.4281692505 10
      vertex -165.426116943 38.2132530212 15
    endloop
  endfacet
  facet normal -0.848645210266 0 0.528962492943
    outer loop
      vertex -165.426116943 38.2132530212 15
      vertex -165.560073853 38.4281692505 10
      vertex -165.426116943 38.2132530212 10
    endloop
  endfacet
  facet normal -0.897805809975 0 0.440391629934
    outer loop
      vertex -165.426116943 38.2132530212 15
      vertex -165.426116943 38.2132530212 10
      vertex -165.314590454 37.9858894348 15
    endloop
  endfacet
  facet normal -0.897805809975 0 0.440391629934
    outer loop
      vertex -165.314590454 37.9858894348 15
      vertex -165.426116943 38.2132530212 10
      vertex -165.314590454 37.9858894348 10
    endloop
  endfacet
  facet normal -0.937754034996 0 0.347300201654
    outer loop
      vertex -165.314590454 37.9858894348 15
      vertex -165.314590454 37.9858894348 10
      vertex -165.226638794 37.7484092712 15
    endloop
  endfacet
  facet normal -0.937754034996 0 0.347300201654
    outer loop
      vertex -165.226638794 37.7484092712 15
      vertex -165.314590454 37.9858894348 10
      vertex -165.226638794 37.7484092712 10
    endloop
  endfacet
  facet normal -0.96807795763 0 0.250649273396
    outer loop
      vertex -165.226638794 37.7484092712 15
      vertex -165.226638794 37.7484092712 10
      vertex -165.163162231 37.5032463074 15
    endloop
  endfacet
  facet normal -0.96807795763 0 0.250649273396
    outer loop
      vertex -165.163162231 37.5032463074 15
      vertex -165.226638794 37.7484092712 10
      vertex -165.163162231 37.5032463074 10
    endloop
  endfacet
  facet normal -0.988460958004 0 0.151475906372
    outer loop
      vertex -165.163162231 37.5032463074 15
      vertex -165.163162231 37.5032463074 10
      vertex -165.124801636 37.2529220581 15
    endloop
  endfacet
  facet normal -0.988460958004 0 0.151475906372
    outer loop
      vertex -165.124801636 37.2529220581 15
      vertex -165.163162231 37.5032463074 10
      vertex -165.124801636 37.2529220581 10
    endloop
  endfacet
  facet normal -0.998718380928 0 0.0506123155355
    outer loop
      vertex -165.124801636 37.2529220581 15
      vertex -165.124801636 37.2529220581 10
      vertex -165.111984253 37 15
    endloop
  endfacet
  facet normal -0.998718380928 0 0.0506123155355
    outer loop
      vertex -165.111984253 37 15
      vertex -165.124801636 37.2529220581 10
      vertex -165.111984253 37 10
    endloop
  endfacet
  facet normal -0.998718380928 -0 -0.0506123155355
    outer loop
      vertex -165.111984253 37 15
      vertex -165.111984253 37 10
      vertex -165.124801636 36.7470779419 15
    endloop
  endfacet
  facet normal -0.998718380928 -0 -0.0506123155355
    outer loop
      vertex -165.124801636 36.7470779419 15
      vertex -165.111984253 37 10
      vertex -165.124801636 36.7470779419 10
    endloop
  endfacet
  facet normal -0.988460958004 -0 -0.151475906372
    outer loop
      vertex -165.124801636 36.7470779419 15
      vertex -165.124801636 36.7470779419 10
      vertex -165.163162231 36.4967536926 15
    endloop
  endfacet
  facet normal -0.988460958004 -0 -0.151475906372
    outer loop
      vertex -165.163162231 36.4967536926 15
      vertex -165.124801636 36.7470779419 10
      vertex -165.163162231 36.4967536926 10
    endloop
  endfacet
  facet normal -0.968078255653 -0 -0.250648081303
    outer loop
      vertex -165.163162231 36.4967536926 15
      vertex -165.163162231 36.4967536926 10
      vertex -165.226638794 36.2515907288 15
    endloop
  endfacet
  facet normal -0.968078255653 -0 -0.250648081303
    outer loop
      vertex -165.226638794 36.2515907288 15
      vertex -165.163162231 36.4967536926 10
      vertex -165.226638794 36.2515907288 10
    endloop
  endfacet
  facet normal -0.93775343895 -0 -0.34730181098
    outer loop
      vertex -165.226638794 36.2515907288 15
      vertex -165.226638794 36.2515907288 10
      vertex -165.314590454 36.0141105652 15
    endloop
  endfacet
  facet normal -0.93775343895 -0 -0.34730181098
    outer loop
      vertex -165.314590454 36.0141105652 15
      vertex -165.226638794 36.2515907288 10
      vertex -165.314590454 36.0141105652 10
    endloop
  endfacet
  facet normal -0.897805809975 -0 -0.440391629934
    outer loop
      vertex -165.314590454 36.0141105652 15
      vertex -165.314590454 36.0141105652 10
      vertex -165.426116943 35.7867469788 15
    endloop
  endfacet
  facet normal -0.897805809975 -0 -0.440391629934
    outer loop
      vertex -165.426116943 35.7867469788 15
      vertex -165.314590454 36.0141105652 10
      vertex -165.426116943 35.7867469788 10
    endloop
  endfacet
  facet normal -0.848645210266 -0 -0.528962492943
    outer loop
      vertex -165.426116943 35.7867469788 15
      vertex -165.426116943 35.7867469788 10
      vertex -165.560073853 35.5718307495 15
    endloop
  endfacet
  facet normal -0.848645210266 -0 -0.528962492943
    outer loop
      vertex -165.560073853 35.5718307495 15
      vertex -165.426116943 35.7867469788 10
      vertex -165.560073853 35.5718307495 10
    endloop
  endfacet
  facet normal -0.790773928165 -0 -0.612108290195
    outer loop
      vertex -165.560073853 35.5718307495 15
      vertex -165.560073853 35.5718307495 10
      vertex -165.715087891 35.3715705872 15
    endloop
  endfacet
  facet normal -0.790773928165 -0 -0.612108290195
    outer loop
      vertex -165.715087891 35.3715705872 15
      vertex -165.560073853 35.5718307495 10
      vertex -165.715087891 35.3715705872 10
    endloop
  endfacet
  facet normal -0.724811553955 -0 -0.688947141171
    outer loop
      vertex -165.715087891 35.3715705872 15
      vertex -165.715087891 35.3715705872 10
      vertex -165.889556885 35.1880187988 15
    endloop
  endfacet
  facet normal -0.724811553955 -0 -0.688947141171
    outer loop
      vertex -165.889556885 35.1880187988 15
      vertex -165.715087891 35.3715705872 10
      vertex -165.889556885 35.1880187988 10
    endloop
  endfacet
  facet normal -0.651374042034 -0 -0.758756756783
    outer loop
      vertex -165.889556885 35.1880187988 15
      vertex -165.889556885 35.1880187988 10
      vertex -166.081710815 35.023059845 15
    endloop
  endfacet
  facet normal -0.651374042034 -0 -0.758756756783
    outer loop
      vertex -166.081710815 35.023059845 15
      vertex -165.889556885 35.1880187988 10
      vertex -166.081710815 35.023059845 10
    endloop
  endfacet
  facet normal -0.571269989014 -0 -0.820762217045
    outer loop
      vertex -166.081710815 35.023059845 15
      vertex -166.081710815 35.023059845 10
      vertex -166.28956604 34.8783874512 15
    endloop
  endfacet
  facet normal -0.571269989014 -0 -0.820762217045
    outer loop
      vertex -166.28956604 34.8783874512 15
      vertex -166.081710815 35.023059845 10
      vertex -166.28956604 34.8783874512 10
    endloop
  endfacet
  facet normal -0.485279470682 -0 -0.874359071255
    outer loop
      vertex -166.28956604 34.8783874512 15
      vertex -166.28956604 34.8783874512 10
      vertex -166.511001587 34.7554893494 15
    endloop
  endfacet
  facet normal -0.485279470682 -0 -0.874359071255
    outer loop
      vertex -166.511001587 34.7554893494 15
      vertex -166.28956604 34.8783874512 10
      vertex -166.511001587 34.7554893494 10
    endloop
  endfacet
  facet normal -0.39436724782 -0 -0.918952941895
    outer loop
      vertex -166.511001587 34.7554893494 15
      vertex -166.511001587 34.7554893494 10
      vertex -166.743713379 34.655620575 15
    endloop
  endfacet
  facet normal -0.39436724782 -0 -0.918952941895
    outer loop
      vertex -166.743713379 34.655620575 15
      vertex -166.511001587 34.7554893494 10
      vertex -166.743713379 34.655620575 10
    endloop
  endfacet
  facet normal -0.29936221242 -0 -0.954139530659
    outer loop
      vertex -166.743713379 34.655620575 15
      vertex -166.743713379 34.655620575 10
      vertex -166.985351562 34.5798072815 15
    endloop
  endfacet
  facet normal -0.29936221242 -0 -0.954139530659
    outer loop
      vertex -166.985351562 34.5798072815 15
      vertex -166.743713379 34.655620575 10
      vertex -166.985351562 34.5798072815 10
    endloop
  endfacet
  facet normal -0.201302170753 -0 -0.979529201984
    outer loop
      vertex -166.985351562 34.5798072815 15
      vertex -166.985351562 34.5798072815 10
      vertex -167.233413696 34.5288276672 15
    endloop
  endfacet
  facet normal -0.201302170753 -0 -0.979529201984
    outer loop
      vertex -167.233413696 34.5288276672 15
      vertex -166.985351562 34.5798072815 10
      vertex -167.233413696 34.5288276672 10
    endloop
  endfacet
  facet normal -0.101168952882 -0 -0.994869232178
    outer loop
      vertex -167.233413696 34.5288276672 15
      vertex -167.233413696 34.5288276672 10
      vertex -167.485351562 34.5032081604 15
    endloop
  endfacet
  facet normal -0.101168952882 -0 -0.994869232178
    outer loop
      vertex -167.485351562 34.5032081604 15
      vertex -167.233413696 34.5288276672 10
      vertex -167.485351562 34.5032081604 10
    endloop
  endfacet
  facet normal -0 -0 -1
    outer loop
      vertex -167.485351562 34.5032081604 15
      vertex -167.485351562 34.5032081604 10
      vertex -167.738601685 34.5032081604 15
    endloop
  endfacet
  facet normal 0 0 -1
    outer loop
      vertex -167.738601685 34.5032081604 15
      vertex -167.485351562 34.5032081604 10
      vertex -167.738601685 34.5032081604 10
    endloop
  endfacet
  facet normal 0.101162984967 0 -0.994869887829
    outer loop
      vertex -167.738601685 34.5032081604 15
      vertex -167.738601685 34.5032081604 10
      vertex -167.99055481 34.5288276672 15
    endloop
  endfacet
  facet normal 0.101162984967 0 -0.994869887829
    outer loop
      vertex -167.99055481 34.5288276672 15
      vertex -167.738601685 34.5032081604 10
      vertex -167.99055481 34.5288276672 10
    endloop
  endfacet
  facet normal 0.201302170753 0 -0.979529201984
    outer loop
      vertex -167.99055481 34.5288276672 15
      vertex -167.99055481 34.5288276672 10
      vertex -168.238616943 34.5798072815 15
    endloop
  endfacet
  facet normal 0.201302170753 0 -0.979529201984
    outer loop
      vertex -168.238616943 34.5798072815 15
      vertex -167.99055481 34.5288276672 10
      vertex -168.238616943 34.5798072815 10
    endloop
  endfacet
  facet normal 0.299379169941 0 -0.954134225845
    outer loop
      vertex -168.238616943 34.5798072815 15
      vertex -168.238616943 34.5798072815 10
      vertex -168.480239868 34.655620575 15
    endloop
  endfacet
  facet normal 0.299379169941 0 -0.954134225845
    outer loop
      vertex -168.480239868 34.655620575 15
      vertex -168.238616943 34.5798072815 10
      vertex -168.480239868 34.655620575 10
    endloop
  endfacet
  facet normal 0.394345760345 0 -0.91896212101
    outer loop
      vertex -168.480239868 34.655620575 15
      vertex -168.480239868 34.655620575 10
      vertex -168.712966919 34.7554893494 15
    endloop
  endfacet
  facet normal 0.394345760345 0 -0.91896212101
    outer loop
      vertex -168.712966919 34.7554893494 15
      vertex -168.480239868 34.655620575 10
      vertex -168.712966919 34.7554893494 10
    endloop
  endfacet
  facet normal 0.485304653645 0 -0.874345123768
    outer loop
      vertex -168.712966919 34.7554893494 15
      vertex -168.712966919 34.7554893494 10
      vertex -168.934387207 34.8783874512 15
    endloop
  endfacet
  facet normal 0.485304653645 0 -0.874345123768
    outer loop
      vertex -168.934387207 34.8783874512 15
      vertex -168.712966919 34.7554893494 10
      vertex -168.934387207 34.8783874512 10
    endloop
  endfacet
  facet normal 0.571269989014 0 -0.820762217045
    outer loop
      vertex -168.934387207 34.8783874512 15
      vertex -168.934387207 34.8783874512 10
      vertex -169.142242432 35.023059845 15
    endloop
  endfacet
  facet normal 0.571269989014 0 -0.820762217045
    outer loop
      vertex -169.142242432 35.023059845 15
      vertex -168.934387207 34.8783874512 10
      vertex -169.142242432 35.023059845 10
    endloop
  endfacet
  facet normal 0.651371598244 0 -0.758758842945
    outer loop
      vertex -169.142242432 35.023059845 15
      vertex -169.142242432 35.023059845 10
      vertex -169.334396362 35.1880187988 15
    endloop
  endfacet
  facet normal 0.651371598244 0 -0.758758842945
    outer loop
      vertex -169.334396362 35.1880187988 15
      vertex -169.142242432 35.023059845 10
      vertex -169.334396362 35.1880187988 10
    endloop
  endfacet
  facet normal 0.724781990051 0 -0.6889783144
    outer loop
      vertex -169.334396362 35.1880187988 15
      vertex -169.334396362 35.1880187988 10
      vertex -169.508880615 35.3715705872 15
    endloop
  endfacet
  facet normal 0.724781990051 0 -0.6889783144
    outer loop
      vertex -169.508880615 35.3715705872 15
      vertex -169.334396362 35.1880187988 10
      vertex -169.508880615 35.3715705872 10
    endloop
  endfacet
  facet normal 0.790773928165 0 -0.612108290195
    outer loop
      vertex -169.508880615 35.3715705872 15
      vertex -169.508880615 35.3715705872 10
      vertex -169.663894653 35.5718307495 15
    endloop
  endfacet
  facet normal 0.790773928165 0 -0.612108290195
    outer loop
      vertex -169.663894653 35.5718307495 15
      vertex -169.508880615 35.3715705872 10
      vertex -169.663894653 35.5718307495 10
    endloop
  endfacet
  facet normal 0.848647415638 0 -0.528958916664
    outer loop
      vertex -169.663894653 35.5718307495 15
      vertex -169.663894653 35.5718307495 10
      vertex -169.797851562 35.7867469788 15
    endloop
  endfacet
  facet normal 0.848647415638 0 -0.528958916664
    outer loop
      vertex -169.797851562 35.7867469788 15
      vertex -169.663894653 35.5718307495 10
      vertex -169.797851562 35.7867469788 10
    endloop
  endfacet
  facet normal 0.897805809975 0 -0.440391629934
    outer loop
      vertex -169.797851562 35.7867469788 15
      vertex -169.797851562 35.7867469788 10
      vertex -169.909378052 36.0141105652 15
    endloop
  endfacet
  facet normal 0.897805809975 0 -0.440391629934
    outer loop
      vertex -169.909378052 36.0141105652 15
      vertex -169.797851562 35.7867469788 10
      vertex -169.909378052 36.0141105652 10
    endloop
  endfacet
  facet normal 0.93775343895 0 -0.34730181098
    outer loop
      vertex -169.909378052 36.0141105652 15
      vertex -169.909378052 36.0141105652 10
      vertex -169.997329712 36.2515907288 15
    endloop
  endfacet
  facet normal 0.93775343895 0 -0.34730181098
    outer loop
      vertex -169.997329712 36.2515907288 15
      vertex -169.909378052 36.0141105652 10
      vertex -169.997329712 36.2515907288 10
    endloop
  endfacet
  facet normal 0.96807706356 0 -0.250652700663
    outer loop
      vertex -169.997329712 36.2515907288 15
      vertex -169.997329712 36.2515907288 10
      vertex -170.060806274 36.4967536926 15
    endloop
  endfacet
  facet normal 0.96807706356 0 -0.250652700663
    outer loop
      vertex -170.060806274 36.4967536926 15
      vertex -169.997329712 36.2515907288 10
      vertex -170.060806274 36.4967536926 10
    endloop
  endfacet
  facet normal 0.988470554352 0 -0.15141312778
    outer loop
      vertex -170.060806274 36.4967536926 15
      vertex -170.060806274 36.4967536926 10
      vertex -170.099151611 36.7470779419 15
    endloop
  endfacet
  facet normal 0.988470554352 0 -0.15141312778
    outer loop
      vertex -170.099151611 36.7470779419 15
      vertex -170.060806274 36.4967536926 10
      vertex -170.099151611 36.7470779419 10
    endloop
  endfacet
  facet normal 0.998715400696 0 -0.0506714731455
    outer loop
      vertex -170.099151611 36.7470779419 15
      vertex -170.099151611 36.7470779419 10
      vertex -170.111984253 37 15
    endloop
  endfacet
  facet normal 0.998715400696 0 -0.0506714731455
    outer loop
      vertex -170.111984253 37 15
      vertex -170.099151611 36.7470779419 10
      vertex -170.111984253 37 10
    endloop
  endfacet
  facet normal 0.998715400696 0 0.0506714731455
    outer loop
      vertex -170.111984253 37 10
      vertex -170.111984253 37 5
      vertex -170.099151611 37.2529220581 10
    endloop
  endfacet
  facet normal 0.998715400696 0 0.0506714731455
    outer loop
      vertex -170.099151611 37.2529220581 10
      vertex -170.111984253 37 5
      vertex -170.099151611 37.2529220581 5
    endloop
  endfacet
  facet normal 0.988470554352 0 0.15141312778
    outer loop
      vertex -170.099151611 37.2529220581 10
      vertex -170.099151611 37.2529220581 5
      vertex -170.060806274 37.5032463074 10
    endloop
  endfacet
  facet normal 0.988470554352 0 0.15141312778
    outer loop
      vertex -170.060806274 37.5032463074 10
      vertex -170.099151611 37.2529220581 5
      vertex -170.060806274 37.5032463074 5
    endloop
  endfacet
  facet normal 0.968076765537 0 0.250653892756
    outer loop
      vertex -170.060806274 37.5032463074 10
      vertex -170.060806274 37.5032463074 5
      vertex -169.997329712 37.7484092712 10
    endloop
  endfacet
  facet normal 0.968076765537 0 0.250653892756
    outer loop
      vertex -169.997329712 37.7484092712 10
      vertex -170.060806274 37.5032463074 5
      vertex -169.997329712 37.7484092712 5
    endloop
  endfacet
  facet normal 0.937754034996 0 0.347300201654
    outer loop
      vertex -169.997329712 37.7484092712 10
      vertex -169.997329712 37.7484092712 5
      vertex -169.909378052 37.9858894348 10
    endloop
  endfacet
  facet normal 0.937754034996 0 0.347300201654
    outer loop
      vertex -169.909378052 37.9858894348 10
      vertex -169.997329712 37.7484092712 5
      vertex -169.909378052 37.9858894348 5
    endloop
  endfacet
  facet normal 0.897805809975 0 0.440391629934
    outer loop
      vertex -169.909378052 37.9858894348 10
      vertex -169.909378052 37.9858894348 5
      vertex -169.797851562 38.2132530212 10
    endloop
  endfacet
  facet normal 0.897805809975 0 0.440391629934
    outer loop
      vertex -169.797851562 38.2132530212 10
      vertex -169.909378052 37.9858894348 5
      vertex -169.797851562 38.2132530212 5
    endloop
  endfacet
  facet normal 0.848647415638 0 0.528958916664
    outer loop
      vertex -169.797851562 38.2132530212 10
      vertex -169.797851562 38.2132530212 5
      vertex -169.663894653 38.4281692505 10
    endloop
  endfacet
  facet normal 0.848647415638 0 0.528958916664
    outer loop
      vertex -169.663894653 38.4281692505 10
      vertex -169.797851562 38.2132530212 5
      vertex -169.663894653 38.4281692505 5
    endloop
  endfacet
  facet normal 0.790773928165 0 0.612108290195
    outer loop
      vertex -169.663894653 38.4281692505 10
      vertex -169.663894653 38.4281692505 5
      vertex -169.508880615 38.6284294128 10
    endloop
  endfacet
  facet normal 0.790773928165 0 0.612108290195
    outer loop
      vertex -169.508880615 38.6284294128 10
      vertex -169.663894653 38.4281692505 5
      vertex -169.508880615 38.6284294128 5
    endloop
  endfacet
  facet normal 0.724781990051 0 0.6889783144
    outer loop
      vertex -169.508880615 38.6284294128 10
      vertex -169.508880615 38.6284294128 5
      vertex -169.334396362 38.8119812012 10
    endloop
  endfacet
  facet normal 0.724781990051 0 0.6889783144
    outer loop
      vertex -169.334396362 38.8119812012 10
      vertex -169.508880615 38.6284294128 5
      vertex -169.334396362 38.8119812012 5
    endloop
  endfacet
  facet normal 0.651371598244 0 0.758758842945
    outer loop
      vertex -169.334396362 38.8119812012 10
      vertex -169.334396362 38.8119812012 5
      vertex -169.142242432 38.976940155 10
    endloop
  endfacet
  facet normal 0.651371598244 0 0.758758842945
    outer loop
      vertex -169.142242432 38.976940155 10
      vertex -169.334396362 38.8119812012 5
      vertex -169.142242432 38.976940155 5
    endloop
  endfacet
  facet normal 0.571269989014 0 0.820762217045
    outer loop
      vertex -169.142242432 38.976940155 10
      vertex -169.142242432 38.976940155 5
      vertex -168.934387207 39.1216125488 10
    endloop
  endfacet
  facet normal 0.571269989014 0 0.820762217045
    outer loop
      vertex -168.934387207 39.1216125488 10
      vertex -169.142242432 38.976940155 5
      vertex -168.934387207 39.1216125488 5
    endloop
  endfacet
  facet normal 0.48530086875 0 0.87434720993
    outer loop
      vertex -168.934387207 39.1216125488 10
      vertex -168.934387207 39.1216125488 5
      vertex -168.712966919 39.2445106506 10
    endloop
  endfacet
  facet normal 0.48530086875 0 0.87434720993
    outer loop
      vertex -168.712966919 39.2445106506 10
      vertex -168.934387207 39.1216125488 5
      vertex -168.712966919 39.2445106506 5
    endloop
  endfacet
  facet normal 0.394349932671 0 0.91896033287
    outer loop
      vertex -168.712966919 39.2445106506 10
      vertex -168.712966919 39.2445106506 5
      vertex -168.480239868 39.344379425 10
    endloop
  endfacet
  facet normal 0.394349932671 0 0.91896033287
    outer loop
      vertex -168.480239868 39.344379425 10
      vertex -168.712966919 39.2445106506 5
      vertex -168.480239868 39.344379425 5
    endloop
  endfacet
  facet normal 0.29937466979 0 0.954135656357
    outer loop
      vertex -168.480239868 39.344379425 10
      vertex -168.480239868 39.344379425 5
      vertex -168.238616943 39.4201927185 10
    endloop
  endfacet
  facet normal 0.29937466979 0 0.954135656357
    outer loop
      vertex -168.238616943 39.4201927185 10
      vertex -168.480239868 39.344379425 5
      vertex -168.238616943 39.4201927185 5
    endloop
  endfacet
  facet normal 0.201306909323 0 0.979528188705
    outer loop
      vertex -168.238616943 39.4201927185 10
      vertex -168.238616943 39.4201927185 5
      vertex -167.99055481 39.4711723328 10
    endloop
  endfacet
  facet normal 0.201306909323 0 0.979528188705
    outer loop
      vertex -167.99055481 39.4711723328 10
      vertex -168.238616943 39.4201927185 5
      vertex -167.99055481 39.4711723328 5
    endloop
  endfacet
  facet normal 0.101158097386 0 0.994870364666
    outer loop
      vertex -167.99055481 39.4711723328 10
      vertex -167.99055481 39.4711723328 5
      vertex -167.738601685 39.4967918396 10
    endloop
  endfacet
  facet normal 0.101158097386 0 0.994870364666
    outer loop
      vertex -167.738601685 39.4967918396 10
      vertex -167.99055481 39.4711723328 5
      vertex -167.738601685 39.4967918396 5
    endloop
  endfacet
  facet normal -0 0 1
    outer loop
      vertex -167.738601685 39.4967918396 10
      vertex -167.738601685 39.4967918396 5
      vertex -167.485351562 39.4967918396 10
    endloop
  endfacet
  facet normal 0 0 1
    outer loop
      vertex -167.485351562 39.4967918396 10
      vertex -167.738601685 39.4967918396 5
      vertex -167.485351562 39.4967918396 5
    endloop
  endfacet
  facet normal -0.101164065301 0 0.99486976862
    outer loop
      vertex -167.485351562 39.4967918396 10
      vertex -167.485351562 39.4967918396 5
      vertex -167.233413696 39.4711723328 10
    endloop
  endfacet
  facet normal -0.101164065301 0 0.99486976862
    outer loop
      vertex -167.233413696 39.4711723328 10
      vertex -167.485351562 39.4967918396 5
      vertex -167.233413696 39.4711723328 5
    endloop
  endfacet
  facet normal -0.201306909323 0 0.979528188705
    outer loop
      vertex -167.233413696 39.4711723328 10
      vertex -167.233413696 39.4711723328 5
      vertex -166.985351562 39.4201927185 10
    endloop
  endfacet
  facet normal -0.201306909323 0 0.979528188705
    outer loop
      vertex -166.985351562 39.4201927185 10
      vertex -167.233413696 39.4711723328 5
      vertex -166.985351562 39.4201927185 5
    endloop
  endfacet
  facet normal -0.299357712269 0 0.95414096117
    outer loop
      vertex -166.985351562 39.4201927185 10
      vertex -166.985351562 39.4201927185 5
      vertex -166.743713379 39.344379425 10
    endloop
  endfacet
  facet normal -0.299357712269 0 0.95414096117
    outer loop
      vertex -166.743713379 39.344379425 10
      vertex -166.985351562 39.4201927185 5
      vertex -166.743713379 39.344379425 5
    endloop
  endfacet
  facet normal -0.394371420145 0 0.918951153755
    outer loop
      vertex -166.743713379 39.344379425 10
      vertex -166.743713379 39.344379425 5
      vertex -166.511001587 39.2445106506 10
    endloop
  endfacet
  facet normal -0.394371420145 0 0.918951153755
    outer loop
      vertex -166.511001587 39.2445106506 10
      vertex -166.743713379 39.344379425 5
      vertex -166.511001587 39.2445106506 5
    endloop
  endfacet
  facet normal -0.485275685787 0 0.874361217022
    outer loop
      vertex -166.511001587 39.2445106506 10
      vertex -166.511001587 39.2445106506 5
      vertex -166.28956604 39.1216125488 10
    endloop
  endfacet
  facet normal -0.485275685787 0 0.874361217022
    outer loop
      vertex -166.28956604 39.1216125488 10
      vertex -166.511001587 39.2445106506 5
      vertex -166.28956604 39.1216125488 5
    endloop
  endfacet
  facet normal -0.571269989014 0 0.820762217045
    outer loop
      vertex -166.28956604 39.1216125488 10
      vertex -166.28956604 39.1216125488 5
      vertex -166.081710815 38.976940155 10
    endloop
  endfacet
  facet normal -0.571269989014 0 0.820762217045
    outer loop
      vertex -166.081710815 38.976940155 10
      vertex -166.28956604 39.1216125488 5
      vertex -166.081710815 38.976940155 5
    endloop
  endfacet
  facet normal -0.651374042034 0 0.758756756783
    outer loop
      vertex -166.081710815 38.976940155 10
      vertex -166.081710815 38.976940155 5
      vertex -165.889556885 38.8119812012 10
    endloop
  endfacet
  facet normal -0.651374042034 0 0.758756756783
    outer loop
      vertex -165.889556885 38.8119812012 10
      vertex -166.081710815 38.976940155 5
      vertex -165.889556885 38.8119812012 5
    endloop
  endfacet
  facet normal -0.724811553955 0 0.688947141171
    outer loop
      vertex -165.889556885 38.8119812012 10
      vertex -165.889556885 38.8119812012 5
      vertex -165.715087891 38.6284294128 10
    endloop
  endfacet
  facet normal -0.724811553955 0 0.688947141171
    outer loop
      vertex -165.715087891 38.6284294128 10
      vertex -165.889556885 38.8119812012 5
      vertex -165.715087891 38.6284294128 5
    endloop
  endfacet
  facet normal -0.790773928165 0 0.612108290195
    outer loop
      vertex -165.715087891 38.6284294128 10
      vertex -165.715087891 38.6284294128 5
      vertex -165.560073853 38.4281692505 10
    endloop
  endfacet
  facet normal -0.790773928165 0 0.612108290195
    outer loop
      vertex -165.560073853 38.4281692505 10
      vertex -165.715087891 38.6284294128 5
      vertex -165.560073853 38.4281692505 5
    endloop
  endfacet
  facet normal -0.848645210266 0 0.528962492943
    outer loop
      vertex -165.560073853 38.4281692505 10
      vertex -165.560073853 38.4281692505 5
      vertex -165.426116943 38.2132530212 10
    endloop
  endfacet
  facet normal -0.848645210266 0 0.528962492943
    outer loop
      vertex -165.426116943 38.2132530212 10
      vertex -165.560073853 38.4281692505 5
      vertex -165.426116943 38.2132530212 5
    endloop
  endfacet
  facet normal -0.897805809975 0 0.440391629934
    outer loop
      vertex -165.426116943 38.2132530212 10
      vertex -165.426116943 38.2132530212 5
      vertex -165.314590454 37.9858894348 10
    endloop
  endfacet
  facet normal -0.897805809975 0 0.440391629934
    outer loop
      vertex -165.314590454 37.9858894348 10
      vertex -165.426116943 38.2132530212 5
      vertex -165.314590454 37.9858894348 5
    endloop
  endfacet
  facet normal -0.937754034996 0 0.347300201654
    outer loop
      vertex -165.314590454 37.9858894348 10
      vertex -165.314590454 37.9858894348 5
      vertex -165.226638794 37.7484092712 10
    endloop
  endfacet
  facet normal -0.937754034996 0 0.347300201654
    outer loop
      vertex -165.226638794 37.7484092712 10
      vertex -165.314590454 37.9858894348 5
      vertex -165.226638794 37.7484092712 5
    endloop
  endfacet
  facet normal -0.96807795763 0 0.250649273396
    outer loop
      vertex -165.226638794 37.7484092712 10
      vertex -165.226638794 37.7484092712 5
      vertex -165.163162231 37.5032463074 10
    endloop
  endfacet
  facet normal -0.96807795763 0 0.250649273396
    outer loop
      vertex -165.163162231 37.5032463074 10
      vertex -165.226638794 37.7484092712 5
      vertex -165.163162231 37.5032463074 5
    endloop
  endfacet
  facet normal -0.988460958004 0 0.151475906372
    outer loop
      vertex -165.163162231 37.5032463074 10
      vertex -165.163162231 37.5032463074 5
      vertex -165.124801636 37.2529220581 10
    endloop
  endfacet
  facet normal -0.988460958004 0 0.151475906372
    outer loop
      vertex -165.124801636 37.2529220581 10
      vertex -165.163162231 37.5032463074 5
      vertex -165.124801636 37.2529220581 5
    endloop
  endfacet
  facet normal -0.998718380928 0 0.0506123155355
    outer loop
      vertex -165.124801636 37.2529220581 10
      vertex -165.124801636 37.2529220581 5
      vertex -165.111984253 37 10
    endloop
  endfacet
  facet normal -0.998718380928 0 0.0506123155355
    outer loop
      vertex -165.111984253 37 10
      vertex -165.124801636 37.2529220581 5
      vertex -165.111984253 37 5
    endloop
  endfacet
  facet normal -0.998718380928 -0 -0.0506123155355
    outer loop
      vertex -165.111984253 37 10
      vertex -165.111984253 37 5
      vertex -165.124801636 36.7470779419 10
    endloop
  endfacet
  facet normal -0.998718380928 -0 -0.0506123155355
    outer loop
      vertex -165.124801636 36.7470779419 10
      vertex -165.111984253 37 5
      vertex -165.124801636 36.7470779419 5
    endloop
  endfacet
  facet normal -0.988460958004 -0 -0.151475906372
    outer loop
      vertex -165.124801636 36.7470779419 10
      vertex -165.124801636 36.7470779419 5
      vertex -165.163162231 36.4967536926 10
    endloop
  endfacet
  facet normal -0.988460958004 -0 -0.151475906372
    outer loop
      vertex -165.163162231 36.4967536926 10
      vertex -165.124801636 36.7470779419 5
      vertex -165.163162231 36.4967536926 5
    endloop
  endfacet
  facet normal -0.968078255653 -0 -0.250648081303
    outer loop
      vertex -165.163162231 36.4967536926 10
      vertex -165.163162231 36.4967536926 5
      vertex -165.226638794 36.2515907288 10
    endloop
  endfacet
  facet normal -0.968078255653 -0 -0.250648081303
    outer loop
      vertex -165.226638794 36.2515907288 10
      vertex -165.163162231 36.4967536926 5
      vertex -165.226638794 36.2515907288 5
    endloop
  endfacet
  facet normal -0.93775343895 -0 -0.34730181098
    outer loop
      vertex -165.226638794 36.2515907288 10
      vertex -165.226638794 36.2515907288 5
      vertex -165.314590454 36.0141105652 10
    endloop
  endfacet
  facet normal -0.93775343895 -0 -0.34730181098
    outer loop
      vertex -165.314590454 36.0141105652 10
      vertex -165.226638794 36.2515907288 5
      vertex -165.314590454 36.0141105652 5
    endloop
  endfacet
  facet normal -0.897805809975 -0 -0.440391629934
    outer loop
      vertex -165.314590454 36.0141105652 10
      vertex -165.314590454 36.0141105652 5
      vertex -165.426116943 35.7867469788 10
    endloop
  endfacet
  facet normal -0.897805809975 -0 -0.440391629934
    outer loop
      vertex -165.426116943 35.7867469788 10
      vertex -165.314590454 36.0141105652 5
      vertex -165.426116943 35.7867469788 5
    endloop
  endfacet
  facet normal -0.848645210266 -0 -0.528962492943
    outer loop
      vertex -165.426116943 35.7867469788 10
      vertex -165.426116943 35.7867469788 5
      vertex -165.560073853 35.5718307495 10
    endloop
  endfacet
  facet normal -0.848645210266 -0 -0.528962492943
    outer loop
      vertex -165.560073853 35.5718307495 10
      vertex -165.426116943 35.7867469788 5
      vertex -165.560073853 35.5718307495 5
    endloop
  endfacet
  facet normal -0.790773928165 -0 -0.612108290195
    outer loop
      vertex -165.560073853 35.5718307495 10
      vertex -165.560073853 35.5718307495 5
      vertex -165.715087891 35.3715705872 10
    endloop
  endfacet
  facet normal -0.790773928165 -0 -0.612108290195
    outer loop
      vertex -165.715087891 35.3715705872 10
      vertex -165.560073853 35.5718307495 5
      vertex -165.715087891 35.3715705872 5
    endloop
  endfacet
  facet normal -0.724811553955 -0 -0.688947141171
    outer loop
      vertex -165.715087891 35.3715705872 10
      vertex -165.715087891 35.3715705872 5
      vertex -165.889556885 35.1880187988 10
    endloop
  endfacet
  facet normal -0.724811553955 -0 -0.688947141171
    outer loop
      vertex -165.889556885 35.1880187988 10
      vertex -165.715087891 35.3715705872 5
      vertex -165.889556885 35.1880187988 5
    endloop
  endfacet
  facet normal -0.651374042034 -0 -0.758756756783
    outer loop
      vertex -165.889556885 35.1880187988 10
      vertex -165.889556885 35.1880187988 5
      vertex -166.081710815 35.023059845 10
    endloop
  endfacet
  facet normal -0.651374042034 -0 -0.758756756783
    outer loop
      vertex -166.081710815 35.023059845 10
      vertex -165.889556885 35.1880187988 5
      vertex -166.081710815 35.023059845 5
    endloop
  endfacet
  facet normal -0.571269989014 -0 -0.820762217045
    outer loop
      vertex -166.081710815 35.023059845 10
      vertex -166.081710815 35.023059845 5
      vertex -166.28956604 34.8783874512 10
    endloop
  endfacet
  facet normal -0.571269989014 -0 -0.820762217045
    outer loop
      vertex -166.28956604 34.8783874512 10
      vertex -166.081710815 35.023059845 5
      vertex -166.28956604 34.8783874512 5
    endloop
  endfacet
  facet normal -0.485279470682 -0 -0.874359071255
    outer loop
      vertex -166.28956604 34.8783874512 10
      vertex -166.28956604 34.8783874512 5
      vertex -166.511001587 34.7554893494 10
    endloop
  endfacet
  facet normal -0.485279470682 -0 -0.874359071255
    outer loop
      vertex -166.511001587 34.7554893494 10
      vertex -166.28956604 34.8783874512 5
      vertex -166.511001587 34.7554893494 5
    endloop
  endfacet
  facet normal -0.39436724782 -0 -0.918952941895
    outer loop
      vertex -166.511001587 34.7554893494 10
      vertex -166.511001587 34.7554893494 5
      vertex -166.743713379 34.655620575 10
    endloop
  endfacet
  facet normal -0.39436724782 -0 -0.918952941895
    outer loop
      vertex -166.743713379 34.655620575 10
      vertex -166.511001587 34.7554893494 5
      vertex -166.743713379 34.655620575 5
    endloop
  endfacet
  facet normal -0.29936221242 -0 -0.954139530659
    outer loop
      vertex -166.743713379 34.655620575 10
      vertex -166.743713379 34.655620575 5
      vertex -166.985351562 34.5798072815 10
    endloop
  endfacet
  facet normal -0.29936221242 -0 -0.954139530659
    outer loop
      vertex -166.985351562 34.5798072815 10
      vertex -166.743713379 34.655620575 5
      vertex -166.985351562 34.5798072815 5
    endloop
  endfacet
  facet normal -0.201302170753 -0 -0.979529201984
    outer loop
      vertex -166.985351562 34.5798072815 10
      vertex -166.985351562 34.5798072815 5
      vertex -167.233413696 34.5288276672 10
    endloop
  endfacet
  facet normal -0.201302170753 -0 -0.979529201984
    outer loop
      vertex -167.233413696 34.5288276672 10
      vertex -166.985351562 34.5798072815 5
      vertex -167.233413696 34.5288276672 5
    endloop
  endfacet
  facet normal -0.101168952882 -0 -0.994869232178
    outer loop
      vertex -167.233413696 34.5288276672 10
      vertex -167.233413696 34.5288276672 5
      vertex -167.485351562 34.5032081604 10
    endloop
  endfacet
  facet normal -0.101168952882 -0 -0.994869232178
    outer loop
      vertex -167.485351562 34.5032081604 10
      vertex -167.233413696 34.5288276672 5
      vertex -167.485351562 34.5032081604 5
    endloop
  endfacet
  facet normal -0 -0 -1
    outer loop
      vertex -167.485351562 34.5032081604 10
      vertex -167.485351562 34.5032081604 5
      vertex -167.738601685 34.5032081604 10
    endloop
  endfacet
  facet normal 0 0 -1
    outer loop
      vertex -167.738601685 34.5032081604 10
      vertex -167.485351562 34.5032081604 5
      vertex -167.738601685 34.5032081604 5
    endloop
  endfacet
  facet normal 0.101162984967 0 -0.994869887829
    outer loop
      vertex -167.738601685 34.5032081604 10
      vertex -167.738601685 34.5032081604 5
      vertex -167.99055481 34.5288276672 10
    endloop
  endfacet
  facet normal 0.101162984967 0 -0.994869887829
    outer loop
      vertex -167.99055481 34.5288276672 10
      vertex -167.738601685 34.5032081604 5
      vertex -167.99055481 34.5288276672 5
    endloop
  endfacet
  facet normal 0.201302170753 0 -0.979529201984
    outer loop
      vertex -167.99055481 34.5288276672 10
      vertex -167.99055481 34.5288276672 5
      vertex -168.238616943 34.5798072815 10
    endloop
  endfacet
  facet normal 0.201302170753 0 -0.979529201984
    outer loop
      vertex -168.238616943 34.5798072815 10
      vertex -167.99055481 34.5288276672 5
      vertex -168.238616943 34.5798072815 5
    endloop
  endfacet
  facet normal 0.299379169941 0 -0.954134225845
    outer loop
      vertex -168.238616943 34.5798072815 10
      vertex -168.238616943 34.5798072815 5
      vertex -168.480239868 34.655620575 10
    endloop
  endfacet
  facet normal 0.299379169941 0 -0.954134225845
    outer loop
      vertex -168.480239868 34.655620575 10
      vertex -168.238616943 34.5798072815 5
      vertex -168.480239868 34.655620575 5
    endloop
  endfacet
  facet normal 0.394345760345 0 -0.91896212101
    outer loop
      vertex -168.480239868 34.655620575 10
      vertex -168.480239868 34.655620575 5
      vertex -168.712966919 34.7554893494 10
    endloop
  endfacet
  facet normal 0.394345760345 0 -0.91896212101
    outer loop
      vertex -168.712966919 34.7554893494 10
      vertex -168.480239868 34.655620575 5
      vertex -168.712966919 34.7554893494 5
    endloop
  endfacet
  facet normal 0.485304653645 0 -0.874345123768
    outer loop
      vertex -168.712966919 34.7554893494 10
      vertex -168.712966919 34.7554893494 5
      vertex -168.934387207 34.8783874512 10
    endloop
  endfacet
  facet normal 0.485304653645 0 -0.874345123768
    outer loop
      vertex -168.934387207 34.8783874512 10
      vertex -168.712966919 34.7554893494 5
      vertex -168.934387207 34.8783874512 5
    endloop
  endfacet
  facet normal 0.571269989014 0 -0.820762217045
    outer loop
      vertex -168.934387207 34.8783874512 10
      vertex -168.934387207 34.8783874512 5
      vertex -169.142242432 35.023059845 10
    endloop
  endfacet
  facet normal 0.571269989014 0 -0.820762217045
    outer loop
      vertex -169.142242432 35.023059845 10
      vertex -168.934387207 34.8783874512 5
      vertex -169.142242432 35.023059845 5
    endloop
  endfacet
  facet normal 0.651371598244 0 -0.758758842945
    outer loop
      vertex -169.142242432 35.023059845 10
      vertex -169.142242432 35.023059845 5
      vertex -169.334396362 35.1880187988 10
    endloop
  endfacet
  facet normal 0.651371598244 0 -0.758758842945
    outer loop
      vertex -169.334396362 35.1880187988 10
      vertex -169.142242432 35.023059845 5
      vertex -169.334396362 35.1880187988 5
    endloop
  endfacet
  facet normal 0.724781990051 0 -0.6889783144
    outer loop
      vertex -169.334396362 35.1880187988 10
      vertex -169.334396362 35.1880187988 5
      vertex -169.508880615 35.3715705872 10
    endloop
  endfacet
  facet normal 0.724781990051 0 -0.6889783144
    outer loop
      vertex -169.508880615 35.3715705872 10
      vertex -169.334396362 35.1880187988 5
      vertex -169.508880615 35.3715705872 5
    endloop
  endfacet
  facet normal 0.790773928165 0 -0.612108290195
    outer loop
      vertex -169.508880615 35.3715705872 10
      vertex -169.508880615 35.3715705872 5
      vertex -169.663894653 35.5718307495 10
    endloop
  endfacet
  facet normal 0.790773928165 0 -0.612108290195
    outer loop
      vertex -169.663894653 35.5718307495 10
      vertex -169.508880615 35.3715705872 5
      vertex -169.663894653 35.5718307495 5
    endloop
  endfacet
  facet normal 0.848647415638 0 -0.528958916664
    outer loop
      vertex -169.663894653 35.5718307495 10
      vertex -169.663894653 35.5718307495 5
      vertex -169.797851562 35.7867469788 10
    endloop
  endfacet
  facet normal 0.848647415638 0 -0.528958916664
    outer loop
      vertex -169.797851562 35.7867469788 10
      vertex -169.663894653 35.5718307495 5
      vertex -169.797851562 35.7867469788 5
    endloop
  endfacet
  facet normal 0.897805809975 0 -0.440391629934
    outer loop
      vertex -169.797851562 35.7867469788 10
      vertex -169.797851562 35.7867469788 5
      vertex -169.909378052 36.0141105652 10
    endloop
  endfacet
  facet normal 0.897805809975 0 -0.440391629934
    outer loop
      vertex -169.909378052 36.0141105652 10
      vertex -169.797851562 35.7867469788 5
      vertex -169.909378052 36.0141105652 5
    endloop
  endfacet
  facet normal 0.93775343895 0 -0.34730181098
    outer loop
      vertex -169.909378052 36.0141105652 10
      vertex -169.909378052 36.0141105652 5
      vertex -169.997329712 36.2515907288 10
    endloop
  endfacet
  facet normal 0.93775343895 0 -0.34730181098
    outer loop
      vertex -169.997329712 36.2515907288 10
      vertex -169.909378052 36.0141105652 5
      vertex -169.997329712 36.2515907288 5
    endloop
  endfacet
  facet normal 0.96807706356 0 -0.250652700663
    outer loop
      vertex -169.997329712 36.2515907288 10
      vertex -169.997329712 36.2515907288 5
      vertex -170.060806274 36.4967536926 10
    endloop
  endfacet
  facet normal 0.96807706356 0 -0.250652700663
    outer loop
      vertex -170.060806274 36.4967536926 10
      vertex -169.997329712 36.2515907288 5
      vertex -170.060806274 36.4967536926 5
    endloop
  endfacet
  facet normal 0.988470554352 0 -0.15141312778
    outer loop
      vertex -170.060806274 36.4967536926 10
      vertex -170.060806274 36.4967536926 5
      vertex -170.099151611 36.7470779419 10
    endloop
  endfacet
  facet normal 0.988470554352 0 -0.15141312778
    outer loop
      vertex -170.099151611 36.7470779419 10
      vertex -170.060806274 36.4967536926 5
      vertex -170.099151611 36.7470779419 5
    endloop
  endfacet
  facet normal 0.998715400696 0 -0.0506714731455
    outer loop
      vertex -170.099151611 36.7470779419 10
      vertex -170.099151611 36.7470779419 5
      vertex -170.111984253 37 10
    endloop
  endfacet
  facet normal 0.998715400696 0 -0.0506714731455
    outer loop
      vertex -170.111984253 37 10
      vertex -170.099151611 36.7470779419 5
      vertex -170.111984253 37 5
    endloop
  endfacet
  facet normal 0.998715341091 0 -0.0506717227399
    outer loop
      vertex -138.099151611 4.74707937241 25
      vertex -138.099151611 4.74707937241 20
      vertex -138.111984253 4.99999952316 25
    endloop
  endfacet
  facet normal 0.998715341091 0 -0.0506717227399
    outer loop
      vertex -138.111984253 4.99999952316 25
      vertex -138.099151611 4.74707937241 20
      vertex -138.111984253 4.99999952316 20
    endloop
  endfacet
  facet normal 0.998715341091 0 0.0506717227399
    outer loop
      vertex -138.111984253 4.99999952316 25
      vertex -138.111984253 4.99999952316 20
      vertex -138.099151611 5.25292015076 25
    endloop
  endfacet
  facet normal 0.998715341091 0 0.0506717227399
    outer loop
      vertex -138.099151611 5.25292015076 25
      vertex -138.111984253 4.99999952316 20
      vertex -138.099151611 5.25292015076 20
    endloop
  endfacet
  facet normal 0.988469958305 0 0.151417210698
    outer loop
      vertex -138.099151611 5.25292015076 25
      vertex -138.099151611 5.25292015076 20
      vertex -138.060806274 5.50324583054 25
    endloop
  endfacet
  facet normal 0.988469958305 0 0.151417210698
    outer loop
      vertex -138.060806274 5.50324583054 25
      vertex -138.099151611 5.25292015076 20
      vertex -138.060806274 5.50324583054 20
    endloop
  endfacet
  facet normal 0.96807795763 0 0.250649273396
    outer loop
      vertex -138.060806274 5.50324583054 25
      vertex -138.060806274 5.50324583054 20
      vertex -137.997329712 5.74840831757 25
    endloop
  endfacet
  facet normal 0.96807795763 0 0.250649273396
    outer loop
      vertex -137.997329712 5.74840831757 25
      vertex -138.060806274 5.50324583054 20
      vertex -137.997329712 5.74840831757 20
    endloop
  endfacet
  facet normal 0.937754034996 0 0.347300201654
    outer loop
      vertex -137.997329712 5.74840831757 25
      vertex -137.997329712 5.74840831757 20
      vertex -137.909378052 5.98588943481 25
    endloop
  endfacet
  facet normal 0.937754034996 0 0.347300201654
    outer loop
      vertex -137.909378052 5.98588943481 25
      vertex -137.997329712 5.74840831757 20
      vertex -137.909378052 5.98588943481 20
    endloop
  endfacet
  facet normal 0.897807717323 0 0.440387696028
    outer loop
      vertex -137.909378052 5.98588943481 25
      vertex -137.909378052 5.98588943481 20
      vertex -137.797851562 6.21325492859 25
    endloop
  endfacet
  facet normal 0.897807717323 0 0.440387696028
    outer loop
      vertex -137.797851562 6.21325492859 25
      vertex -137.909378052 5.98588943481 20
      vertex -137.797851562 6.21325492859 20
    endloop
  endfacet
  facet normal 0.848643839359 0 0.528964698315
    outer loop
      vertex -137.797851562 6.21325492859 25
      vertex -137.797851562 6.21325492859 20
      vertex -137.663894653 6.42817020416 25
    endloop
  endfacet
  facet normal 0.848643839359 0 0.528964698315
    outer loop
      vertex -137.663894653 6.42817020416 25
      vertex -137.797851562 6.21325492859 20
      vertex -137.663894653 6.42817020416 20
    endloop
  endfacet
  facet normal 0.790775775909 0 0.61210590601
    outer loop
      vertex -137.663894653 6.42817020416 25
      vertex -137.663894653 6.42817020416 20
      vertex -137.508880615 6.62843179703 25
    endloop
  endfacet
  facet normal 0.790775775909 0 0.61210590601
    outer loop
      vertex -137.508880615 6.62843179703 25
      vertex -137.663894653 6.42817020416 20
      vertex -137.508880615 6.62843179703 20
    endloop
  endfacet
  facet normal 0.724779605865 0 0.68898075819
    outer loop
      vertex -137.508880615 6.62843179703 25
      vertex -137.508880615 6.62843179703 20
      vertex -137.334396362 6.81198215485 25
    endloop
  endfacet
  facet normal 0.724779605865 0 0.68898075819
    outer loop
      vertex -137.334396362 6.81198215485 25
      vertex -137.508880615 6.62843179703 20
      vertex -137.334396362 6.81198215485 20
    endloop
  endfacet
  facet normal 0.651371240616 0 0.758759200573
    outer loop
      vertex -137.334396362 6.81198215485 25
      vertex -137.334396362 6.81198215485 20
      vertex -137.142242432 6.97693967819 25
    endloop
  endfacet
  facet normal 0.651371240616 0 0.758759200573
    outer loop
      vertex -137.142242432 6.97693967819 25
      vertex -137.334396362 6.81198215485 20
      vertex -137.142242432 6.97693967819 20
    endloop
  endfacet
  facet normal 0.571266651154 0 0.820764541626
    outer loop
      vertex -137.142242432 6.97693967819 25
      vertex -137.142242432 6.97693967819 20
      vertex -136.934387207 7.12161064148 25
    endloop
  endfacet
  facet normal 0.571266651154 0 0.820764541626
    outer loop
      vertex -136.934387207 7.12161064148 25
      vertex -137.142242432 6.97693967819 20
      vertex -136.934387207 7.12161064148 20
    endloop
  endfacet
  facet normal 0.48530843854 0 0.874343037605
    outer loop
      vertex -136.934387207 7.12161064148 25
      vertex -136.934387207 7.12161064148 20
      vertex -136.712966919 7.24451112747 25
    endloop
  endfacet
  facet normal 0.48530843854 0 0.874343037605
    outer loop
      vertex -136.712966919 7.24451112747 25
      vertex -136.934387207 7.12161064148 20
      vertex -136.712966919 7.24451112747 20
    endloop
  endfacet
  facet normal 0.394349932671 0 0.91896033287
    outer loop
      vertex -136.712966919 7.24451112747 25
      vertex -136.712966919 7.24451112747 20
      vertex -136.480239868 7.34438037872 25
    endloop
  endfacet
  facet normal 0.394349932671 0 0.91896033287
    outer loop
      vertex -136.480239868 7.34438037872 25
      vertex -136.712966919 7.24451112747 20
      vertex -136.480239868 7.34438037872 20
    endloop
  endfacet
  facet normal 0.29937466979 0 0.954135656357
    outer loop
      vertex -136.480239868 7.34438037872 25
      vertex -136.480239868 7.34438037872 20
      vertex -136.238616943 7.42019319534 25
    endloop
  endfacet
  facet normal 0.29937466979 0 0.954135656357
    outer loop
      vertex -136.238616943 7.42019319534 25
      vertex -136.480239868 7.34438037872 20
      vertex -136.238616943 7.42019319534 20
    endloop
  endfacet
  facet normal 0.201297432184 0 0.979530155659
    outer loop
      vertex -136.238616943 7.42019319534 25
      vertex -136.238616943 7.42019319534 20
      vertex -135.99055481 7.47117090225 25
    endloop
  endfacet
  facet normal 0.201297432184 0 0.979530155659
    outer loop
      vertex -135.99055481 7.47117090225 25
      vertex -136.238616943 7.42019319534 20
      vertex -135.99055481 7.47117090225 20
    endloop
  endfacet
  facet normal 0.101162984967 0 0.994869887829
    outer loop
      vertex -135.99055481 7.47117090225 25
      vertex -135.99055481 7.47117090225 20
      vertex -135.738601685 7.49679088593 25
    endloop
  endfacet
  facet normal 0.101162984967 0 0.994869887829
    outer loop
      vertex -135.738601685 7.49679088593 25
      vertex -135.99055481 7.47117090225 20
      vertex -135.738601685 7.49679088593 20
    endloop
  endfacet
  facet normal -0 0 1
    outer loop
      vertex -135.738601685 7.49679088593 25
      vertex -135.738601685 7.49679088593 20
      vertex -135.485351562 7.49679088593 25
    endloop
  endfacet
  facet normal 0 0 1
    outer loop
      vertex -135.485351562 7.49679088593 25
      vertex -135.738601685 7.49679088593 20
      vertex -135.485351562 7.49679088593 20
    endloop
  endfacet
  facet normal -0.101169452071 0 0.994869232178
    outer loop
      vertex -135.485351562 7.49679088593 25
      vertex -135.485351562 7.49679088593 20
      vertex -135.233413696 7.47117090225 25
    endloop
  endfacet
  facet normal -0.101169452071 0 0.994869232178
    outer loop
      vertex -135.233413696 7.47117090225 25
      vertex -135.485351562 7.49679088593 20
      vertex -135.233413696 7.47117090225 20
    endloop
  endfacet
  facet normal -0.201297432184 0 0.979530155659
    outer loop
      vertex -135.233413696 7.47117090225 25
      vertex -135.233413696 7.47117090225 20
      vertex -134.985351562 7.42019319534 25
    endloop
  endfacet
  facet normal -0.201297432184 0 0.979530155659
    outer loop
      vertex -134.985351562 7.42019319534 25
      vertex -135.233413696 7.47117090225 20
      vertex -134.985351562 7.42019319534 20
    endloop
  endfacet
  facet normal -0.299357712269 0 0.95414096117
    outer loop
      vertex -134.985351562 7.42019319534 25
      vertex -134.985351562 7.42019319534 20
      vertex -134.743713379 7.34438037872 25
    endloop
  endfacet
  facet normal -0.299357712269 0 0.95414096117
    outer loop
      vertex -134.743713379 7.34438037872 25
      vertex -134.985351562 7.42019319534 20
      vertex -134.743713379 7.34438037872 20
    endloop
  endfacet
  facet normal -0.394371420145 0 0.918951153755
    outer loop
      vertex -134.743713379 7.34438037872 25
      vertex -134.743713379 7.34438037872 20
      vertex -134.511001587 7.24451112747 25
    endloop
  endfacet
  facet normal -0.394371420145 0 0.918951153755
    outer loop
      vertex -134.511001587 7.24451112747 25
      vertex -134.743713379 7.34438037872 20
      vertex -134.511001587 7.24451112747 20
    endloop
  endfacet
  facet normal -0.485281169415 0 0.874358177185
    outer loop
      vertex -134.511001587 7.24451112747 25
      vertex -134.511001587 7.24451112747 20
      vertex -134.28956604 7.12161064148 25
    endloop
  endfacet
  facet normal -0.485281169415 0 0.874358177185
    outer loop
      vertex -134.28956604 7.12161064148 25
      vertex -134.511001587 7.24451112747 20
      vertex -134.28956604 7.12161064148 20
    endloop
  endfacet
  facet normal -0.571268975735 0 0.820762932301
    outer loop
      vertex -134.28956604 7.12161064148 25
      vertex -134.28956604 7.12161064148 20
      vertex -134.081710815 6.97693967819 25
    endloop
  endfacet
  facet normal -0.571268975735 0 0.820762932301
    outer loop
      vertex -134.081710815 6.97693967819 25
      vertex -134.28956604 7.12161064148 20
      vertex -134.081710815 6.97693967819 20
    endloop
  endfacet
  facet normal -0.651368796825 0 0.758761286736
    outer loop
      vertex -134.081710815 6.97693967819 25
      vertex -134.081710815 6.97693967819 20
      vertex -133.889556885 6.81198215485 25
    endloop
  endfacet
  facet normal -0.651368796825 0 0.758761286736
    outer loop
      vertex -133.889556885 6.81198215485 25
      vertex -134.081710815 6.97693967819 20
      vertex -133.889556885 6.81198215485 20
    endloop
  endfacet
  facet normal -0.724809229374 0 0.688949584961
    outer loop
      vertex -133.889556885 6.81198215485 25
      vertex -133.889556885 6.81198215485 20
      vertex -133.715087891 6.62843179703 25
    endloop
  endfacet
  facet normal -0.724809229374 0 0.688949584961
    outer loop
      vertex -133.715087891 6.62843179703 25
      vertex -133.889556885 6.81198215485 20
      vertex -133.715087891 6.62843179703 20
    endloop
  endfacet
  facet normal -0.790775775909 0 0.61210590601
    outer loop
      vertex -133.715087891 6.62843179703 25
      vertex -133.715087891 6.62843179703 20
      vertex -133.560073853 6.42817020416 25
    endloop
  endfacet
  facet normal -0.790775775909 0 0.61210590601
    outer loop
      vertex -133.560073853 6.42817020416 25
      vertex -133.715087891 6.62843179703 20
      vertex -133.560073853 6.42817020416 20
    endloop
  endfacet
  facet normal -0.848646044731 0 0.528961122036
    outer loop
      vertex -133.560073853 6.42817020416 25
      vertex -133.560073853 6.42817020416 20
      vertex -133.426116943 6.21325492859 25
    endloop
  endfacet
  facet normal -0.848646044731 0 0.528961122036
    outer loop
      vertex -133.426116943 6.21325492859 25
      vertex -133.560073853 6.42817020416 20
      vertex -133.426116943 6.21325492859 20
    endloop
  endfacet
  facet normal -0.897807717323 0 0.440387696028
    outer loop
      vertex -133.426116943 6.21325492859 25
      vertex -133.426116943 6.21325492859 20
      vertex -133.314590454 5.98588943481 25
    endloop
  endfacet
  facet normal -0.897807717323 0 0.440387696028
    outer loop
      vertex -133.314590454 5.98588943481 25
      vertex -133.426116943 6.21325492859 20
      vertex -133.314590454 5.98588943481 20
    endloop
  endfacet
  facet normal -0.937754034996 0 0.347300201654
    outer loop
      vertex -133.314590454 5.98588943481 25
      vertex -133.314590454 5.98588943481 20
      vertex -133.226638794 5.74840831757 25
    endloop
  endfacet
  facet normal -0.937754034996 0 0.347300201654
    outer loop
      vertex -133.226638794 5.74840831757 25
      vertex -133.314590454 5.98588943481 20
      vertex -133.226638794 5.74840831757 20
    endloop
  endfacet
  facet normal -0.968076765537 0 0.250653892756
    outer loop
      vertex -133.226638794 5.74840831757 25
      vertex -133.226638794 5.74840831757 20
      vertex -133.163162231 5.50324583054 25
    endloop
  endfacet
  facet normal -0.968076765537 0 0.250653892756
    outer loop
      vertex -133.163162231 5.50324583054 25
      vertex -133.226638794 5.74840831757 20
      vertex -133.163162231 5.50324583054 20
    endloop
  endfacet
  facet normal -0.988461792469 0 0.151470333338
    outer loop
      vertex -133.163162231 5.50324583054 25
      vertex -133.163162231 5.50324583054 20
      vertex -133.124801636 5.25292015076 25
    endloop
  endfacet
  facet normal -0.988461792469 0 0.151470333338
    outer loop
      vertex -133.124801636 5.25292015076 25
      vertex -133.163162231 5.50324583054 20
      vertex -133.124801636 5.25292015076 20
    endloop
  endfacet
  facet normal -0.998718380928 0 0.05061256513
    outer loop
      vertex -133.124801636 5.25292015076 25
      vertex -133.124801636 5.25292015076 20
      vertex -133.111984253 4.99999952316 25
    endloop
  endfacet
  facet normal -0.998718380928 0 0.05061256513
    outer loop
      vertex -133.111984253 4.99999952316 25
      vertex -133.124801636 5.25292015076 20
      vertex -133.111984253 4.99999952316 20
    endloop
  endfacet
  facet normal -0.998718380928 -0 -0.05061256513
    outer loop
      vertex -133.111984253 4.99999952316 25
      vertex -133.111984253 4.99999952316 20
      vertex -133.124801636 4.74707937241 25
    endloop
  endfacet
  facet normal -0.998718380928 -0 -0.05061256513
    outer loop
      vertex -133.124801636 4.74707937241 25
      vertex -133.111984253 4.99999952316 20
      vertex -133.124801636 4.74707937241 20
    endloop
  endfacet
  facet normal -0.988461792469 -0 -0.151470333338
    outer loop
      vertex -133.124801636 4.74707937241 25
      vertex -133.124801636 4.74707937241 20
      vertex -133.163162231 4.49675369263 25
    endloop
  endfacet
  facet normal -0.988461792469 -0 -0.151470333338
    outer loop
      vertex -133.163162231 4.49675369263 25
      vertex -133.124801636 4.74707937241 20
      vertex -133.163162231 4.49675369263 20
    endloop
  endfacet
  facet normal -0.968076467514 -0 -0.250655114651
    outer loop
      vertex -133.163162231 4.49675369263 25
      vertex -133.163162231 4.49675369263 20
      vertex -133.226638794 4.25159215927 25
    endloop
  endfacet
  facet normal -0.968076467514 -0 -0.250655114651
    outer loop
      vertex -133.226638794 4.25159215927 25
      vertex -133.163162231 4.49675369263 20
      vertex -133.226638794 4.25159215927 20
    endloop
  endfacet
  facet normal -0.937754631042 -0 -0.347298592329
    outer loop
      vertex -133.226638794 4.25159215927 25
      vertex -133.226638794 4.25159215927 20
      vertex -133.314590454 4.01411008835 25
    endloop
  endfacet
  facet normal -0.937754631042 -0 -0.347298592329
    outer loop
      vertex -133.314590454 4.01411008835 25
      vertex -133.226638794 4.25159215927 20
      vertex -133.314590454 4.01411008835 20
    endloop
  endfacet
  facet normal -0.897806763649 -0 -0.440389662981
    outer loop
      vertex -133.314590454 4.01411008835 25
      vertex -133.314590454 4.01411008835 20
      vertex -133.426116943 3.78674554825 25
    endloop
  endfacet
  facet normal -0.897806763649 -0 -0.440389662981
    outer loop
      vertex -133.426116943 3.78674554825 25
      vertex -133.314590454 4.01411008835 20
      vertex -133.426116943 3.78674554825 20
    endloop
  endfacet
  facet normal -0.848647415638 -0 -0.528958916664
    outer loop
      vertex -133.426116943 3.78674554825 25
      vertex -133.426116943 3.78674554825 20
      vertex -133.560073853 3.57182908058 25
    endloop
  endfacet
  facet normal -0.848647415638 -0 -0.528958916664
    outer loop
      vertex -133.560073853 3.57182908058 25
      vertex -133.426116943 3.78674554825 20
      vertex -133.560073853 3.57182908058 20
    endloop
  endfacet
  facet normal -0.790773928165 -0 -0.612108290195
    outer loop
      vertex -133.560073853 3.57182908058 25
      vertex -133.560073853 3.57182908058 20
      vertex -133.715087891 3.37156867981 25
    endloop
  endfacet
  facet normal -0.790773928165 -0 -0.612108290195
    outer loop
      vertex -133.715087891 3.37156867981 25
      vertex -133.560073853 3.57182908058 20
      vertex -133.715087891 3.37156867981 20
    endloop
  endfacet
  facet normal -0.724809229374 -0 -0.688949584961
    outer loop
      vertex -133.715087891 3.37156867981 25
      vertex -133.715087891 3.37156867981 20
      vertex -133.889556885 3.18801856041 25
    endloop
  endfacet
  facet normal -0.724809229374 -0 -0.688949584961
    outer loop
      vertex -133.889556885 3.18801856041 25
      vertex -133.715087891 3.37156867981 20
      vertex -133.889556885 3.18801856041 20
    endloop
  endfacet
  facet normal -0.651368796825 -0 -0.758761286736
    outer loop
      vertex -133.889556885 3.18801856041 25
      vertex -133.889556885 3.18801856041 20
      vertex -134.081710815 3.02306103706 25
    endloop
  endfacet
  facet normal -0.651368796825 -0 -0.758761286736
    outer loop
      vertex -134.081710815 3.02306103706 25
      vertex -133.889556885 3.18801856041 20
      vertex -134.081710815 3.02306103706 20
    endloop
  endfacet
  facet normal -0.571268975735 -0 -0.820762932301
    outer loop
      vertex -134.081710815 3.02306103706 25
      vertex -134.081710815 3.02306103706 20
      vertex -134.28956604 2.87838983536 25
    endloop
  endfacet
  facet normal -0.571268975735 -0 -0.820762932301
    outer loop
      vertex -134.28956604 2.87838983536 25
      vertex -134.081710815 3.02306103706 20
      vertex -134.28956604 2.87838983536 20
    endloop
  endfacet
  facet normal -0.485284924507 -0 -0.874356091022
    outer loop
      vertex -134.28956604 2.87838983536 25
      vertex -134.28956604 2.87838983536 20
      vertex -134.511001587 2.75548815727 25
    endloop
  endfacet
  facet normal -0.485284924507 -0 -0.874356091022
    outer loop
      vertex -134.511001587 2.75548815727 25
      vertex -134.28956604 2.87838983536 20
      vertex -134.511001587 2.75548815727 20
    endloop
  endfacet
  facet normal -0.394371420145 -0 -0.918951153755
    outer loop
      vertex -134.511001587 2.75548815727 25
      vertex -134.511001587 2.75548815727 20
      vertex -134.743713379 2.65561914444 25
    endloop
  endfacet
  facet normal -0.394371420145 -0 -0.918951153755
    outer loop
      vertex -134.743713379 2.65561914444 25
      vertex -134.511001587 2.75548815727 20
      vertex -134.743713379 2.65561914444 20
    endloop
  endfacet
  facet normal -0.299353212118 -0 -0.954142391682
    outer loop
      vertex -134.743713379 2.65561914444 25
      vertex -134.743713379 2.65561914444 20
      vertex -134.985351562 2.57980751991 25
    endloop
  endfacet
  facet normal -0.299353212118 -0 -0.954142391682
    outer loop
      vertex -134.985351562 2.57980751991 25
      vertex -134.743713379 2.65561914444 20
      vertex -134.985351562 2.57980751991 20
    endloop
  endfacet
  facet normal -0.201297432184 -0 -0.979530155659
    outer loop
      vertex -134.985351562 2.57980751991 25
      vertex -134.985351562 2.57980751991 20
      vertex -135.233413696 2.52882957458 25
    endloop
  endfacet
  facet normal -0.201297432184 -0 -0.979530155659
    outer loop
      vertex -135.233413696 2.52882957458 25
      vertex -134.985351562 2.57980751991 20
      vertex -135.233413696 2.52882957458 20
    endloop
  endfacet
  facet normal -0.101174347103 -0 -0.994868695736
    outer loop
      vertex -135.233413696 2.52882957458 25
      vertex -135.233413696 2.52882957458 20
      vertex -135.485351562 2.50320863724 25
    endloop
  endfacet
  facet normal -0.101174347103 -0 -0.994868695736
    outer loop
      vertex -135.485351562 2.50320863724 25
      vertex -135.233413696 2.52882957458 20
      vertex -135.485351562 2.50320863724 20
    endloop
  endfacet
  facet normal -0 -0 -1
    outer loop
      vertex -135.485351562 2.50320863724 25
      vertex -135.485351562 2.50320863724 20
      vertex -135.738601685 2.50320863724 25
    endloop
  endfacet
  facet normal 0 0 -1
    outer loop
      vertex -135.738601685 2.50320863724 25
      vertex -135.485351562 2.50320863724 20
      vertex -135.738601685 2.50320863724 20
    endloop
  endfacet
  facet normal 0.101167879999 0 -0.994869351387
    outer loop
      vertex -135.738601685 2.50320863724 25
      vertex -135.738601685 2.50320863724 20
      vertex -135.99055481 2.52882957458 25
    endloop
  endfacet
  facet normal 0.101167879999 0 -0.994869351387
    outer loop
      vertex -135.99055481 2.52882957458 25
      vertex -135.738601685 2.50320863724 20
      vertex -135.99055481 2.52882957458 20
    endloop
  endfacet
  facet normal 0.201297432184 0 -0.979530155659
    outer loop
      vertex -135.99055481 2.52882957458 25
      vertex -135.99055481 2.52882957458 20
      vertex -136.238616943 2.57980751991 25
    endloop
  endfacet
  facet normal 0.201297432184 0 -0.979530155659
    outer loop
      vertex -136.238616943 2.57980751991 25
      vertex -135.99055481 2.52882957458 20
      vertex -136.238616943 2.57980751991 20
    endloop
  endfacet
  facet normal 0.29937016964 0 -0.954137027264
    outer loop
      vertex -136.238616943 2.57980751991 25
      vertex -136.238616943 2.57980751991 20
      vertex -136.480239868 2.65561914444 25
    endloop
  endfacet
  facet normal 0.29937016964 0 -0.954137027264
    outer loop
      vertex -136.480239868 2.65561914444 25
      vertex -136.238616943 2.57980751991 20
      vertex -136.480239868 2.65561914444 20
    endloop
  endfacet
  facet normal 0.394349932671 0 -0.91896033287
    outer loop
      vertex -136.480239868 2.65561914444 25
      vertex -136.480239868 2.65561914444 20
      vertex -136.712966919 2.75548815727 25
    endloop
  endfacet
  facet normal 0.394349932671 0 -0.91896033287
    outer loop
      vertex -136.712966919 2.75548815727 25
      vertex -136.480239868 2.65561914444 20
      vertex -136.712966919 2.75548815727 20
    endloop
  endfacet
  facet normal 0.485312193632 0 -0.874340951443
    outer loop
      vertex -136.712966919 2.75548815727 25
      vertex -136.712966919 2.75548815727 20
      vertex -136.934387207 2.87838983536 25
    endloop
  endfacet
  facet normal 0.485312193632 0 -0.874340951443
    outer loop
      vertex -136.934387207 2.87838983536 25
      vertex -136.712966919 2.75548815727 20
      vertex -136.934387207 2.87838983536 20
    endloop
  endfacet
  facet normal 0.571266651154 0 -0.820764541626
    outer loop
      vertex -136.934387207 2.87838983536 25
      vertex -136.934387207 2.87838983536 20
      vertex -137.142242432 3.02306103706 25
    endloop
  endfacet
  facet normal 0.571266651154 0 -0.820764541626
    outer loop
      vertex -137.142242432 3.02306103706 25
      vertex -136.934387207 2.87838983536 20
      vertex -137.142242432 3.02306103706 20
    endloop
  endfacet
  facet normal 0.651371240616 0 -0.758759200573
    outer loop
      vertex -137.142242432 3.02306103706 25
      vertex -137.142242432 3.02306103706 20
      vertex -137.334396362 3.18801856041 25
    endloop
  endfacet
  facet normal 0.651371240616 0 -0.758759200573
    outer loop
      vertex -137.334396362 3.18801856041 25
      vertex -137.142242432 3.02306103706 20
      vertex -137.334396362 3.18801856041 20
    endloop
  endfacet
  facet normal 0.724779605865 0 -0.68898075819
    outer loop
      vertex -137.334396362 3.18801856041 25
      vertex -137.334396362 3.18801856041 20
      vertex -137.508880615 3.37156867981 25
    endloop
  endfacet
  facet normal 0.724779605865 0 -0.68898075819
    outer loop
      vertex -137.508880615 3.37156867981 25
      vertex -137.334396362 3.18801856041 20
      vertex -137.508880615 3.37156867981 20
    endloop
  endfacet
  facet normal 0.790773928165 0 -0.612108290195
    outer loop
      vertex -137.508880615 3.37156867981 25
      vertex -137.508880615 3.37156867981 20
      vertex -137.663894653 3.57182908058 25
    endloop
  endfacet
  facet normal 0.790773928165 0 -0.612108290195
    outer loop
      vertex -137.663894653 3.57182908058 25
      vertex -137.508880615 3.37156867981 20
      vertex -137.663894653 3.57182908058 20
    endloop
  endfacet
  facet normal 0.848645210266 0 -0.528962492943
    outer loop
      vertex -137.663894653 3.57182908058 25
      vertex -137.663894653 3.57182908058 20
      vertex -137.797851562 3.78674554825 25
    endloop
  endfacet
  facet normal 0.848645210266 0 -0.528962492943
    outer loop
      vertex -137.797851562 3.78674554825 25
      vertex -137.663894653 3.57182908058 20
      vertex -137.797851562 3.78674554825 20
    endloop
  endfacet
  facet normal 0.897806763649 0 -0.440389662981
    outer loop
      vertex -137.797851562 3.78674554825 25
      vertex -137.797851562 3.78674554825 20
      vertex -137.909378052 4.01411008835 25
    endloop
  endfacet
  facet normal 0.897806763649 0 -0.440389662981
    outer loop
      vertex -137.909378052 4.01411008835 25
      vertex -137.797851562 3.78674554825 20
      vertex -137.909378052 4.01411008835 20
    endloop
  endfacet
  facet normal 0.937754631042 0 -0.347298592329
    outer loop
      vertex -137.909378052 4.01411008835 25
      vertex -137.909378052 4.01411008835 20
      vertex -137.997329712 4.25159215927 25
    endloop
  endfacet
  facet normal 0.937754631042 0 -0.347298592329
    outer loop
      vertex -137.997329712 4.25159215927 25
      vertex -137.909378052 4.01411008835 20
      vertex -137.997329712 4.25159215927 20
    endloop
  endfacet
  facet normal 0.968077659607 0 -0.250650465488
    outer loop
      vertex -137.997329712 4.25159215927 25
      vertex -137.997329712 4.25159215927 20
      vertex -138.060806274 4.49675369263 25
    endloop
  endfacet
  facet normal 0.968077659607 0 -0.250650465488
    outer loop
      vertex -138.060806274 4.49675369263 25
      vertex -137.997329712 4.25159215927 20
      vertex -138.060806274 4.49675369263 20
    endloop
  endfacet
  facet normal 0.988469958305 0 -0.151417210698
    outer loop
      vertex -138.060806274 4.49675369263 25
      vertex -138.060806274 4.49675369263 20
      vertex -138.099151611 4.74707937241 25
    endloop
  endfacet
  facet normal 0.988469958305 0 -0.151417210698
    outer loop
      vertex -138.099151611 4.74707937241 25
      vertex -138.060806274 4.49675369263 20
      vertex -138.099151611 4.74707937241 20
    endloop
  endfacet
  facet normal 0.998715341091 -0 0.0506717227399
    outer loop
      vertex -138.099151611 5.25292015076 1.19209289551e-07
      vertex -138.099151611 5.25292015076 5
      vertex -138.111984253 4.99999952316 1.19209289551e-07
    endloop
  endfacet
  facet normal 0.998715341091 -0 0.0506717227399
    outer loop
      vertex -138.111984253 4.99999952316 1.19209289551e-07
      vertex -138.099151611 5.25292015076 5
      vertex -138.111984253 4.99999952316 5
    endloop
  endfacet
  facet normal 0.998715341091 0 -0.0506717227399
    outer loop
      vertex -138.111984253 4.99999952316 1.19209289551e-07
      vertex -138.111984253 4.99999952316 5
      vertex -138.099151611 4.74707937241 1.19209289551e-07
    endloop
  endfacet
  facet normal 0.998715341091 0 -0.0506717227399
    outer loop
      vertex -138.099151611 4.74707937241 1.19209289551e-07
      vertex -138.111984253 4.99999952316 5
      vertex -138.099151611 4.74707937241 5
    endloop
  endfacet
  facet normal 0.988469958305 0 -0.151417210698
    outer loop
      vertex -138.099151611 4.74707937241 1.19209289551e-07
      vertex -138.099151611 4.74707937241 5
      vertex -138.060806274 4.49675369263 1.19209289551e-07
    endloop
  endfacet
  facet normal 0.988469958305 0 -0.151417210698
    outer loop
      vertex -138.060806274 4.49675369263 1.19209289551e-07
      vertex -138.099151611 4.74707937241 5
      vertex -138.060806274 4.49675369263 5
    endloop
  endfacet
  facet normal 0.968077659607 0 -0.250650465488
    outer loop
      vertex -138.060806274 4.49675369263 1.19209289551e-07
      vertex -138.060806274 4.49675369263 5
      vertex -137.997329712 4.25159215927 1.19209289551e-07
    endloop
  endfacet
  facet normal 0.968077659607 0 -0.250650465488
    outer loop
      vertex -137.997329712 4.25159215927 1.19209289551e-07
      vertex -138.060806274 4.49675369263 5
      vertex -137.997329712 4.25159215927 5
    endloop
  endfacet
  facet normal 0.937754631042 0 -0.347298592329
    outer loop
      vertex -137.997329712 4.25159215927 1.19209289551e-07
      vertex -137.997329712 4.25159215927 5
      vertex -137.909378052 4.01411008835 1.19209289551e-07
    endloop
  endfacet
  facet normal 0.937754631042 0 -0.347298592329
    outer loop
      vertex -137.909378052 4.01411008835 1.19209289551e-07
      vertex -137.997329712 4.25159215927 5
      vertex -137.909378052 4.01411008835 5
    endloop
  endfacet
  facet normal 0.897806763649 0 -0.440389662981
    outer loop
      vertex -137.909378052 4.01411008835 1.19209289551e-07
      vertex -137.909378052 4.01411008835 5
      vertex -137.797851562 3.78674554825 1.19209289551e-07
    endloop
  endfacet
  facet normal 0.897806763649 0 -0.440389662981
    outer loop
      vertex -137.797851562 3.78674554825 1.19209289551e-07
      vertex -137.909378052 4.01411008835 5
      vertex -137.797851562 3.78674554825 5
    endloop
  endfacet
  facet normal 0.848645210266 0 -0.528962492943
    outer loop
      vertex -137.797851562 3.78674554825 1.19209289551e-07
      vertex -137.797851562 3.78674554825 5
      vertex -137.663894653 3.57182908058 1.19209289551e-07
    endloop
  endfacet
  facet normal 0.848645210266 0 -0.528962492943
    outer loop
      vertex -137.663894653 3.57182908058 1.19209289551e-07
      vertex -137.797851562 3.78674554825 5
      vertex -137.663894653 3.57182908058 5
    endloop
  endfacet
  facet normal 0.790773928165 0 -0.612108290195
    outer loop
      vertex -137.663894653 3.57182908058 1.19209289551e-07
      vertex -137.663894653 3.57182908058 5
      vertex -137.508880615 3.37156867981 1.19209289551e-07
    endloop
  endfacet
  facet normal 0.790773928165 0 -0.612108290195
    outer loop
      vertex -137.508880615 3.37156867981 1.19209289551e-07
      vertex -137.663894653 3.57182908058 5
      vertex -137.508880615 3.37156867981 5
    endloop
  endfacet
  facet normal 0.724779605865 0 -0.68898075819
    outer loop
      vertex -137.508880615 3.37156867981 1.19209289551e-07
      vertex -137.508880615 3.37156867981 5
      vertex -137.334396362 3.18801856041 1.19209289551e-07
    endloop
  endfacet
  facet normal 0.724779605865 0 -0.68898075819
    outer loop
      vertex -137.334396362 3.18801856041 1.19209289551e-07
      vertex -137.508880615 3.37156867981 5
      vertex -137.334396362 3.18801856041 5
    endloop
  endfacet
  facet normal 0.651371240616 0 -0.758759200573
    outer loop
      vertex -137.334396362 3.18801856041 1.19209289551e-07
      vertex -137.334396362 3.18801856041 5
      vertex -137.142242432 3.02306103706 1.19209289551e-07
    endloop
  endfacet
  facet normal 0.651371240616 0 -0.758759200573
    outer loop
      vertex -137.142242432 3.02306103706 1.19209289551e-07
      vertex -137.334396362 3.18801856041 5
      vertex -137.142242432 3.02306103706 5
    endloop
  endfacet
  facet normal 0.571266651154 0 -0.820764541626
    outer loop
      vertex -137.142242432 3.02306103706 1.19209289551e-07
      vertex -137.142242432 3.02306103706 5
      vertex -136.934387207 2.87838983536 1.19209289551e-07
    endloop
  endfacet
  facet normal 0.571266651154 0 -0.820764541626
    outer loop
      vertex -136.934387207 2.87838983536 1.19209289551e-07
      vertex -137.142242432 3.02306103706 5
      vertex -136.934387207 2.87838983536 5
    endloop
  endfacet
  facet normal 0.485312193632 0 -0.874340951443
    outer loop
      vertex -136.934387207 2.87838983536 1.19209289551e-07
      vertex -136.934387207 2.87838983536 5
      vertex -136.712966919 2.75548815727 1.19209289551e-07
    endloop
  endfacet
  facet normal 0.485312193632 0 -0.874340951443
    outer loop
      vertex -136.712966919 2.75548815727 1.19209289551e-07
      vertex -136.934387207 2.87838983536 5
      vertex -136.712966919 2.75548815727 5
    endloop
  endfacet
  facet normal 0.394349932671 0 -0.91896033287
    outer loop
      vertex -136.712966919 2.75548815727 1.19209289551e-07
      vertex -136.712966919 2.75548815727 5
      vertex -136.480239868 2.65561914444 1.19209289551e-07
    endloop
  endfacet
  facet normal 0.394349932671 0 -0.91896033287
    outer loop
      vertex -136.480239868 2.65561914444 1.19209289551e-07
      vertex -136.712966919 2.75548815727 5
      vertex -136.480239868 2.65561914444 5
    endloop
  endfacet
  facet normal 0.29937016964 0 -0.954137027264
    outer loop
      vertex -136.480239868 2.65561914444 1.19209289551e-07
      vertex -136.480239868 2.65561914444 5
      vertex -136.238616943 2.57980751991 1.19209289551e-07
    endloop
  endfacet
  facet normal 0.29937016964 0 -0.954137027264
    outer loop
      vertex -136.238616943 2.57980751991 1.19209289551e-07
      vertex -136.480239868 2.65561914444 5
      vertex -136.238616943 2.57980751991 5
    endloop
  endfacet
  facet normal 0.201297432184 0 -0.979530155659
    outer loop
      vertex -136.238616943 2.57980751991 1.19209289551e-07
      vertex -136.238616943 2.57980751991 5
      vertex -135.99055481 2.52882957458 1.19209289551e-07
    endloop
  endfacet
  facet normal 0.201297432184 0 -0.979530155659
    outer loop
      vertex -135.99055481 2.52882957458 1.19209289551e-07
      vertex -136.238616943 2.57980751991 5
      vertex -135.99055481 2.52882957458 5
    endloop
  endfacet
  facet normal 0.101167879999 0 -0.994869351387
    outer loop
      vertex -135.99055481 2.52882957458 1.19209289551e-07
      vertex -135.99055481 2.52882957458 5
      vertex -135.738601685 2.50320863724 1.19209289551e-07
    endloop
  endfacet
  facet normal 0.101167879999 0 -0.994869351387
    outer loop
      vertex -135.738601685 2.50320863724 1.19209289551e-07
      vertex -135.99055481 2.52882957458 5
      vertex -135.738601685 2.50320863724 5
    endloop
  endfacet
  facet normal 0 0 -1
    outer loop
      vertex -135.738601685 2.50320863724 1.19209289551e-07
      vertex -135.738601685 2.50320863724 5
      vertex -135.485351562 2.50320863724 1.19209289551e-07
    endloop
  endfacet
  facet normal 0 0 -1
    outer loop
      vertex -135.485351562 2.50320863724 1.19209289551e-07
      vertex -135.738601685 2.50320863724 5
      vertex -135.485351562 2.50320863724 5
    endloop
  endfacet
  facet normal -0.101174347103 0 -0.994868695736
    outer loop
      vertex -135.485351562 2.50320863724 1.19209289551e-07
      vertex -135.485351562 2.50320863724 5
      vertex -135.233413696 2.52882957458 1.19209289551e-07
    endloop
  endfacet
  facet normal -0.101174347103 0 -0.994868695736
    outer loop
      vertex -135.233413696 2.52882957458 1.19209289551e-07
      vertex -135.485351562 2.50320863724 5
      vertex -135.233413696 2.52882957458 5
    endloop
  endfacet
  facet normal -0.201297432184 0 -0.979530155659
    outer loop
      vertex -135.233413696 2.52882957458 1.19209289551e-07
      vertex -135.233413696 2.52882957458 5
      vertex -134.985351562 2.57980751991 1.19209289551e-07
    endloop
  endfacet
  facet normal -0.201297432184 0 -0.979530155659
    outer loop
      vertex -134.985351562 2.57980751991 1.19209289551e-07
      vertex -135.233413696 2.52882957458 5
      vertex -134.985351562 2.57980751991 5
    endloop
  endfacet
  facet normal -0.299353212118 0 -0.954142391682
    outer loop
      vertex -134.985351562 2.57980751991 1.19209289551e-07
      vertex -134.985351562 2.57980751991 5
      vertex -134.743713379 2.65561914444 1.19209289551e-07
    endloop
  endfacet
  facet normal -0.299353212118 0 -0.954142391682
    outer loop
      vertex -134.743713379 2.65561914444 1.19209289551e-07
      vertex -134.985351562 2.57980751991 5
      vertex -134.743713379 2.65561914444 5
    endloop
  endfacet
  facet normal -0.394371420145 0 -0.918951153755
    outer loop
      vertex -134.743713379 2.65561914444 1.19209289551e-07
      vertex -134.743713379 2.65561914444 5
      vertex -134.511001587 2.75548815727 1.19209289551e-07
    endloop
  endfacet
  facet normal -0.394371420145 0 -0.918951153755
    outer loop
      vertex -134.511001587 2.75548815727 1.19209289551e-07
      vertex -134.743713379 2.65561914444 5
      vertex -134.511001587 2.75548815727 5
    endloop
  endfacet
  facet normal -0.485284924507 0 -0.874356091022
    outer loop
      vertex -134.511001587 2.75548815727 1.19209289551e-07
      vertex -134.511001587 2.75548815727 5
      vertex -134.28956604 2.87838983536 1.19209289551e-07
    endloop
  endfacet
  facet normal -0.485284924507 0 -0.874356091022
    outer loop
      vertex -134.28956604 2.87838983536 1.19209289551e-07
      vertex -134.511001587 2.75548815727 5
      vertex -134.28956604 2.87838983536 5
    endloop
  endfacet
  facet normal -0.571268975735 0 -0.820762932301
    outer loop
      vertex -134.28956604 2.87838983536 1.19209289551e-07
      vertex -134.28956604 2.87838983536 5
      vertex -134.081710815 3.02306103706 1.19209289551e-07
    endloop
  endfacet
  facet normal -0.571268975735 0 -0.820762932301
    outer loop
      vertex -134.081710815 3.02306103706 1.19209289551e-07
      vertex -134.28956604 2.87838983536 5
      vertex -134.081710815 3.02306103706 5
    endloop
  endfacet
  facet normal -0.651368796825 0 -0.758761286736
    outer loop
      vertex -134.081710815 3.02306103706 1.19209289551e-07
      vertex -134.081710815 3.02306103706 5
      vertex -133.889556885 3.18801856041 1.19209289551e-07
    endloop
  endfacet
  facet normal -0.651368796825 0 -0.758761286736
    outer loop
      vertex -133.889556885 3.18801856041 1.19209289551e-07
      vertex -134.081710815 3.02306103706 5
      vertex -133.889556885 3.18801856041 5
    endloop
  endfacet
  facet normal -0.724809229374 0 -0.688949584961
    outer loop
      vertex -133.889556885 3.18801856041 1.19209289551e-07
      vertex -133.889556885 3.18801856041 5
      vertex -133.715087891 3.37156867981 1.19209289551e-07
    endloop
  endfacet
  facet normal -0.724809229374 0 -0.688949584961
    outer loop
      vertex -133.715087891 3.37156867981 1.19209289551e-07
      vertex -133.889556885 3.18801856041 5
      vertex -133.715087891 3.37156867981 5
    endloop
  endfacet
  facet normal -0.790773928165 0 -0.612108290195
    outer loop
      vertex -133.715087891 3.37156867981 1.19209289551e-07
      vertex -133.715087891 3.37156867981 5
      vertex -133.560073853 3.57182908058 1.19209289551e-07
    endloop
  endfacet
  facet normal -0.790773928165 0 -0.612108290195
    outer loop
      vertex -133.560073853 3.57182908058 1.19209289551e-07
      vertex -133.715087891 3.37156867981 5
      vertex -133.560073853 3.57182908058 5
    endloop
  endfacet
  facet normal -0.848647415638 0 -0.528958916664
    outer loop
      vertex -133.560073853 3.57182908058 1.19209289551e-07
      vertex -133.560073853 3.57182908058 5
      vertex -133.426116943 3.78674554825 1.19209289551e-07
    endloop
  endfacet
  facet normal -0.848647415638 0 -0.528958916664
    outer loop
      vertex -133.426116943 3.78674554825 1.19209289551e-07
      vertex -133.560073853 3.57182908058 5
      vertex -133.426116943 3.78674554825 5
    endloop
  endfacet
  facet normal -0.897806763649 0 -0.440389662981
    outer loop
      vertex -133.426116943 3.78674554825 1.19209289551e-07
      vertex -133.426116943 3.78674554825 5
      vertex -133.314590454 4.01411008835 1.19209289551e-07
    endloop
  endfacet
  facet normal -0.897806763649 0 -0.440389662981
    outer loop
      vertex -133.314590454 4.01411008835 1.19209289551e-07
      vertex -133.426116943 3.78674554825 5
      vertex -133.314590454 4.01411008835 5
    endloop
  endfacet
  facet normal -0.937754631042 0 -0.347298592329
    outer loop
      vertex -133.314590454 4.01411008835 1.19209289551e-07
      vertex -133.314590454 4.01411008835 5
      vertex -133.226638794 4.25159215927 1.19209289551e-07
    endloop
  endfacet
  facet normal -0.937754631042 0 -0.347298592329
    outer loop
      vertex -133.226638794 4.25159215927 1.19209289551e-07
      vertex -133.314590454 4.01411008835 5
      vertex -133.226638794 4.25159215927 5
    endloop
  endfacet
  facet normal -0.968076467514 0 -0.250655114651
    outer loop
      vertex -133.226638794 4.25159215927 1.19209289551e-07
      vertex -133.226638794 4.25159215927 5
      vertex -133.163162231 4.49675369263 1.19209289551e-07
    endloop
  endfacet
  facet normal -0.968076467514 0 -0.250655114651
    outer loop
      vertex -133.163162231 4.49675369263 1.19209289551e-07
      vertex -133.226638794 4.25159215927 5
      vertex -133.163162231 4.49675369263 5
    endloop
  endfacet
  facet normal -0.988461792469 0 -0.151470333338
    outer loop
      vertex -133.163162231 4.49675369263 1.19209289551e-07
      vertex -133.163162231 4.49675369263 5
      vertex -133.124801636 4.74707937241 1.19209289551e-07
    endloop
  endfacet
  facet normal -0.988461792469 0 -0.151470333338
    outer loop
      vertex -133.124801636 4.74707937241 1.19209289551e-07
      vertex -133.163162231 4.49675369263 5
      vertex -133.124801636 4.74707937241 5
    endloop
  endfacet
  facet normal -0.998718380928 0 -0.05061256513
    outer loop
      vertex -133.124801636 4.74707937241 1.19209289551e-07
      vertex -133.124801636 4.74707937241 5
      vertex -133.111984253 4.99999952316 1.19209289551e-07
    endloop
  endfacet
  facet normal -0.998718380928 0 -0.05061256513
    outer loop
      vertex -133.111984253 4.99999952316 1.19209289551e-07
      vertex -133.124801636 4.74707937241 5
      vertex -133.111984253 4.99999952316 5
    endloop
  endfacet
  facet normal -0.998718380928 0 0.05061256513
    outer loop
      vertex -133.111984253 4.99999952316 1.19209289551e-07
      vertex -133.111984253 4.99999952316 5
      vertex -133.124801636 5.25292015076 1.19209289551e-07
    endloop
  endfacet
  facet normal -0.998718380928 0 0.05061256513
    outer loop
      vertex -133.124801636 5.25292015076 1.19209289551e-07
      vertex -133.111984253 4.99999952316 5
      vertex -133.124801636 5.25292015076 5
    endloop
  endfacet
  facet normal -0.988461792469 0 0.151470333338
    outer loop
      vertex -133.124801636 5.25292015076 1.19209289551e-07
      vertex -133.124801636 5.25292015076 5
      vertex -133.163162231 5.50324583054 1.19209289551e-07
    endloop
  endfacet
  facet normal -0.988461792469 0 0.151470333338
    outer loop
      vertex -133.163162231 5.50324583054 1.19209289551e-07
      vertex -133.124801636 5.25292015076 5
      vertex -133.163162231 5.50324583054 5
    endloop
  endfacet
  facet normal -0.968076765537 0 0.250653892756
    outer loop
      vertex -133.163162231 5.50324583054 1.19209289551e-07
      vertex -133.163162231 5.50324583054 5
      vertex -133.226638794 5.74840831757 1.19209289551e-07
    endloop
  endfacet
  facet normal -0.968076765537 0 0.250653892756
    outer loop
      vertex -133.226638794 5.74840831757 1.19209289551e-07
      vertex -133.163162231 5.50324583054 5
      vertex -133.226638794 5.74840831757 5
    endloop
  endfacet
  facet normal -0.937754034996 0 0.347300201654
    outer loop
      vertex -133.226638794 5.74840831757 1.19209289551e-07
      vertex -133.226638794 5.74840831757 5
      vertex -133.314590454 5.98588943481 1.19209289551e-07
    endloop
  endfacet
  facet normal -0.937754034996 0 0.347300201654
    outer loop
      vertex -133.314590454 5.98588943481 1.19209289551e-07
      vertex -133.226638794 5.74840831757 5
      vertex -133.314590454 5.98588943481 5
    endloop
  endfacet
  facet normal -0.897807717323 0 0.440387696028
    outer loop
      vertex -133.314590454 5.98588943481 1.19209289551e-07
      vertex -133.314590454 5.98588943481 5
      vertex -133.426116943 6.21325492859 1.19209289551e-07
    endloop
  endfacet
  facet normal -0.897807717323 0 0.440387696028
    outer loop
      vertex -133.426116943 6.21325492859 1.19209289551e-07
      vertex -133.314590454 5.98588943481 5
      vertex -133.426116943 6.21325492859 5
    endloop
  endfacet
  facet normal -0.848646044731 0 0.528961122036
    outer loop
      vertex -133.426116943 6.21325492859 1.19209289551e-07
      vertex -133.426116943 6.21325492859 5
      vertex -133.560073853 6.42817020416 1.19209289551e-07
    endloop
  endfacet
  facet normal -0.848646044731 0 0.528961122036
    outer loop
      vertex -133.560073853 6.42817020416 1.19209289551e-07
      vertex -133.426116943 6.21325492859 5
      vertex -133.560073853 6.42817020416 5
    endloop
  endfacet
  facet normal -0.790775775909 0 0.61210590601
    outer loop
      vertex -133.560073853 6.42817020416 1.19209289551e-07
      vertex -133.560073853 6.42817020416 5
      vertex -133.715087891 6.62843179703 1.19209289551e-07
    endloop
  endfacet
  facet normal -0.790775775909 0 0.61210590601
    outer loop
      vertex -133.715087891 6.62843179703 1.19209289551e-07
      vertex -133.560073853 6.42817020416 5
      vertex -133.715087891 6.62843179703 5
    endloop
  endfacet
  facet normal -0.724809229374 0 0.688949584961
    outer loop
      vertex -133.715087891 6.62843179703 1.19209289551e-07
      vertex -133.715087891 6.62843179703 5
      vertex -133.889556885 6.81198215485 1.19209289551e-07
    endloop
  endfacet
  facet normal -0.724809229374 0 0.688949584961
    outer loop
      vertex -133.889556885 6.81198215485 1.19209289551e-07
      vertex -133.715087891 6.62843179703 5
      vertex -133.889556885 6.81198215485 5
    endloop
  endfacet
  facet normal -0.651368796825 0 0.758761286736
    outer loop
      vertex -133.889556885 6.81198215485 1.19209289551e-07
      vertex -133.889556885 6.81198215485 5
      vertex -134.081710815 6.97693967819 1.19209289551e-07
    endloop
  endfacet
  facet normal -0.651368796825 0 0.758761286736
    outer loop
      vertex -134.081710815 6.97693967819 1.19209289551e-07
      vertex -133.889556885 6.81198215485 5
      vertex -134.081710815 6.97693967819 5
    endloop
  endfacet
  facet normal -0.571268975735 0 0.820762932301
    outer loop
      vertex -134.081710815 6.97693967819 1.19209289551e-07
      vertex -134.081710815 6.97693967819 5
      vertex -134.28956604 7.12161064148 1.19209289551e-07
    endloop
  endfacet
  facet normal -0.571268975735 0 0.820762932301
    outer loop
      vertex -134.28956604 7.12161064148 1.19209289551e-07
      vertex -134.081710815 6.97693967819 5
      vertex -134.28956604 7.12161064148 5
    endloop
  endfacet
  facet normal -0.485281169415 0 0.874358177185
    outer loop
      vertex -134.28956604 7.12161064148 1.19209289551e-07
      vertex -134.28956604 7.12161064148 5
      vertex -134.511001587 7.24451112747 1.19209289551e-07
    endloop
  endfacet
  facet normal -0.485281169415 0 0.874358177185
    outer loop
      vertex -134.511001587 7.24451112747 1.19209289551e-07
      vertex -134.28956604 7.12161064148 5
      vertex -134.511001587 7.24451112747 5
    endloop
  endfacet
  facet normal -0.394371420145 0 0.918951153755
    outer loop
      vertex -134.511001587 7.24451112747 1.19209289551e-07
      vertex -134.511001587 7.24451112747 5
      vertex -134.743713379 7.34438037872 1.19209289551e-07
    endloop
  endfacet
  facet normal -0.394371420145 0 0.918951153755
    outer loop
      vertex -134.743713379 7.34438037872 1.19209289551e-07
      vertex -134.511001587 7.24451112747 5
      vertex -134.743713379 7.34438037872 5
    endloop
  endfacet
  facet normal -0.299357712269 0 0.95414096117
    outer loop
      vertex -134.743713379 7.34438037872 1.19209289551e-07
      vertex -134.743713379 7.34438037872 5
      vertex -134.985351562 7.42019319534 1.19209289551e-07
    endloop
  endfacet
  facet normal -0.299357712269 0 0.95414096117
    outer loop
      vertex -134.985351562 7.42019319534 1.19209289551e-07
      vertex -134.743713379 7.34438037872 5
      vertex -134.985351562 7.42019319534 5
    endloop
  endfacet
  facet normal -0.201297432184 0 0.979530155659
    outer loop
      vertex -134.985351562 7.42019319534 1.19209289551e-07
      vertex -134.985351562 7.42019319534 5
      vertex -135.233413696 7.47117090225 1.19209289551e-07
    endloop
  endfacet
  facet normal -0.201297432184 0 0.979530155659
    outer loop
      vertex -135.233413696 7.47117090225 1.19209289551e-07
      vertex -134.985351562 7.42019319534 5
      vertex -135.233413696 7.47117090225 5
    endloop
  endfacet
  facet normal -0.101169452071 0 0.994869232178
    outer loop
      vertex -135.233413696 7.47117090225 1.19209289551e-07
      vertex -135.233413696 7.47117090225 5
      vertex -135.485351562 7.49679088593 1.19209289551e-07
    endloop
  endfacet
  facet normal -0.101169452071 0 0.994869232178
    outer loop
      vertex -135.485351562 7.49679088593 1.19209289551e-07
      vertex -135.233413696 7.47117090225 5
      vertex -135.485351562 7.49679088593 5
    endloop
  endfacet
  facet normal 0 -0 1
    outer loop
      vertex -135.485351562 7.49679088593 1.19209289551e-07
      vertex -135.485351562 7.49679088593 5
      vertex -135.738601685 7.49679088593 1.19209289551e-07
    endloop
  endfacet
  facet normal 0 0 1
    outer loop
      vertex -135.738601685 7.49679088593 1.19209289551e-07
      vertex -135.485351562 7.49679088593 5
      vertex -135.738601685 7.49679088593 5
    endloop
  endfacet
  facet normal 0.101162984967 -0 0.994869887829
    outer loop
      vertex -135.738601685 7.49679088593 1.19209289551e-07
      vertex -135.738601685 7.49679088593 5
      vertex -135.99055481 7.47117090225 1.19209289551e-07
    endloop
  endfacet
  facet normal 0.101162984967 -0 0.994869887829
    outer loop
      vertex -135.99055481 7.47117090225 1.19209289551e-07
      vertex -135.738601685 7.49679088593 5
      vertex -135.99055481 7.47117090225 5
    endloop
  endfacet
  facet normal 0.201297432184 -0 0.979530155659
    outer loop
      vertex -135.99055481 7.47117090225 1.19209289551e-07
      vertex -135.99055481 7.47117090225 5
      vertex -136.238616943 7.42019319534 1.19209289551e-07
    endloop
  endfacet
  facet normal 0.201297432184 -0 0.979530155659
    outer loop
      vertex -136.238616943 7.42019319534 1.19209289551e-07
      vertex -135.99055481 7.47117090225 5
      vertex -136.238616943 7.42019319534 5
    endloop
  endfacet
  facet normal 0.29937466979 -0 0.954135656357
    outer loop
      vertex -136.238616943 7.42019319534 1.19209289551e-07
      vertex -136.238616943 7.42019319534 5
      vertex -136.480239868 7.34438037872 1.19209289551e-07
    endloop
  endfacet
  facet normal 0.29937466979 -0 0.954135656357
    outer loop
      vertex -136.480239868 7.34438037872 1.19209289551e-07
      vertex -136.238616943 7.42019319534 5
      vertex -136.480239868 7.34438037872 5
    endloop
  endfacet
  facet normal 0.394349932671 -0 0.91896033287
    outer loop
      vertex -136.480239868 7.34438037872 1.19209289551e-07
      vertex -136.480239868 7.34438037872 5
      vertex -136.712966919 7.24451112747 1.19209289551e-07
    endloop
  endfacet
  facet normal 0.394349932671 -0 0.91896033287
    outer loop
      vertex -136.712966919 7.24451112747 1.19209289551e-07
      vertex -136.480239868 7.34438037872 5
      vertex -136.712966919 7.24451112747 5
    endloop
  endfacet
  facet normal 0.48530843854 -0 0.874343037605
    outer loop
      vertex -136.712966919 7.24451112747 1.19209289551e-07
      vertex -136.712966919 7.24451112747 5
      vertex -136.934387207 7.12161064148 1.19209289551e-07
    endloop
  endfacet
  facet normal 0.48530843854 -0 0.874343037605
    outer loop
      vertex -136.934387207 7.12161064148 1.19209289551e-07
      vertex -136.712966919 7.24451112747 5
      vertex -136.934387207 7.12161064148 5
    endloop
  endfacet
  facet normal 0.571266651154 -0 0.820764541626
    outer loop
      vertex -136.934387207 7.12161064148 1.19209289551e-07
      vertex -136.934387207 7.12161064148 5
      vertex -137.142242432 6.97693967819 1.19209289551e-07
    endloop
  endfacet
  facet normal 0.571266651154 -0 0.820764541626
    outer loop
      vertex -137.142242432 6.97693967819 1.19209289551e-07
      vertex -136.934387207 7.12161064148 5
      vertex -137.142242432 6.97693967819 5
    endloop
  endfacet
  facet normal 0.651371240616 -0 0.758759200573
    outer loop
      vertex -137.142242432 6.97693967819 1.19209289551e-07
      vertex -137.142242432 6.97693967819 5
      vertex -137.334396362 6.81198215485 1.19209289551e-07
    endloop
  endfacet
  facet normal 0.651371240616 -0 0.758759200573
    outer loop
      vertex -137.334396362 6.81198215485 1.19209289551e-07
      vertex -137.142242432 6.97693967819 5
      vertex -137.334396362 6.81198215485 5
    endloop
  endfacet
  facet normal 0.724779605865 -0 0.68898075819
    outer loop
      vertex -137.334396362 6.81198215485 1.19209289551e-07
      vertex -137.334396362 6.81198215485 5
      vertex -137.508880615 6.62843179703 1.19209289551e-07
    endloop
  endfacet
  facet normal 0.724779605865 -0 0.68898075819
    outer loop
      vertex -137.508880615 6.62843179703 1.19209289551e-07
      vertex -137.334396362 6.81198215485 5
      vertex -137.508880615 6.62843179703 5
    endloop
  endfacet
  facet normal 0.790775775909 -0 0.61210590601
    outer loop
      vertex -137.508880615 6.62843179703 1.19209289551e-07
      vertex -137.508880615 6.62843179703 5
      vertex -137.663894653 6.42817020416 1.19209289551e-07
    endloop
  endfacet
  facet normal 0.790775775909 -0 0.61210590601
    outer loop
      vertex -137.663894653 6.42817020416 1.19209289551e-07
      vertex -137.508880615 6.62843179703 5
      vertex -137.663894653 6.42817020416 5
    endloop
  endfacet
  facet normal 0.848643839359 -0 0.528964698315
    outer loop
      vertex -137.663894653 6.42817020416 1.19209289551e-07
      vertex -137.663894653 6.42817020416 5
      vertex -137.797851562 6.21325492859 1.19209289551e-07
    endloop
  endfacet
  facet normal 0.848643839359 -0 0.528964698315
    outer loop
      vertex -137.797851562 6.21325492859 1.19209289551e-07
      vertex -137.663894653 6.42817020416 5
      vertex -137.797851562 6.21325492859 5
    endloop
  endfacet
  facet normal 0.897807717323 -0 0.440387696028
    outer loop
      vertex -137.797851562 6.21325492859 1.19209289551e-07
      vertex -137.797851562 6.21325492859 5
      vertex -137.909378052 5.98588943481 1.19209289551e-07
    endloop
  endfacet
  facet normal 0.897807717323 -0 0.440387696028
    outer loop
      vertex -137.909378052 5.98588943481 1.19209289551e-07
      vertex -137.797851562 6.21325492859 5
      vertex -137.909378052 5.98588943481 5
    endloop
  endfacet
  facet normal 0.937754034996 -0 0.347300201654
    outer loop
      vertex -137.909378052 5.98588943481 1.19209289551e-07
      vertex -137.909378052 5.98588943481 5
      vertex -137.997329712 5.74840831757 1.19209289551e-07
    endloop
  endfacet
  facet normal 0.937754034996 -0 0.347300201654
    outer loop
      vertex -137.997329712 5.74840831757 1.19209289551e-07
      vertex -137.909378052 5.98588943481 5
      vertex -137.997329712 5.74840831757 5
    endloop
  endfacet
  facet normal 0.96807795763 -0 0.250649273396
    outer loop
      vertex -137.997329712 5.74840831757 1.19209289551e-07
      vertex -137.997329712 5.74840831757 5
      vertex -138.060806274 5.50324583054 1.19209289551e-07
    endloop
  endfacet
  facet normal 0.96807795763 -0 0.250649273396
    outer loop
      vertex -138.060806274 5.50324583054 1.19209289551e-07
      vertex -137.997329712 5.74840831757 5
      vertex -138.060806274 5.50324583054 5
    endloop
  endfacet
  facet normal 0.988469958305 -0 0.151417210698
    outer loop
      vertex -138.060806274 5.50324583054 1.19209289551e-07
      vertex -138.060806274 5.50324583054 5
      vertex -138.099151611 5.25292015076 1.19209289551e-07
    endloop
  endfacet
  facet normal 0.988469958305 -0 0.151417210698
    outer loop
      vertex -138.099151611 5.25292015076 1.19209289551e-07
      vertex -138.060806274 5.50324583054 5
      vertex -138.099151611 5.25292015076 5
    endloop
  endfacet
  facet normal 0.998715341091 0 0.0506717227399
    outer loop
      vertex -138.111984253 4.99999952316 20
      vertex -138.111984253 4.99999952316 15
      vertex -138.099151611 5.25292015076 20
    endloop
  endfacet
  facet normal 0.998715341091 0 0.0506717227399
    outer loop
      vertex -138.099151611 5.25292015076 20
      vertex -138.111984253 4.99999952316 15
      vertex -138.099151611 5.25292015076 15
    endloop
  endfacet
  facet normal 0.988469958305 0 0.151417210698
    outer loop
      vertex -138.099151611 5.25292015076 20
      vertex -138.099151611 5.25292015076 15
      vertex -138.060806274 5.50324583054 20
    endloop
  endfacet
  facet normal 0.988469958305 0 0.151417210698
    outer loop
      vertex -138.060806274 5.50324583054 20
      vertex -138.099151611 5.25292015076 15
      vertex -138.060806274 5.50324583054 15
    endloop
  endfacet
  facet normal 0.96807795763 0 0.250649273396
    outer loop
      vertex -138.060806274 5.50324583054 20
      vertex -138.060806274 5.50324583054 15
      vertex -137.997329712 5.74840831757 20
    endloop
  endfacet
  facet normal 0.96807795763 0 0.250649273396
    outer loop
      vertex -137.997329712 5.74840831757 20
      vertex -138.060806274 5.50324583054 15
      vertex -137.997329712 5.74840831757 15
    endloop
  endfacet
  facet normal 0.937754034996 0 0.347300201654
    outer loop
      vertex -137.997329712 5.74840831757 20
      vertex -137.997329712 5.74840831757 15
      vertex -137.909378052 5.98588943481 20
    endloop
  endfacet
  facet normal 0.937754034996 0 0.347300201654
    outer loop
      vertex -137.909378052 5.98588943481 20
      vertex -137.997329712 5.74840831757 15
      vertex -137.909378052 5.98588943481 15
    endloop
  endfacet
  facet normal 0.897807717323 0 0.440387696028
    outer loop
      vertex -137.909378052 5.98588943481 20
      vertex -137.909378052 5.98588943481 15
      vertex -137.797851562 6.21325492859 20
    endloop
  endfacet
  facet normal 0.897807717323 0 0.440387696028
    outer loop
      vertex -137.797851562 6.21325492859 20
      vertex -137.909378052 5.98588943481 15
      vertex -137.797851562 6.21325492859 15
    endloop
  endfacet
  facet normal 0.848643839359 0 0.528964698315
    outer loop
      vertex -137.797851562 6.21325492859 20
      vertex -137.797851562 6.21325492859 15
      vertex -137.663894653 6.42817020416 20
    endloop
  endfacet
  facet normal 0.848643839359 0 0.528964698315
    outer loop
      vertex -137.663894653 6.42817020416 20
      vertex -137.797851562 6.21325492859 15
      vertex -137.663894653 6.42817020416 15
    endloop
  endfacet
  facet normal 0.790775775909 0 0.61210590601
    outer loop
      vertex -137.663894653 6.42817020416 20
      vertex -137.663894653 6.42817020416 15
      vertex -137.508880615 6.62843179703 20
    endloop
  endfacet
  facet normal 0.790775775909 0 0.61210590601
    outer loop
      vertex -137.508880615 6.62843179703 20
      vertex -137.663894653 6.42817020416 15
      vertex -137.508880615 6.62843179703 15
    endloop
  endfacet
  facet normal 0.724779605865 0 0.68898075819
    outer loop
      vertex -137.508880615 6.62843179703 20
      vertex -137.508880615 6.62843179703 15
      vertex -137.334396362 6.81198215485 20
    endloop
  endfacet
  facet normal 0.724779605865 0 0.68898075819
    outer loop
      vertex -137.334396362 6.81198215485 20
      vertex -137.508880615 6.62843179703 15
      vertex -137.334396362 6.81198215485 15
    endloop
  endfacet
  facet normal 0.651371240616 0 0.758759200573
    outer loop
      vertex -137.334396362 6.81198215485 20
      vertex -137.334396362 6.81198215485 15
      vertex -137.142242432 6.97693967819 20
    endloop
  endfacet
  facet normal 0.651371240616 0 0.758759200573
    outer loop
      vertex -137.142242432 6.97693967819 20
      vertex -137.334396362 6.81198215485 15
      vertex -137.142242432 6.97693967819 15
    endloop
  endfacet
  facet normal 0.571266651154 0 0.820764541626
    outer loop
      vertex -137.142242432 6.97693967819 20
      vertex -137.142242432 6.97693967819 15
      vertex -136.934387207 7.12161064148 20
    endloop
  endfacet
  facet normal 0.571266651154 0 0.820764541626
    outer loop
      vertex -136.934387207 7.12161064148 20
      vertex -137.142242432 6.97693967819 15
      vertex -136.934387207 7.12161064148 15
    endloop
  endfacet
  facet normal 0.48530843854 0 0.874343037605
    outer loop
      vertex -136.934387207 7.12161064148 20
      vertex -136.934387207 7.12161064148 15
      vertex -136.712966919 7.24451112747 20
    endloop
  endfacet
  facet normal 0.48530843854 0 0.874343037605
    outer loop
      vertex -136.712966919 7.24451112747 20
      vertex -136.934387207 7.12161064148 15
      vertex -136.712966919 7.24451112747 15
    endloop
  endfacet
  facet normal 0.394349932671 0 0.91896033287
    outer loop
      vertex -136.712966919 7.24451112747 20
      vertex -136.712966919 7.24451112747 15
      vertex -136.480239868 7.34438037872 20
    endloop
  endfacet
  facet normal 0.394349932671 0 0.91896033287
    outer loop
      vertex -136.480239868 7.34438037872 20
      vertex -136.712966919 7.24451112747 15
      vertex -136.480239868 7.34438037872 15
    endloop
  endfacet
  facet normal 0.29937466979 0 0.954135656357
    outer loop
      vertex -136.480239868 7.34438037872 20
      vertex -136.480239868 7.34438037872 15
      vertex -136.238616943 7.42019319534 20
    endloop
  endfacet
  facet normal 0.29937466979 0 0.954135656357
    outer loop
      vertex -136.238616943 7.42019319534 20
      vertex -136.480239868 7.34438037872 15
      vertex -136.238616943 7.42019319534 15
    endloop
  endfacet
  facet normal 0.201297432184 0 0.979530155659
    outer loop
      vertex -136.238616943 7.42019319534 20
      vertex -136.238616943 7.42019319534 15
      vertex -135.99055481 7.47117090225 20
    endloop
  endfacet
  facet normal 0.201297432184 0 0.979530155659
    outer loop
      vertex -135.99055481 7.47117090225 20
      vertex -136.238616943 7.42019319534 15
      vertex -135.99055481 7.47117090225 15
    endloop
  endfacet
  facet normal 0.101162984967 0 0.994869887829
    outer loop
      vertex -135.99055481 7.47117090225 20
      vertex -135.99055481 7.47117090225 15
      vertex -135.738601685 7.49679088593 20
    endloop
  endfacet
  facet normal 0.101162984967 0 0.994869887829
    outer loop
      vertex -135.738601685 7.49679088593 20
      vertex -135.99055481 7.47117090225 15
      vertex -135.738601685 7.49679088593 15
    endloop
  endfacet
  facet normal -0 0 1
    outer loop
      vertex -135.738601685 7.49679088593 20
      vertex -135.738601685 7.49679088593 15
      vertex -135.485351562 7.49679088593 20
    endloop
  endfacet
  facet normal 0 0 1
    outer loop
      vertex -135.485351562 7.49679088593 20
      vertex -135.738601685 7.49679088593 15
      vertex -135.485351562 7.49679088593 15
    endloop
  endfacet
  facet normal -0.101169452071 0 0.994869232178
    outer loop
      vertex -135.485351562 7.49679088593 20
      vertex -135.485351562 7.49679088593 15
      vertex -135.233413696 7.47117090225 20
    endloop
  endfacet
  facet normal -0.101169452071 0 0.994869232178
    outer loop
      vertex -135.233413696 7.47117090225 20
      vertex -135.485351562 7.49679088593 15
      vertex -135.233413696 7.47117090225 15
    endloop
  endfacet
  facet normal -0.201297432184 0 0.979530155659
    outer loop
      vertex -135.233413696 7.47117090225 20
      vertex -135.233413696 7.47117090225 15
      vertex -134.985351562 7.42019319534 20
    endloop
  endfacet
  facet normal -0.201297432184 0 0.979530155659
    outer loop
      vertex -134.985351562 7.42019319534 20
      vertex -135.233413696 7.47117090225 15
      vertex -134.985351562 7.42019319534 15
    endloop
  endfacet
  facet normal -0.299357712269 0 0.95414096117
    outer loop
      vertex -134.985351562 7.42019319534 20
      vertex -134.985351562 7.42019319534 15
      vertex -134.743713379 7.34438037872 20
    endloop
  endfacet
  facet normal -0.299357712269 0 0.95414096117
    outer loop
      vertex -134.743713379 7.34438037872 20
      vertex -134.985351562 7.42019319534 15
      vertex -134.743713379 7.34438037872 15
    endloop
  endfacet
  facet normal -0.394371420145 0 0.918951153755
    outer loop
      vertex -134.743713379 7.34438037872 20
      vertex -134.743713379 7.34438037872 15
      vertex -134.511001587 7.24451112747 20
    endloop
  endfacet
  facet normal -0.394371420145 0 0.918951153755
    outer loop
      vertex -134.511001587 7.24451112747 20
      vertex -134.743713379 7.34438037872 15
      vertex -134.511001587 7.24451112747 15
    endloop
  endfacet
  facet normal -0.485281169415 0 0.874358177185
    outer loop
      vertex -134.511001587 7.24451112747 20
      vertex -134.511001587 7.24451112747 15
      vertex -134.28956604 7.12161064148 20
    endloop
  endfacet
  facet normal -0.485281169415 0 0.874358177185
    outer loop
      vertex -134.28956604 7.12161064148 20
      vertex -134.511001587 7.24451112747 15
      vertex -134.28956604 7.12161064148 15
    endloop
  endfacet
  facet normal -0.571268975735 0 0.820762932301
    outer loop
      vertex -134.28956604 7.12161064148 20
      vertex -134.28956604 7.12161064148 15
      vertex -134.081710815 6.97693967819 20
    endloop
  endfacet
  facet normal -0.571268975735 0 0.820762932301
    outer loop
      vertex -134.081710815 6.97693967819 20
      vertex -134.28956604 7.12161064148 15
      vertex -134.081710815 6.97693967819 15
    endloop
  endfacet
  facet normal -0.651368796825 0 0.758761286736
    outer loop
      vertex -134.081710815 6.97693967819 20
      vertex -134.081710815 6.97693967819 15
      vertex -133.889556885 6.81198215485 20
    endloop
  endfacet
  facet normal -0.651368796825 0 0.758761286736
    outer loop
      vertex -133.889556885 6.81198215485 20
      vertex -134.081710815 6.97693967819 15
      vertex -133.889556885 6.81198215485 15
    endloop
  endfacet
  facet normal -0.724809229374 0 0.688949584961
    outer loop
      vertex -133.889556885 6.81198215485 20
      vertex -133.889556885 6.81198215485 15
      vertex -133.715087891 6.62843179703 20
    endloop
  endfacet
  facet normal -0.724809229374 0 0.688949584961
    outer loop
      vertex -133.715087891 6.62843179703 20
      vertex -133.889556885 6.81198215485 15
      vertex -133.715087891 6.62843179703 15
    endloop
  endfacet
  facet normal -0.790775775909 0 0.61210590601
    outer loop
      vertex -133.715087891 6.62843179703 20
      vertex -133.715087891 6.62843179703 15
      vertex -133.560073853 6.42817020416 20
    endloop
  endfacet
  facet normal -0.790775775909 0 0.61210590601
    outer loop
      vertex -133.560073853 6.42817020416 20
      vertex -133.715087891 6.62843179703 15
      vertex -133.560073853 6.42817020416 15
    endloop
  endfacet
  facet normal -0.848646044731 0 0.528961122036
    outer loop
      vertex -133.560073853 6.42817020416 20
      vertex -133.560073853 6.42817020416 15
      vertex -133.426116943 6.21325492859 20
    endloop
  endfacet
  facet normal -0.848646044731 0 0.528961122036
    outer loop
      vertex -133.426116943 6.21325492859 20
      vertex -133.560073853 6.42817020416 15
      vertex -133.426116943 6.21325492859 15
    endloop
  endfacet
  facet normal -0.897807717323 0 0.440387696028
    outer loop
      vertex -133.426116943 6.21325492859 20
      vertex -133.426116943 6.21325492859 15
      vertex -133.314590454 5.98588943481 20
    endloop
  endfacet
  facet normal -0.897807717323 0 0.440387696028
    outer loop
      vertex -133.314590454 5.98588943481 20
      vertex -133.426116943 6.21325492859 15
      vertex -133.314590454 5.98588943481 15
    endloop
  endfacet
  facet normal -0.937754034996 0 0.347300201654
    outer loop
      vertex -133.314590454 5.98588943481 20
      vertex -133.314590454 5.98588943481 15
      vertex -133.226638794 5.74840831757 20
    endloop
  endfacet
  facet normal -0.937754034996 0 0.347300201654
    outer loop
      vertex -133.226638794 5.74840831757 20
      vertex -133.314590454 5.98588943481 15
      vertex -133.226638794 5.74840831757 15
    endloop
  endfacet
  facet normal -0.968076765537 0 0.250653892756
    outer loop
      vertex -133.226638794 5.74840831757 20
      vertex -133.226638794 5.74840831757 15
      vertex -133.163162231 5.50324583054 20
    endloop
  endfacet
  facet normal -0.968076765537 0 0.250653892756
    outer loop
      vertex -133.163162231 5.50324583054 20
      vertex -133.226638794 5.74840831757 15
      vertex -133.163162231 5.50324583054 15
    endloop
  endfacet
  facet normal -0.988461792469 0 0.151470333338
    outer loop
      vertex -133.163162231 5.50324583054 20
      vertex -133.163162231 5.50324583054 15
      vertex -133.124801636 5.25292015076 20
    endloop
  endfacet
  facet normal -0.988461792469 0 0.151470333338
    outer loop
      vertex -133.124801636 5.25292015076 20
      vertex -133.163162231 5.50324583054 15
      vertex -133.124801636 5.25292015076 15
    endloop
  endfacet
  facet normal -0.998718380928 0 0.05061256513
    outer loop
      vertex -133.124801636 5.25292015076 20
      vertex -133.124801636 5.25292015076 15
      vertex -133.111984253 4.99999952316 20
    endloop
  endfacet
  facet normal -0.998718380928 0 0.05061256513
    outer loop
      vertex -133.111984253 4.99999952316 20
      vertex -133.124801636 5.25292015076 15
      vertex -133.111984253 4.99999952316 15
    endloop
  endfacet
  facet normal -0.998718380928 -0 -0.05061256513
    outer loop
      vertex -133.111984253 4.99999952316 20
      vertex -133.111984253 4.99999952316 15
      vertex -133.124801636 4.74707937241 20
    endloop
  endfacet
  facet normal -0.998718380928 -0 -0.05061256513
    outer loop
      vertex -133.124801636 4.74707937241 20
      vertex -133.111984253 4.99999952316 15
      vertex -133.124801636 4.74707937241 15
    endloop
  endfacet
  facet normal -0.988461792469 -0 -0.151470333338
    outer loop
      vertex -133.124801636 4.74707937241 20
      vertex -133.124801636 4.74707937241 15
      vertex -133.163162231 4.49675369263 20
    endloop
  endfacet
  facet normal -0.988461792469 -0 -0.151470333338
    outer loop
      vertex -133.163162231 4.49675369263 20
      vertex -133.124801636 4.74707937241 15
      vertex -133.163162231 4.49675369263 15
    endloop
  endfacet
  facet normal -0.968076467514 -0 -0.250655114651
    outer loop
      vertex -133.163162231 4.49675369263 20
      vertex -133.163162231 4.49675369263 15
      vertex -133.226638794 4.25159215927 20
    endloop
  endfacet
  facet normal -0.968076467514 -0 -0.250655114651
    outer loop
      vertex -133.226638794 4.25159215927 20
      vertex -133.163162231 4.49675369263 15
      vertex -133.226638794 4.25159215927 15
    endloop
  endfacet
  facet normal -0.937754631042 -0 -0.347298592329
    outer loop
      vertex -133.226638794 4.25159215927 20
      vertex -133.226638794 4.25159215927 15
      vertex -133.314590454 4.01411008835 20
    endloop
  endfacet
  facet normal -0.937754631042 -0 -0.347298592329
    outer loop
      vertex -133.314590454 4.01411008835 20
      vertex -133.226638794 4.25159215927 15
      vertex -133.314590454 4.01411008835 15
    endloop
  endfacet
  facet normal -0.897806763649 -0 -0.440389662981
    outer loop
      vertex -133.314590454 4.01411008835 20
      vertex -133.314590454 4.01411008835 15
      vertex -133.426116943 3.78674554825 20
    endloop
  endfacet
  facet normal -0.897806763649 -0 -0.440389662981
    outer loop
      vertex -133.426116943 3.78674554825 20
      vertex -133.314590454 4.01411008835 15
      vertex -133.426116943 3.78674554825 15
    endloop
  endfacet
  facet normal -0.848647415638 -0 -0.528958916664
    outer loop
      vertex -133.426116943 3.78674554825 20
      vertex -133.426116943 3.78674554825 15
      vertex -133.560073853 3.57182908058 20
    endloop
  endfacet
  facet normal -0.848647415638 -0 -0.528958916664
    outer loop
      vertex -133.560073853 3.57182908058 20
      vertex -133.426116943 3.78674554825 15
      vertex -133.560073853 3.57182908058 15
    endloop
  endfacet
  facet normal -0.790773928165 -0 -0.612108290195
    outer loop
      vertex -133.560073853 3.57182908058 20
      vertex -133.560073853 3.57182908058 15
      vertex -133.715087891 3.37156867981 20
    endloop
  endfacet
  facet normal -0.790773928165 -0 -0.612108290195
    outer loop
      vertex -133.715087891 3.37156867981 20
      vertex -133.560073853 3.57182908058 15
      vertex -133.715087891 3.37156867981 15
    endloop
  endfacet
  facet normal -0.724809229374 -0 -0.688949584961
    outer loop
      vertex -133.715087891 3.37156867981 20
      vertex -133.715087891 3.37156867981 15
      vertex -133.889556885 3.18801856041 20
    endloop
  endfacet
  facet normal -0.724809229374 -0 -0.688949584961
    outer loop
      vertex -133.889556885 3.18801856041 20
      vertex -133.715087891 3.37156867981 15
      vertex -133.889556885 3.18801856041 15
    endloop
  endfacet
  facet normal -0.651368796825 -0 -0.758761286736
    outer loop
      vertex -133.889556885 3.18801856041 20
      vertex -133.889556885 3.18801856041 15
      vertex -134.081710815 3.02306103706 20
    endloop
  endfacet
  facet normal -0.651368796825 -0 -0.758761286736
    outer loop
      vertex -134.081710815 3.02306103706 20
      vertex -133.889556885 3.18801856041 15
      vertex -134.081710815 3.02306103706 15
    endloop
  endfacet
  facet normal -0.571268975735 -0 -0.820762932301
    outer loop
      vertex -134.081710815 3.02306103706 20
      vertex -134.081710815 3.02306103706 15
      vertex -134.28956604 2.87838983536 20
    endloop
  endfacet
  facet normal -0.571268975735 -0 -0.820762932301
    outer loop
      vertex -134.28956604 2.87838983536 20
      vertex -134.081710815 3.02306103706 15
      vertex -134.28956604 2.87838983536 15
    endloop
  endfacet
  facet normal -0.485284924507 -0 -0.874356091022
    outer loop
      vertex -134.28956604 2.87838983536 20
      vertex -134.28956604 2.87838983536 15
      vertex -134.511001587 2.75548815727 20
    endloop
  endfacet
  facet normal -0.485284924507 -0 -0.874356091022
    outer loop
      vertex -134.511001587 2.75548815727 20
      vertex -134.28956604 2.87838983536 15
      vertex -134.511001587 2.75548815727 15
    endloop
  endfacet
  facet normal -0.394371420145 -0 -0.918951153755
    outer loop
      vertex -134.511001587 2.75548815727 20
      vertex -134.511001587 2.75548815727 15
      vertex -134.743713379 2.65561914444 20
    endloop
  endfacet
  facet normal -0.394371420145 -0 -0.918951153755
    outer loop
      vertex -134.743713379 2.65561914444 20
      vertex -134.511001587 2.75548815727 15
      vertex -134.743713379 2.65561914444 15
    endloop
  endfacet
  facet normal -0.299353212118 -0 -0.954142391682
    outer loop
      vertex -134.743713379 2.65561914444 20
      vertex -134.743713379 2.65561914444 15
      vertex -134.985351562 2.57980751991 20
    endloop
  endfacet
  facet normal -0.299353212118 -0 -0.954142391682
    outer loop
      vertex -134.985351562 2.57980751991 20
      vertex -134.743713379 2.65561914444 15
      vertex -134.985351562 2.57980751991 15
    endloop
  endfacet
  facet normal -0.201297432184 -0 -0.979530155659
    outer loop
      vertex -134.985351562 2.57980751991 20
      vertex -134.985351562 2.57980751991 15
      vertex -135.233413696 2.52882957458 20
    endloop
  endfacet
  facet normal -0.201297432184 -0 -0.979530155659
    outer loop
      vertex -135.233413696 2.52882957458 20
      vertex -134.985351562 2.57980751991 15
      vertex -135.233413696 2.52882957458 15
    endloop
  endfacet
  facet normal -0.101174347103 -0 -0.994868695736
    outer loop
      vertex -135.233413696 2.52882957458 20
      vertex -135.233413696 2.52882957458 15
      vertex -135.485351562 2.50320863724 20
    endloop
  endfacet
  facet normal -0.101174347103 -0 -0.994868695736
    outer loop
      vertex -135.485351562 2.50320863724 20
      vertex -135.233413696 2.52882957458 15
      vertex -135.485351562 2.50320863724 15
    endloop
  endfacet
  facet normal -0 -0 -1
    outer loop
      vertex -135.485351562 2.50320863724 20
      vertex -135.485351562 2.50320863724 15
      vertex -135.738601685 2.50320863724 20
    endloop
  endfacet
  facet normal 0 0 -1
    outer loop
      vertex -135.738601685 2.50320863724 20
      vertex -135.485351562 2.50320863724 15
      vertex -135.738601685 2.50320863724 15
    endloop
  endfacet
  facet normal 0.101167879999 0 -0.994869351387
    outer loop
      vertex -135.738601685 2.50320863724 20
      vertex -135.738601685 2.50320863724 15
      vertex -135.99055481 2.52882957458 20
    endloop
  endfacet
  facet normal 0.101167879999 0 -0.994869351387
    outer loop
      vertex -135.99055481 2.52882957458 20
      vertex -135.738601685 2.50320863724 15
      vertex -135.99055481 2.52882957458 15
    endloop
  endfacet
  facet normal 0.201297432184 0 -0.979530155659
    outer loop
      vertex -135.99055481 2.52882957458 20
      vertex -135.99055481 2.52882957458 15
      vertex -136.238616943 2.57980751991 20
    endloop
  endfacet
  facet normal 0.201297432184 0 -0.979530155659
    outer loop
      vertex -136.238616943 2.57980751991 20
      vertex -135.99055481 2.52882957458 15
      vertex -136.238616943 2.57980751991 15
    endloop
  endfacet
  facet normal 0.29937016964 0 -0.954137027264
    outer loop
      vertex -136.238616943 2.57980751991 20
      vertex -136.238616943 2.57980751991 15
      vertex -136.480239868 2.65561914444 20
    endloop
  endfacet
  facet normal 0.29937016964 0 -0.954137027264
    outer loop
      vertex -136.480239868 2.65561914444 20
      vertex -136.238616943 2.57980751991 15
      vertex -136.480239868 2.65561914444 15
    endloop
  endfacet
  facet normal 0.394349932671 0 -0.91896033287
    outer loop
      vertex -136.480239868 2.65561914444 20
      vertex -136.480239868 2.65561914444 15
      vertex -136.712966919 2.75548815727 20
    endloop
  endfacet
  facet normal 0.394349932671 0 -0.91896033287
    outer loop
      vertex -136.712966919 2.75548815727 20
      vertex -136.480239868 2.65561914444 15
      vertex -136.712966919 2.75548815727 15
    endloop
  endfacet
  facet normal 0.485312193632 0 -0.874340951443
    outer loop
      vertex -136.712966919 2.75548815727 20
      vertex -136.712966919 2.75548815727 15
      vertex -136.934387207 2.87838983536 20
    endloop
  endfacet
  facet normal 0.485312193632 0 -0.874340951443
    outer loop
      vertex -136.934387207 2.87838983536 20
      vertex -136.712966919 2.75548815727 15
      vertex -136.934387207 2.87838983536 15
    endloop
  endfacet
  facet normal 0.571266651154 0 -0.820764541626
    outer loop
      vertex -136.934387207 2.87838983536 20
      vertex -136.934387207 2.87838983536 15
      vertex -137.142242432 3.02306103706 20
    endloop
  endfacet
  facet normal 0.571266651154 0 -0.820764541626
    outer loop
      vertex -137.142242432 3.02306103706 20
      vertex -136.934387207 2.87838983536 15
      vertex -137.142242432 3.02306103706 15
    endloop
  endfacet
  facet normal 0.651371240616 0 -0.758759200573
    outer loop
      vertex -137.142242432 3.02306103706 20
      vertex -137.142242432 3.02306103706 15
      vertex -137.334396362 3.18801856041 20
    endloop
  endfacet
  facet normal 0.651371240616 0 -0.758759200573
    outer loop
      vertex -137.334396362 3.18801856041 20
      vertex -137.142242432 3.02306103706 15
      vertex -137.334396362 3.18801856041 15
    endloop
  endfacet
  facet normal 0.724779605865 0 -0.68898075819
    outer loop
      vertex -137.334396362 3.18801856041 20
      vertex -137.334396362 3.18801856041 15
      vertex -137.508880615 3.37156867981 20
    endloop
  endfacet
  facet normal 0.724779605865 0 -0.68898075819
    outer loop
      vertex -137.508880615 3.37156867981 20
      vertex -137.334396362 3.18801856041 15
      vertex -137.508880615 3.37156867981 15
    endloop
  endfacet
  facet normal 0.790773928165 0 -0.612108290195
    outer loop
      vertex -137.508880615 3.37156867981 20
      vertex -137.508880615 3.37156867981 15
      vertex -137.663894653 3.57182908058 20
    endloop
  endfacet
  facet normal 0.790773928165 0 -0.612108290195
    outer loop
      vertex -137.663894653 3.57182908058 20
      vertex -137.508880615 3.37156867981 15
      vertex -137.663894653 3.57182908058 15
    endloop
  endfacet
  facet normal 0.848645210266 0 -0.528962492943
    outer loop
      vertex -137.663894653 3.57182908058 20
      vertex -137.663894653 3.57182908058 15
      vertex -137.797851562 3.78674554825 20
    endloop
  endfacet
  facet normal 0.848645210266 0 -0.528962492943
    outer loop
      vertex -137.797851562 3.78674554825 20
      vertex -137.663894653 3.57182908058 15
      vertex -137.797851562 3.78674554825 15
    endloop
  endfacet
  facet normal 0.897806763649 0 -0.440389662981
    outer loop
      vertex -137.797851562 3.78674554825 20
      vertex -137.797851562 3.78674554825 15
      vertex -137.909378052 4.01411008835 20
    endloop
  endfacet
  facet normal 0.897806763649 0 -0.440389662981
    outer loop
      vertex -137.909378052 4.01411008835 20
      vertex -137.797851562 3.78674554825 15
      vertex -137.909378052 4.01411008835 15
    endloop
  endfacet
  facet normal 0.937754631042 0 -0.347298592329
    outer loop
      vertex -137.909378052 4.01411008835 20
      vertex -137.909378052 4.01411008835 15
      vertex -137.997329712 4.25159215927 20
    endloop
  endfacet
  facet normal 0.937754631042 0 -0.347298592329
    outer loop
      vertex -137.997329712 4.25159215927 20
      vertex -137.909378052 4.01411008835 15
      vertex -137.997329712 4.25159215927 15
    endloop
  endfacet
  facet normal 0.968077659607 0 -0.250650465488
    outer loop
      vertex -137.997329712 4.25159215927 20
      vertex -137.997329712 4.25159215927 15
      vertex -138.060806274 4.49675369263 20
    endloop
  endfacet
  facet normal 0.968077659607 0 -0.250650465488
    outer loop
      vertex -138.060806274 4.49675369263 20
      vertex -137.997329712 4.25159215927 15
      vertex -138.060806274 4.49675369263 15
    endloop
  endfacet
  facet normal 0.988469958305 0 -0.151417210698
    outer loop
      vertex -138.060806274 4.49675369263 20
      vertex -138.060806274 4.49675369263 15
      vertex -138.099151611 4.74707937241 20
    endloop
  endfacet
  facet normal 0.988469958305 0 -0.151417210698
    outer loop
      vertex -138.099151611 4.74707937241 20
      vertex -138.060806274 4.49675369263 15
      vertex -138.099151611 4.74707937241 15
    endloop
  endfacet
  facet normal 0.998715341091 0 -0.0506717227399
    outer loop
      vertex -138.099151611 4.74707937241 20
      vertex -138.099151611 4.74707937241 15
      vertex -138.111984253 4.99999952316 20
    endloop
  endfacet
  facet normal 0.998715341091 0 -0.0506717227399
    outer loop
      vertex -138.111984253 4.99999952316 20
      vertex -138.099151611 4.74707937241 15
      vertex -138.111984253 4.99999952316 15
    endloop
  endfacet
  facet normal 0.998715341091 0 0.0506717227399
    outer loop
      vertex -138.111984253 4.99999952316 15
      vertex -138.111984253 4.99999952316 10
      vertex -138.099151611 5.25292015076 15
    endloop
  endfacet
  facet normal 0.998715341091 0 0.0506717227399
    outer loop
      vertex -138.099151611 5.25292015076 15
      vertex -138.111984253 4.99999952316 10
      vertex -138.099151611 5.25292015076 10
    endloop
  endfacet
  facet normal 0.988469958305 0 0.151417210698
    outer loop
      vertex -138.099151611 5.25292015076 15
      vertex -138.099151611 5.25292015076 10
      vertex -138.060806274 5.50324583054 15
    endloop
  endfacet
  facet normal 0.988469958305 0 0.151417210698
    outer loop
      vertex -138.060806274 5.50324583054 15
      vertex -138.099151611 5.25292015076 10
      vertex -138.060806274 5.50324583054 10
    endloop
  endfacet
  facet normal 0.96807795763 0 0.250649273396
    outer loop
      vertex -138.060806274 5.50324583054 15
      vertex -138.060806274 5.50324583054 10
      vertex -137.997329712 5.74840831757 15
    endloop
  endfacet
  facet normal 0.96807795763 0 0.250649273396
    outer loop
      vertex -137.997329712 5.74840831757 15
      vertex -138.060806274 5.50324583054 10
      vertex -137.997329712 5.74840831757 10
    endloop
  endfacet
  facet normal 0.937754034996 0 0.347300201654
    outer loop
      vertex -137.997329712 5.74840831757 15
      vertex -137.997329712 5.74840831757 10
      vertex -137.909378052 5.98588943481 15
    endloop
  endfacet
  facet normal 0.937754034996 0 0.347300201654
    outer loop
      vertex -137.909378052 5.98588943481 15
      vertex -137.997329712 5.74840831757 10
      vertex -137.909378052 5.98588943481 10
    endloop
  endfacet
  facet normal 0.897807717323 0 0.440387696028
    outer loop
      vertex -137.909378052 5.98588943481 15
      vertex -137.909378052 5.98588943481 10
      vertex -137.797851562 6.21325492859 15
    endloop
  endfacet
  facet normal 0.897807717323 0 0.440387696028
    outer loop
      vertex -137.797851562 6.21325492859 15
      vertex -137.909378052 5.98588943481 10
      vertex -137.797851562 6.21325492859 10
    endloop
  endfacet
  facet normal 0.848643839359 0 0.528964698315
    outer loop
      vertex -137.797851562 6.21325492859 15
      vertex -137.797851562 6.21325492859 10
      vertex -137.663894653 6.42817020416 15
    endloop
  endfacet
  facet normal 0.848643839359 0 0.528964698315
    outer loop
      vertex -137.663894653 6.42817020416 15
      vertex -137.797851562 6.21325492859 10
      vertex -137.663894653 6.42817020416 10
    endloop
  endfacet
  facet normal 0.790775775909 0 0.61210590601
    outer loop
      vertex -137.663894653 6.42817020416 15
      vertex -137.663894653 6.42817020416 10
      vertex -137.508880615 6.62843179703 15
    endloop
  endfacet
  facet normal 0.790775775909 0 0.61210590601
    outer loop
      vertex -137.508880615 6.62843179703 15
      vertex -137.663894653 6.42817020416 10
      vertex -137.508880615 6.62843179703 10
    endloop
  endfacet
  facet normal 0.724779605865 0 0.68898075819
    outer loop
      vertex -137.508880615 6.62843179703 15
      vertex -137.508880615 6.62843179703 10
      vertex -137.334396362 6.81198215485 15
    endloop
  endfacet
  facet normal 0.724779605865 0 0.68898075819
    outer loop
      vertex -137.334396362 6.81198215485 15
      vertex -137.508880615 6.62843179703 10
      vertex -137.334396362 6.81198215485 10
    endloop
  endfacet
  facet normal 0.651371240616 0 0.758759200573
    outer loop
      vertex -137.334396362 6.81198215485 15
      vertex -137.334396362 6.81198215485 10
      vertex -137.142242432 6.97693967819 15
    endloop
  endfacet
  facet normal 0.651371240616 0 0.758759200573
    outer loop
      vertex -137.142242432 6.97693967819 15
      vertex -137.334396362 6.81198215485 10
      vertex -137.142242432 6.97693967819 10
    endloop
  endfacet
  facet normal 0.571266651154 0 0.820764541626
    outer loop
      vertex -137.142242432 6.97693967819 15
      vertex -137.142242432 6.97693967819 10
      vertex -136.934387207 7.12161064148 15
    endloop
  endfacet
  facet normal 0.571266651154 0 0.820764541626
    outer loop
      vertex -136.934387207 7.12161064148 15
      vertex -137.142242432 6.97693967819 10
      vertex -136.934387207 7.12161064148 10
    endloop
  endfacet
  facet normal 0.48530843854 0 0.874343037605
    outer loop
      vertex -136.934387207 7.12161064148 15
      vertex -136.934387207 7.12161064148 10
      vertex -136.712966919 7.24451112747 15
    endloop
  endfacet
  facet normal 0.48530843854 0 0.874343037605
    outer loop
      vertex -136.712966919 7.24451112747 15
      vertex -136.934387207 7.12161064148 10
      vertex -136.712966919 7.24451112747 10
    endloop
  endfacet
  facet normal 0.394349932671 0 0.91896033287
    outer loop
      vertex -136.712966919 7.24451112747 15
      vertex -136.712966919 7.24451112747 10
      vertex -136.480239868 7.34438037872 15
    endloop
  endfacet
  facet normal 0.394349932671 0 0.91896033287
    outer loop
      vertex -136.480239868 7.34438037872 15
      vertex -136.712966919 7.24451112747 10
      vertex -136.480239868 7.34438037872 10
    endloop
  endfacet
  facet normal 0.29937466979 0 0.954135656357
    outer loop
      vertex -136.480239868 7.34438037872 15
      vertex -136.480239868 7.34438037872 10
      vertex -136.238616943 7.42019319534 15
    endloop
  endfacet
  facet normal 0.29937466979 0 0.954135656357
    outer loop
      vertex -136.238616943 7.42019319534 15
      vertex -136.480239868 7.34438037872 10
      vertex -136.238616943 7.42019319534 10
    endloop
  endfacet
  facet normal 0.201297432184 0 0.979530155659
    outer loop
      vertex -136.238616943 7.42019319534 15
      vertex -136.238616943 7.42019319534 10
      vertex -135.99055481 7.47117090225 15
    endloop
  endfacet
  facet normal 0.201297432184 0 0.979530155659
    outer loop
      vertex -135.99055481 7.47117090225 15
      vertex -136.238616943 7.42019319534 10
      vertex -135.99055481 7.47117090225 10
    endloop
  endfacet
  facet normal 0.101162984967 0 0.994869887829
    outer loop
      vertex -135.99055481 7.47117090225 15
      vertex -135.99055481 7.47117090225 10
      vertex -135.738601685 7.49679088593 15
    endloop
  endfacet
  facet normal 0.101162984967 0 0.994869887829
    outer loop
      vertex -135.738601685 7.49679088593 15
      vertex -135.99055481 7.47117090225 10
      vertex -135.738601685 7.49679088593 10
    endloop
  endfacet
  facet normal -0 0 1
    outer loop
      vertex -135.738601685 7.49679088593 15
      vertex -135.738601685 7.49679088593 10
      vertex -135.485351562 7.49679088593 15
    endloop
  endfacet
  facet normal 0 0 1
    outer loop
      vertex -135.485351562 7.49679088593 15
      vertex -135.738601685 7.49679088593 10
      vertex -135.485351562 7.49679088593 10
    endloop
  endfacet
  facet normal -0.101169452071 0 0.994869232178
    outer loop
      vertex -135.485351562 7.49679088593 15
      vertex -135.485351562 7.49679088593 10
      vertex -135.233413696 7.47117090225 15
    endloop
  endfacet
  facet normal -0.101169452071 0 0.994869232178
    outer loop
      vertex -135.233413696 7.47117090225 15
      vertex -135.485351562 7.49679088593 10
      vertex -135.233413696 7.47117090225 10
    endloop
  endfacet
  facet normal -0.201297432184 0 0.979530155659
    outer loop
      vertex -135.233413696 7.47117090225 15
      vertex -135.233413696 7.47117090225 10
      vertex -134.985351562 7.42019319534 15
    endloop
  endfacet
  facet normal -0.201297432184 0 0.979530155659
    outer loop
      vertex -134.985351562 7.42019319534 15
      vertex -135.233413696 7.47117090225 10
      vertex -134.985351562 7.42019319534 10
    endloop
  endfacet
  facet normal -0.299357712269 0 0.95414096117
    outer loop
      vertex -134.985351562 7.42019319534 15
      vertex -134.985351562 7.42019319534 10
      vertex -134.743713379 7.34438037872 15
    endloop
  endfacet
  facet normal -0.299357712269 0 0.95414096117
    outer loop
      vertex -134.743713379 7.34438037872 15
      vertex -134.985351562 7.42019319534 10
      vertex -134.743713379 7.34438037872 10
    endloop
  endfacet
  facet normal -0.394371420145 0 0.918951153755
    outer loop
      vertex -134.743713379 7.34438037872 15
      vertex -134.743713379 7.34438037872 10
      vertex -134.511001587 7.24451112747 15
    endloop
  endfacet
  facet normal -0.394371420145 0 0.918951153755
    outer loop
      vertex -134.511001587 7.24451112747 15
      vertex -134.743713379 7.34438037872 10
      vertex -134.511001587 7.24451112747 10
    endloop
  endfacet
  facet normal -0.485281169415 0 0.874358177185
    outer loop
      vertex -134.511001587 7.24451112747 15
      vertex -134.511001587 7.24451112747 10
      vertex -134.28956604 7.12161064148 15
    endloop
  endfacet
  facet normal -0.485281169415 0 0.874358177185
    outer loop
      vertex -134.28956604 7.12161064148 15
      vertex -134.511001587 7.24451112747 10
      vertex -134.28956604 7.12161064148 10
    endloop
  endfacet
  facet normal -0.571268975735 0 0.820762932301
    outer loop
      vertex -134.28956604 7.12161064148 15
      vertex -134.28956604 7.12161064148 10
      vertex -134.081710815 6.97693967819 15
    endloop
  endfacet
  facet normal -0.571268975735 0 0.820762932301
    outer loop
      vertex -134.081710815 6.97693967819 15
      vertex -134.28956604 7.12161064148 10
      vertex -134.081710815 6.97693967819 10
    endloop
  endfacet
  facet normal -0.651368796825 0 0.758761286736
    outer loop
      vertex -134.081710815 6.97693967819 15
      vertex -134.081710815 6.97693967819 10
      vertex -133.889556885 6.81198215485 15
    endloop
  endfacet
  facet normal -0.651368796825 0 0.758761286736
    outer loop
      vertex -133.889556885 6.81198215485 15
      vertex -134.081710815 6.97693967819 10
      vertex -133.889556885 6.81198215485 10
    endloop
  endfacet
  facet normal -0.724809229374 0 0.688949584961
    outer loop
      vertex -133.889556885 6.81198215485 15
      vertex -133.889556885 6.81198215485 10
      vertex -133.715087891 6.62843179703 15
    endloop
  endfacet
  facet normal -0.724809229374 0 0.688949584961
    outer loop
      vertex -133.715087891 6.62843179703 15
      vertex -133.889556885 6.81198215485 10
      vertex -133.715087891 6.62843179703 10
    endloop
  endfacet
  facet normal -0.790775775909 0 0.61210590601
    outer loop
      vertex -133.715087891 6.62843179703 15
      vertex -133.715087891 6.62843179703 10
      vertex -133.560073853 6.42817020416 15
    endloop
  endfacet
  facet normal -0.790775775909 0 0.61210590601
    outer loop
      vertex -133.560073853 6.42817020416 15
      vertex -133.715087891 6.62843179703 10
      vertex -133.560073853 6.42817020416 10
    endloop
  endfacet
  facet normal -0.848646044731 0 0.528961122036
    outer loop
      vertex -133.560073853 6.42817020416 15
      vertex -133.560073853 6.42817020416 10
      vertex -133.426116943 6.21325492859 15
    endloop
  endfacet
  facet normal -0.848646044731 0 0.528961122036
    outer loop
      vertex -133.426116943 6.21325492859 15
      vertex -133.560073853 6.42817020416 10
      vertex -133.426116943 6.21325492859 10
    endloop
  endfacet
  facet normal -0.897807717323 0 0.440387696028
    outer loop
      vertex -133.426116943 6.21325492859 15
      vertex -133.426116943 6.21325492859 10
      vertex -133.314590454 5.98588943481 15
    endloop
  endfacet
  facet normal -0.897807717323 0 0.440387696028
    outer loop
      vertex -133.314590454 5.98588943481 15
      vertex -133.426116943 6.21325492859 10
      vertex -133.314590454 5.98588943481 10
    endloop
  endfacet
  facet normal -0.937754034996 0 0.347300201654
    outer loop
      vertex -133.314590454 5.98588943481 15
      vertex -133.314590454 5.98588943481 10
      vertex -133.226638794 5.74840831757 15
    endloop
  endfacet
  facet normal -0.937754034996 0 0.347300201654
    outer loop
      vertex -133.226638794 5.74840831757 15
      vertex -133.314590454 5.98588943481 10
      vertex -133.226638794 5.74840831757 10
    endloop
  endfacet
  facet normal -0.968076765537 0 0.250653892756
    outer loop
      vertex -133.226638794 5.74840831757 15
      vertex -133.226638794 5.74840831757 10
      vertex -133.163162231 5.50324583054 15
    endloop
  endfacet
  facet normal -0.968076765537 0 0.250653892756
    outer loop
      vertex -133.163162231 5.50324583054 15
      vertex -133.226638794 5.74840831757 10
      vertex -133.163162231 5.50324583054 10
    endloop
  endfacet
  facet normal -0.988461792469 0 0.151470333338
    outer loop
      vertex -133.163162231 5.50324583054 15
      vertex -133.163162231 5.50324583054 10
      vertex -133.124801636 5.25292015076 15
    endloop
  endfacet
  facet normal -0.988461792469 0 0.151470333338
    outer loop
      vertex -133.124801636 5.25292015076 15
      vertex -133.163162231 5.50324583054 10
      vertex -133.124801636 5.25292015076 10
    endloop
  endfacet
  facet normal -0.998718380928 0 0.05061256513
    outer loop
      vertex -133.124801636 5.25292015076 15
      vertex -133.124801636 5.25292015076 10
      vertex -133.111984253 4.99999952316 15
    endloop
  endfacet
  facet normal -0.998718380928 0 0.05061256513
    outer loop
      vertex -133.111984253 4.99999952316 15
      vertex -133.124801636 5.25292015076 10
      vertex -133.111984253 4.99999952316 10
    endloop
  endfacet
  facet normal -0.998718380928 -0 -0.05061256513
    outer loop
      vertex -133.111984253 4.99999952316 15
      vertex -133.111984253 4.99999952316 10
      vertex -133.124801636 4.74707937241 15
    endloop
  endfacet
  facet normal -0.998718380928 -0 -0.05061256513
    outer loop
      vertex -133.124801636 4.74707937241 15
      vertex -133.111984253 4.99999952316 10
      vertex -133.124801636 4.74707937241 10
    endloop
  endfacet
  facet normal -0.988461792469 -0 -0.151470333338
    outer loop
      vertex -133.124801636 4.74707937241 15
      vertex -133.124801636 4.74707937241 10
      vertex -133.163162231 4.49675369263 15
    endloop
  endfacet
  facet normal -0.988461792469 -0 -0.151470333338
    outer loop
      vertex -133.163162231 4.49675369263 15
      vertex -133.124801636 4.74707937241 10
      vertex -133.163162231 4.49675369263 10
    endloop
  endfacet
  facet normal -0.968076467514 -0 -0.250655114651
    outer loop
      vertex -133.163162231 4.49675369263 15
      vertex -133.163162231 4.49675369263 10
      vertex -133.226638794 4.25159215927 15
    endloop
  endfacet
  facet normal -0.968076467514 -0 -0.250655114651
    outer loop
      vertex -133.226638794 4.25159215927 15
      vertex -133.163162231 4.49675369263 10
      vertex -133.226638794 4.25159215927 10
    endloop
  endfacet
  facet normal -0.937754631042 -0 -0.347298592329
    outer loop
      vertex -133.226638794 4.25159215927 15
      vertex -133.226638794 4.25159215927 10
      vertex -133.314590454 4.01411008835 15
    endloop
  endfacet
  facet normal -0.937754631042 -0 -0.347298592329
    outer loop
      vertex -133.314590454 4.01411008835 15
      vertex -133.226638794 4.25159215927 10
      vertex -133.314590454 4.01411008835 10
    endloop
  endfacet
  facet normal -0.897806763649 -0 -0.440389662981
    outer loop
      vertex -133.314590454 4.01411008835 15
      vertex -133.314590454 4.01411008835 10
      vertex -133.426116943 3.78674554825 15
    endloop
  endfacet
  facet normal -0.897806763649 -0 -0.440389662981
    outer loop
      vertex -133.426116943 3.78674554825 15
      vertex -133.314590454 4.01411008835 10
      vertex -133.426116943 3.78674554825 10
    endloop
  endfacet
  facet normal -0.848647415638 -0 -0.528958916664
    outer loop
      vertex -133.426116943 3.78674554825 15
      vertex -133.426116943 3.78674554825 10
      vertex -133.560073853 3.57182908058 15
    endloop
  endfacet
  facet normal -0.848647415638 -0 -0.528958916664
    outer loop
      vertex -133.560073853 3.57182908058 15
      vertex -133.426116943 3.78674554825 10
      vertex -133.560073853 3.57182908058 10
    endloop
  endfacet
  facet normal -0.790773928165 -0 -0.612108290195
    outer loop
      vertex -133.560073853 3.57182908058 15
      vertex -133.560073853 3.57182908058 10
      vertex -133.715087891 3.37156867981 15
    endloop
  endfacet
  facet normal -0.790773928165 -0 -0.612108290195
    outer loop
      vertex -133.715087891 3.37156867981 15
      vertex -133.560073853 3.57182908058 10
      vertex -133.715087891 3.37156867981 10
    endloop
  endfacet
  facet normal -0.724809229374 -0 -0.688949584961
    outer loop
      vertex -133.715087891 3.37156867981 15
      vertex -133.715087891 3.37156867981 10
      vertex -133.889556885 3.18801856041 15
    endloop
  endfacet
  facet normal -0.724809229374 -0 -0.688949584961
    outer loop
      vertex -133.889556885 3.18801856041 15
      vertex -133.715087891 3.37156867981 10
      vertex -133.889556885 3.18801856041 10
    endloop
  endfacet
  facet normal -0.651368796825 -0 -0.758761286736
    outer loop
      vertex -133.889556885 3.18801856041 15
      vertex -133.889556885 3.18801856041 10
      vertex -134.081710815 3.02306103706 15
    endloop
  endfacet
  facet normal -0.651368796825 -0 -0.758761286736
    outer loop
      vertex -134.081710815 3.02306103706 15
      vertex -133.889556885 3.18801856041 10
      vertex -134.081710815 3.02306103706 10
    endloop
  endfacet
  facet normal -0.571268975735 -0 -0.820762932301
    outer loop
      vertex -134.081710815 3.02306103706 15
      vertex -134.081710815 3.02306103706 10
      vertex -134.28956604 2.87838983536 15
    endloop
  endfacet
  facet normal -0.571268975735 -0 -0.820762932301
    outer loop
      vertex -134.28956604 2.87838983536 15
      vertex -134.081710815 3.02306103706 10
      vertex -134.28956604 2.87838983536 10
    endloop
  endfacet
  facet normal -0.485284924507 -0 -0.874356091022
    outer loop
      vertex -134.28956604 2.87838983536 15
      vertex -134.28956604 2.87838983536 10
      vertex -134.511001587 2.75548815727 15
    endloop
  endfacet
  facet normal -0.485284924507 -0 -0.874356091022
    outer loop
      vertex -134.511001587 2.75548815727 15
      vertex -134.28956604 2.87838983536 10
      vertex -134.511001587 2.75548815727 10
    endloop
  endfacet
  facet normal -0.394371420145 -0 -0.918951153755
    outer loop
      vertex -134.511001587 2.75548815727 15
      vertex -134.511001587 2.75548815727 10
      vertex -134.743713379 2.65561914444 15
    endloop
  endfacet
  facet normal -0.394371420145 -0 -0.918951153755
    outer loop
      vertex -134.743713379 2.65561914444 15
      vertex -134.511001587 2.75548815727 10
      vertex -134.743713379 2.65561914444 10
    endloop
  endfacet
  facet normal -0.299353212118 -0 -0.954142391682
    outer loop
      vertex -134.743713379 2.65561914444 15
      vertex -134.743713379 2.65561914444 10
      vertex -134.985351562 2.57980751991 15
    endloop
  endfacet
  facet normal -0.299353212118 -0 -0.954142391682
    outer loop
      vertex -134.985351562 2.57980751991 15
      vertex -134.743713379 2.65561914444 10
      vertex -134.985351562 2.57980751991 10
    endloop
  endfacet
  facet normal -0.201297432184 -0 -0.979530155659
    outer loop
      vertex -134.985351562 2.57980751991 15
      vertex -134.985351562 2.57980751991 10
      vertex -135.233413696 2.52882957458 15
    endloop
  endfacet
  facet normal -0.201297432184 -0 -0.979530155659
    outer loop
      vertex -135.233413696 2.52882957458 15
      vertex -134.985351562 2.57980751991 10
      vertex -135.233413696 2.52882957458 10
    endloop
  endfacet
  facet normal -0.101174347103 -0 -0.994868695736
    outer loop
      vertex -135.233413696 2.52882957458 15
      vertex -135.233413696 2.52882957458 10
      vertex -135.485351562 2.50320863724 15
    endloop
  endfacet
  facet normal -0.101174347103 -0 -0.994868695736
    outer loop
      vertex -135.485351562 2.50320863724 15
      vertex -135.233413696 2.52882957458 10
      vertex -135.485351562 2.50320863724 10
    endloop
  endfacet
  facet normal -0 -0 -1
    outer loop
      vertex -135.485351562 2.50320863724 15
      vertex -135.485351562 2.50320863724 10
      vertex -135.738601685 2.50320863724 15
    endloop
  endfacet
  facet normal 0 0 -1
    outer loop
      vertex -135.738601685 2.50320863724 15
      vertex -135.485351562 2.50320863724 10
      vertex -135.738601685 2.50320863724 10
    endloop
  endfacet
  facet normal 0.101167879999 0 -0.994869351387
    outer loop
      vertex -135.738601685 2.50320863724 15
      vertex -135.738601685 2.50320863724 10
      vertex -135.99055481 2.52882957458 15
    endloop
  endfacet
  facet normal 0.101167879999 0 -0.994869351387
    outer loop
      vertex -135.99055481 2.52882957458 15
      vertex -135.738601685 2.50320863724 10
      vertex -135.99055481 2.52882957458 10
    endloop
  endfacet
  facet normal 0.201297432184 0 -0.979530155659
    outer loop
      vertex -135.99055481 2.52882957458 15
      vertex -135.99055481 2.52882957458 10
      vertex -136.238616943 2.57980751991 15
    endloop
  endfacet
  facet normal 0.201297432184 0 -0.979530155659
    outer loop
      vertex -136.238616943 2.57980751991 15
      vertex -135.99055481 2.52882957458 10
      vertex -136.238616943 2.57980751991 10
    endloop
  endfacet
  facet normal 0.29937016964 0 -0.954137027264
    outer loop
      vertex -136.238616943 2.57980751991 15
      vertex -136.238616943 2.57980751991 10
      vertex -136.480239868 2.65561914444 15
    endloop
  endfacet
  facet normal 0.29937016964 0 -0.954137027264
    outer loop
      vertex -136.480239868 2.65561914444 15
      vertex -136.238616943 2.57980751991 10
      vertex -136.480239868 2.65561914444 10
    endloop
  endfacet
  facet normal 0.394349932671 0 -0.91896033287
    outer loop
      vertex -136.480239868 2.65561914444 15
      vertex -136.480239868 2.65561914444 10
      vertex -136.712966919 2.75548815727 15
    endloop
  endfacet
  facet normal 0.394349932671 0 -0.91896033287
    outer loop
      vertex -136.712966919 2.75548815727 15
      vertex -136.480239868 2.65561914444 10
      vertex -136.712966919 2.75548815727 10
    endloop
  endfacet
  facet normal 0.485312193632 0 -0.874340951443
    outer loop
      vertex -136.712966919 2.75548815727 15
      vertex -136.712966919 2.75548815727 10
      vertex -136.934387207 2.87838983536 15
    endloop
  endfacet
  facet normal 0.485312193632 0 -0.874340951443
    outer loop
      vertex -136.934387207 2.87838983536 15
      vertex -136.712966919 2.75548815727 10
      vertex -136.934387207 2.87838983536 10
    endloop
  endfacet
  facet normal 0.571266651154 0 -0.820764541626
    outer loop
      vertex -136.934387207 2.87838983536 15
      vertex -136.934387207 2.87838983536 10
      vertex -137.142242432 3.02306103706 15
    endloop
  endfacet
  facet normal 0.571266651154 0 -0.820764541626
    outer loop
      vertex -137.142242432 3.02306103706 15
      vertex -136.934387207 2.87838983536 10
      vertex -137.142242432 3.02306103706 10
    endloop
  endfacet
  facet normal 0.651371240616 0 -0.758759200573
    outer loop
      vertex -137.142242432 3.02306103706 15
      vertex -137.142242432 3.02306103706 10
      vertex -137.334396362 3.18801856041 15
    endloop
  endfacet
  facet normal 0.651371240616 0 -0.758759200573
    outer loop
      vertex -137.334396362 3.18801856041 15
      vertex -137.142242432 3.02306103706 10
      vertex -137.334396362 3.18801856041 10
    endloop
  endfacet
  facet normal 0.724779605865 0 -0.68898075819
    outer loop
      vertex -137.334396362 3.18801856041 15
      vertex -137.334396362 3.18801856041 10
      vertex -137.508880615 3.37156867981 15
    endloop
  endfacet
  facet normal 0.724779605865 0 -0.68898075819
    outer loop
      vertex -137.508880615 3.37156867981 15
      vertex -137.334396362 3.18801856041 10
      vertex -137.508880615 3.37156867981 10
    endloop
  endfacet
  facet normal 0.790773928165 0 -0.612108290195
    outer loop
      vertex -137.508880615 3.37156867981 15
      vertex -137.508880615 3.37156867981 10
      vertex -137.663894653 3.57182908058 15
    endloop
  endfacet
  facet normal 0.790773928165 0 -0.612108290195
    outer loop
      vertex -137.663894653 3.57182908058 15
      vertex -137.508880615 3.37156867981 10
      vertex -137.663894653 3.57182908058 10
    endloop
  endfacet
  facet normal 0.848645210266 0 -0.528962492943
    outer loop
      vertex -137.663894653 3.57182908058 15
      vertex -137.663894653 3.57182908058 10
      vertex -137.797851562 3.78674554825 15
    endloop
  endfacet
  facet normal 0.848645210266 0 -0.528962492943
    outer loop
      vertex -137.797851562 3.78674554825 15
      vertex -137.663894653 3.57182908058 10
      vertex -137.797851562 3.78674554825 10
    endloop
  endfacet
  facet normal 0.897806763649 0 -0.440389662981
    outer loop
      vertex -137.797851562 3.78674554825 15
      vertex -137.797851562 3.78674554825 10
      vertex -137.909378052 4.01411008835 15
    endloop
  endfacet
  facet normal 0.897806763649 0 -0.440389662981
    outer loop
      vertex -137.909378052 4.01411008835 15
      vertex -137.797851562 3.78674554825 10
      vertex -137.909378052 4.01411008835 10
    endloop
  endfacet
  facet normal 0.937754631042 0 -0.347298592329
    outer loop
      vertex -137.909378052 4.01411008835 15
      vertex -137.909378052 4.01411008835 10
      vertex -137.997329712 4.25159215927 15
    endloop
  endfacet
  facet normal 0.937754631042 0 -0.347298592329
    outer loop
      vertex -137.997329712 4.25159215927 15
      vertex -137.909378052 4.01411008835 10
      vertex -137.997329712 4.25159215927 10
    endloop
  endfacet
  facet normal 0.968077659607 0 -0.250650465488
    outer loop
      vertex -137.997329712 4.25159215927 15
      vertex -137.997329712 4.25159215927 10
      vertex -138.060806274 4.49675369263 15
    endloop
  endfacet
  facet normal 0.968077659607 0 -0.250650465488
    outer loop
      vertex -138.060806274 4.49675369263 15
      vertex -137.997329712 4.25159215927 10
      vertex -138.060806274 4.49675369263 10
    endloop
  endfacet
  facet normal 0.988469958305 0 -0.151417210698
    outer loop
      vertex -138.060806274 4.49675369263 15
      vertex -138.060806274 4.49675369263 10
      vertex -138.099151611 4.74707937241 15
    endloop
  endfacet
  facet normal 0.988469958305 0 -0.151417210698
    outer loop
      vertex -138.099151611 4.74707937241 15
      vertex -138.060806274 4.49675369263 10
      vertex -138.099151611 4.74707937241 10
    endloop
  endfacet
  facet normal 0.998715341091 0 -0.0506717227399
    outer loop
      vertex -138.099151611 4.74707937241 15
      vertex -138.099151611 4.74707937241 10
      vertex -138.111984253 4.99999952316 15
    endloop
  endfacet
  facet normal 0.998715341091 0 -0.0506717227399
    outer loop
      vertex -138.111984253 4.99999952316 15
      vertex -138.099151611 4.74707937241 10
      vertex -138.111984253 4.99999952316 10
    endloop
  endfacet
  facet normal 0.998715341091 0 0.0506717227399
    outer loop
      vertex -138.111984253 4.99999952316 10
      vertex -138.111984253 4.99999952316 5
      vertex -138.099151611 5.25292015076 10
    endloop
  endfacet
  facet normal 0.998715341091 0 0.0506717227399
    outer loop
      vertex -138.099151611 5.25292015076 10
      vertex -138.111984253 4.99999952316 5
      vertex -138.099151611 5.25292015076 5
    endloop
  endfacet
  facet normal 0.988469958305 0 0.151417210698
    outer loop
      vertex -138.099151611 5.25292015076 10
      vertex -138.099151611 5.25292015076 5
      vertex -138.060806274 5.50324583054 10
    endloop
  endfacet
  facet normal 0.988469958305 0 0.151417210698
    outer loop
      vertex -138.060806274 5.50324583054 10
      vertex -138.099151611 5.25292015076 5
      vertex -138.060806274 5.50324583054 5
    endloop
  endfacet
  facet normal 0.96807795763 0 0.250649273396
    outer loop
      vertex -138.060806274 5.50324583054 10
      vertex -138.060806274 5.50324583054 5
      vertex -137.997329712 5.74840831757 10
    endloop
  endfacet
  facet normal 0.96807795763 0 0.250649273396
    outer loop
      vertex -137.997329712 5.74840831757 10
      vertex -138.060806274 5.50324583054 5
      vertex -137.997329712 5.74840831757 5
    endloop
  endfacet
  facet normal 0.937754034996 0 0.347300201654
    outer loop
      vertex -137.997329712 5.74840831757 10
      vertex -137.997329712 5.74840831757 5
      vertex -137.909378052 5.98588943481 10
    endloop
  endfacet
  facet normal 0.937754034996 0 0.347300201654
    outer loop
      vertex -137.909378052 5.98588943481 10
      vertex -137.997329712 5.74840831757 5
      vertex -137.909378052 5.98588943481 5
    endloop
  endfacet
  facet normal 0.897807717323 0 0.440387696028
    outer loop
      vertex -137.909378052 5.98588943481 10
      vertex -137.909378052 5.98588943481 5
      vertex -137.797851562 6.21325492859 10
    endloop
  endfacet
  facet normal 0.897807717323 0 0.440387696028
    outer loop
      vertex -137.797851562 6.21325492859 10
      vertex -137.909378052 5.98588943481 5
      vertex -137.797851562 6.21325492859 5
    endloop
  endfacet
  facet normal 0.848643839359 0 0.528964698315
    outer loop
      vertex -137.797851562 6.21325492859 10
      vertex -137.797851562 6.21325492859 5
      vertex -137.663894653 6.42817020416 10
    endloop
  endfacet
  facet normal 0.848643839359 0 0.528964698315
    outer loop
      vertex -137.663894653 6.42817020416 10
      vertex -137.797851562 6.21325492859 5
      vertex -137.663894653 6.42817020416 5
    endloop
  endfacet
  facet normal 0.790775775909 0 0.61210590601
    outer loop
      vertex -137.663894653 6.42817020416 10
      vertex -137.663894653 6.42817020416 5
      vertex -137.508880615 6.62843179703 10
    endloop
  endfacet
  facet normal 0.790775775909 0 0.61210590601
    outer loop
      vertex -137.508880615 6.62843179703 10
      vertex -137.663894653 6.42817020416 5
      vertex -137.508880615 6.62843179703 5
    endloop
  endfacet
  facet normal 0.724779605865 0 0.68898075819
    outer loop
      vertex -137.508880615 6.62843179703 10
      vertex -137.508880615 6.62843179703 5
      vertex -137.334396362 6.81198215485 10
    endloop
  endfacet
  facet normal 0.724779605865 0 0.68898075819
    outer loop
      vertex -137.334396362 6.81198215485 10
      vertex -137.508880615 6.62843179703 5
      vertex -137.334396362 6.81198215485 5
    endloop
  endfacet
  facet normal 0.651371240616 0 0.758759200573
    outer loop
      vertex -137.334396362 6.81198215485 10
      vertex -137.334396362 6.81198215485 5
      vertex -137.142242432 6.97693967819 10
    endloop
  endfacet
  facet normal 0.651371240616 0 0.758759200573
    outer loop
      vertex -137.142242432 6.97693967819 10
      vertex -137.334396362 6.81198215485 5
      vertex -137.142242432 6.97693967819 5
    endloop
  endfacet
  facet normal 0.571266651154 0 0.820764541626
    outer loop
      vertex -137.142242432 6.97693967819 10
      vertex -137.142242432 6.97693967819 5
      vertex -136.934387207 7.12161064148 10
    endloop
  endfacet
  facet normal 0.571266651154 0 0.820764541626
    outer loop
      vertex -136.934387207 7.12161064148 10
      vertex -137.142242432 6.97693967819 5
      vertex -136.934387207 7.12161064148 5
    endloop
  endfacet
  facet normal 0.48530843854 0 0.874343037605
    outer loop
      vertex -136.934387207 7.12161064148 10
      vertex -136.934387207 7.12161064148 5
      vertex -136.712966919 7.24451112747 10
    endloop
  endfacet
  facet normal 0.48530843854 0 0.874343037605
    outer loop
      vertex -136.712966919 7.24451112747 10
      vertex -136.934387207 7.12161064148 5
      vertex -136.712966919 7.24451112747 5
    endloop
  endfacet
  facet normal 0.394349932671 0 0.91896033287
    outer loop
      vertex -136.712966919 7.24451112747 10
      vertex -136.712966919 7.24451112747 5
      vertex -136.480239868 7.34438037872 10
    endloop
  endfacet
  facet normal 0.394349932671 0 0.91896033287
    outer loop
      vertex -136.480239868 7.34438037872 10
      vertex -136.712966919 7.24451112747 5
      vertex -136.480239868 7.34438037872 5
    endloop
  endfacet
  facet normal 0.29937466979 0 0.954135656357
    outer loop
      vertex -136.480239868 7.34438037872 10
      vertex -136.480239868 7.34438037872 5
      vertex -136.238616943 7.42019319534 10
    endloop
  endfacet
  facet normal 0.29937466979 0 0.954135656357
    outer loop
      vertex -136.238616943 7.42019319534 10
      vertex -136.480239868 7.34438037872 5
      vertex -136.238616943 7.42019319534 5
    endloop
  endfacet
  facet normal 0.201297432184 0 0.979530155659
    outer loop
      vertex -136.238616943 7.42019319534 10
      vertex -136.238616943 7.42019319534 5
      vertex -135.99055481 7.47117090225 10
    endloop
  endfacet
  facet normal 0.201297432184 0 0.979530155659
    outer loop
      vertex -135.99055481 7.47117090225 10
      vertex -136.238616943 7.42019319534 5
      vertex -135.99055481 7.47117090225 5
    endloop
  endfacet
  facet normal 0.101162984967 0 0.994869887829
    outer loop
      vertex -135.99055481 7.47117090225 10
      vertex -135.99055481 7.47117090225 5
      vertex -135.738601685 7.49679088593 10
    endloop
  endfacet
  facet normal 0.101162984967 0 0.994869887829
    outer loop
      vertex -135.738601685 7.49679088593 10
      vertex -135.99055481 7.47117090225 5
      vertex -135.738601685 7.49679088593 5
    endloop
  endfacet
  facet normal -0 0 1
    outer loop
      vertex -135.738601685 7.49679088593 10
      vertex -135.738601685 7.49679088593 5
      vertex -135.485351562 7.49679088593 10
    endloop
  endfacet
  facet normal 0 0 1
    outer loop
      vertex -135.485351562 7.49679088593 10
      vertex -135.738601685 7.49679088593 5
      vertex -135.485351562 7.49679088593 5
    endloop
  endfacet
  facet normal -0.101169452071 0 0.994869232178
    outer loop
      vertex -135.485351562 7.49679088593 10
      vertex -135.485351562 7.49679088593 5
      vertex -135.233413696 7.47117090225 10
    endloop
  endfacet
  facet normal -0.101169452071 0 0.994869232178
    outer loop
      vertex -135.233413696 7.47117090225 10
      vertex -135.485351562 7.49679088593 5
      vertex -135.233413696 7.47117090225 5
    endloop
  endfacet
  facet normal -0.201297432184 0 0.979530155659
    outer loop
      vertex -135.233413696 7.47117090225 10
      vertex -135.233413696 7.47117090225 5
      vertex -134.985351562 7.42019319534 10
    endloop
  endfacet
  facet normal -0.201297432184 0 0.979530155659
    outer loop
      vertex -134.985351562 7.42019319534 10
      vertex -135.233413696 7.47117090225 5
      vertex -134.985351562 7.42019319534 5
    endloop
  endfacet
  facet normal -0.299357712269 0 0.95414096117
    outer loop
      vertex -134.985351562 7.42019319534 10
      vertex -134.985351562 7.42019319534 5
      vertex -134.743713379 7.34438037872 10
    endloop
  endfacet
  facet normal -0.299357712269 0 0.95414096117
    outer loop
      vertex -134.743713379 7.34438037872 10
      vertex -134.985351562 7.42019319534 5
      vertex -134.743713379 7.34438037872 5
    endloop
  endfacet
  facet normal -0.394371420145 0 0.918951153755
    outer loop
      vertex -134.743713379 7.34438037872 10
      vertex -134.743713379 7.34438037872 5
      vertex -134.511001587 7.24451112747 10
    endloop
  endfacet
  facet normal -0.394371420145 0 0.918951153755
    outer loop
      vertex -134.511001587 7.24451112747 10
      vertex -134.743713379 7.34438037872 5
      vertex -134.511001587 7.24451112747 5
    endloop
  endfacet
  facet normal -0.485281169415 0 0.874358177185
    outer loop
      vertex -134.511001587 7.24451112747 10
      vertex -134.511001587 7.24451112747 5
      vertex -134.28956604 7.12161064148 10
    endloop
  endfacet
  facet normal -0.485281169415 0 0.874358177185
    outer loop
      vertex -134.28956604 7.12161064148 10
      vertex -134.511001587 7.24451112747 5
      vertex -134.28956604 7.12161064148 5
    endloop
  endfacet
  facet normal -0.571268975735 0 0.820762932301
    outer loop
      vertex -134.28956604 7.12161064148 10
      vertex -134.28956604 7.12161064148 5
      vertex -134.081710815 6.97693967819 10
    endloop
  endfacet
  facet normal -0.571268975735 0 0.820762932301
    outer loop
      vertex -134.081710815 6.97693967819 10
      vertex -134.28956604 7.12161064148 5
      vertex -134.081710815 6.97693967819 5
    endloop
  endfacet
  facet normal -0.651368796825 0 0.758761286736
    outer loop
      vertex -134.081710815 6.97693967819 10
      vertex -134.081710815 6.97693967819 5
      vertex -133.889556885 6.81198215485 10
    endloop
  endfacet
  facet normal -0.651368796825 0 0.758761286736
    outer loop
      vertex -133.889556885 6.81198215485 10
      vertex -134.081710815 6.97693967819 5
      vertex -133.889556885 6.81198215485 5
    endloop
  endfacet
  facet normal -0.724809229374 0 0.688949584961
    outer loop
      vertex -133.889556885 6.81198215485 10
      vertex -133.889556885 6.81198215485 5
      vertex -133.715087891 6.62843179703 10
    endloop
  endfacet
  facet normal -0.724809229374 0 0.688949584961
    outer loop
      vertex -133.715087891 6.62843179703 10
      vertex -133.889556885 6.81198215485 5
      vertex -133.715087891 6.62843179703 5
    endloop
  endfacet
  facet normal -0.790775775909 0 0.61210590601
    outer loop
      vertex -133.715087891 6.62843179703 10
      vertex -133.715087891 6.62843179703 5
      vertex -133.560073853 6.42817020416 10
    endloop
  endfacet
  facet normal -0.790775775909 0 0.61210590601
    outer loop
      vertex -133.560073853 6.42817020416 10
      vertex -133.715087891 6.62843179703 5
      vertex -133.560073853 6.42817020416 5
    endloop
  endfacet
  facet normal -0.848646044731 0 0.528961122036
    outer loop
      vertex -133.560073853 6.42817020416 10
      vertex -133.560073853 6.42817020416 5
      vertex -133.426116943 6.21325492859 10
    endloop
  endfacet
  facet normal -0.848646044731 0 0.528961122036
    outer loop
      vertex -133.426116943 6.21325492859 10
      vertex -133.560073853 6.42817020416 5
      vertex -133.426116943 6.21325492859 5
    endloop
  endfacet
  facet normal -0.897807717323 0 0.440387696028
    outer loop
      vertex -133.426116943 6.21325492859 10
      vertex -133.426116943 6.21325492859 5
      vertex -133.314590454 5.98588943481 10
    endloop
  endfacet
  facet normal -0.897807717323 0 0.440387696028
    outer loop
      vertex -133.314590454 5.98588943481 10
      vertex -133.426116943 6.21325492859 5
      vertex -133.314590454 5.98588943481 5
    endloop
  endfacet
  facet normal -0.937754034996 0 0.347300201654
    outer loop
      vertex -133.314590454 5.98588943481 10
      vertex -133.314590454 5.98588943481 5
      vertex -133.226638794 5.74840831757 10
    endloop
  endfacet
  facet normal -0.937754034996 0 0.347300201654
    outer loop
      vertex -133.226638794 5.74840831757 10
      vertex -133.314590454 5.98588943481 5
      vertex -133.226638794 5.74840831757 5
    endloop
  endfacet
  facet normal -0.968076765537 0 0.250653892756
    outer loop
      vertex -133.226638794 5.74840831757 10
      vertex -133.226638794 5.74840831757 5
      vertex -133.163162231 5.50324583054 10
    endloop
  endfacet
  facet normal -0.968076765537 0 0.250653892756
    outer loop
      vertex -133.163162231 5.50324583054 10
      vertex -133.226638794 5.74840831757 5
      vertex -133.163162231 5.50324583054 5
    endloop
  endfacet
  facet normal -0.988461792469 0 0.151470333338
    outer loop
      vertex -133.163162231 5.50324583054 10
      vertex -133.163162231 5.50324583054 5
      vertex -133.124801636 5.25292015076 10
    endloop
  endfacet
  facet normal -0.988461792469 0 0.151470333338
    outer loop
      vertex -133.124801636 5.25292015076 10
      vertex -133.163162231 5.50324583054 5
      vertex -133.124801636 5.25292015076 5
    endloop
  endfacet
  facet normal -0.998718380928 0 0.05061256513
    outer loop
      vertex -133.124801636 5.25292015076 10
      vertex -133.124801636 5.25292015076 5
      vertex -133.111984253 4.99999952316 10
    endloop
  endfacet
  facet normal -0.998718380928 0 0.05061256513
    outer loop
      vertex -133.111984253 4.99999952316 10
      vertex -133.124801636 5.25292015076 5
      vertex -133.111984253 4.99999952316 5
    endloop
  endfacet
  facet normal -0.998718380928 -0 -0.05061256513
    outer loop
      vertex -133.111984253 4.99999952316 10
      vertex -133.111984253 4.99999952316 5
      vertex -133.124801636 4.74707937241 10
    endloop
  endfacet
  facet normal -0.998718380928 -0 -0.05061256513
    outer loop
      vertex -133.124801636 4.74707937241 10
      vertex -133.111984253 4.99999952316 5
      vertex -133.124801636 4.74707937241 5
    endloop
  endfacet
  facet normal -0.988461792469 -0 -0.151470333338
    outer loop
      vertex -133.124801636 4.74707937241 10
      vertex -133.124801636 4.74707937241 5
      vertex -133.163162231 4.49675369263 10
    endloop
  endfacet
  facet normal -0.988461792469 -0 -0.151470333338
    outer loop
      vertex -133.163162231 4.49675369263 10
      vertex -133.124801636 4.74707937241 5
      vertex -133.163162231 4.49675369263 5
    endloop
  endfacet
  facet normal -0.968076467514 -0 -0.250655114651
    outer loop
      vertex -133.163162231 4.49675369263 10
      vertex -133.163162231 4.49675369263 5
      vertex -133.226638794 4.25159215927 10
    endloop
  endfacet
  facet normal -0.968076467514 -0 -0.250655114651
    outer loop
      vertex -133.226638794 4.25159215927 10
      vertex -133.163162231 4.49675369263 5
      vertex -133.226638794 4.25159215927 5
    endloop
  endfacet
  facet normal -0.937754631042 -0 -0.347298592329
    outer loop
      vertex -133.226638794 4.25159215927 10
      vertex -133.226638794 4.25159215927 5
      vertex -133.314590454 4.01411008835 10
    endloop
  endfacet
  facet normal -0.937754631042 -0 -0.347298592329
    outer loop
      vertex -133.314590454 4.01411008835 10
      vertex -133.226638794 4.25159215927 5
      vertex -133.314590454 4.01411008835 5
    endloop
  endfacet
  facet normal -0.897806763649 -0 -0.440389662981
    outer loop
      vertex -133.314590454 4.01411008835 10
      vertex -133.314590454 4.01411008835 5
      vertex -133.426116943 3.78674554825 10
    endloop
  endfacet
  facet normal -0.897806763649 -0 -0.440389662981
    outer loop
      vertex -133.426116943 3.78674554825 10
      vertex -133.314590454 4.01411008835 5
      vertex -133.426116943 3.78674554825 5
    endloop
  endfacet
  facet normal -0.848647415638 -0 -0.528958916664
    outer loop
      vertex -133.426116943 3.78674554825 10
      vertex -133.426116943 3.78674554825 5
      vertex -133.560073853 3.57182908058 10
    endloop
  endfacet
  facet normal -0.848647415638 -0 -0.528958916664
    outer loop
      vertex -133.560073853 3.57182908058 10
      vertex -133.426116943 3.78674554825 5
      vertex -133.560073853 3.57182908058 5
    endloop
  endfacet
  facet normal -0.790773928165 -0 -0.612108290195
    outer loop
      vertex -133.560073853 3.57182908058 10
      vertex -133.560073853 3.57182908058 5
      vertex -133.715087891 3.37156867981 10
    endloop
  endfacet
  facet normal -0.790773928165 -0 -0.612108290195
    outer loop
      vertex -133.715087891 3.37156867981 10
      vertex -133.560073853 3.57182908058 5
      vertex -133.715087891 3.37156867981 5
    endloop
  endfacet
  facet normal -0.724809229374 -0 -0.688949584961
    outer loop
      vertex -133.715087891 3.37156867981 10
      vertex -133.715087891 3.37156867981 5
      vertex -133.889556885 3.18801856041 10
    endloop
  endfacet
  facet normal -0.724809229374 -0 -0.688949584961
    outer loop
      vertex -133.889556885 3.18801856041 10
      vertex -133.715087891 3.37156867981 5
      vertex -133.889556885 3.18801856041 5
    endloop
  endfacet
  facet normal -0.651368796825 -0 -0.758761286736
    outer loop
      vertex -133.889556885 3.18801856041 10
      vertex -133.889556885 3.18801856041 5
      vertex -134.081710815 3.02306103706 10
    endloop
  endfacet
  facet normal -0.651368796825 -0 -0.758761286736
    outer loop
      vertex -134.081710815 3.02306103706 10
      vertex -133.889556885 3.18801856041 5
      vertex -134.081710815 3.02306103706 5
    endloop
  endfacet
  facet normal -0.571268975735 -0 -0.820762932301
    outer loop
      vertex -134.081710815 3.02306103706 10
      vertex -134.081710815 3.02306103706 5
      vertex -134.28956604 2.87838983536 10
    endloop
  endfacet
  facet normal -0.571268975735 -0 -0.820762932301
    outer loop
      vertex -134.28956604 2.87838983536 10
      vertex -134.081710815 3.02306103706 5
      vertex -134.28956604 2.87838983536 5
    endloop
  endfacet
  facet normal -0.485284924507 -0 -0.874356091022
    outer loop
      vertex -134.28956604 2.87838983536 10
      vertex -134.28956604 2.87838983536 5
      vertex -134.511001587 2.75548815727 10
    endloop
  endfacet
  facet normal -0.485284924507 -0 -0.874356091022
    outer loop
      vertex -134.511001587 2.75548815727 10
      vertex -134.28956604 2.87838983536 5
      vertex -134.511001587 2.75548815727 5
    endloop
  endfacet
  facet normal -0.394371420145 -0 -0.918951153755
    outer loop
      vertex -134.511001587 2.75548815727 10
      vertex -134.511001587 2.75548815727 5
      vertex -134.743713379 2.65561914444 10
    endloop
  endfacet
  facet normal -0.394371420145 -0 -0.918951153755
    outer loop
      vertex -134.743713379 2.65561914444 10
      vertex -134.511001587 2.75548815727 5
      vertex -134.743713379 2.65561914444 5
    endloop
  endfacet
  facet normal -0.299353212118 -0 -0.954142391682
    outer loop
      vertex -134.743713379 2.65561914444 10
      vertex -134.743713379 2.65561914444 5
      vertex -134.985351562 2.57980751991 10
    endloop
  endfacet
  facet normal -0.299353212118 -0 -0.954142391682
    outer loop
      vertex -134.985351562 2.57980751991 10
      vertex -134.743713379 2.65561914444 5
      vertex -134.985351562 2.57980751991 5
    endloop
  endfacet
  facet normal -0.201297432184 -0 -0.979530155659
    outer loop
      vertex -134.985351562 2.57980751991 10
      vertex -134.985351562 2.57980751991 5
      vertex -135.233413696 2.52882957458 10
    endloop
  endfacet
  facet normal -0.201297432184 -0 -0.979530155659
    outer loop
      vertex -135.233413696 2.52882957458 10
      vertex -134.985351562 2.57980751991 5
      vertex -135.233413696 2.52882957458 5
    endloop
  endfacet
  facet normal -0.101174347103 -0 -0.994868695736
    outer loop
      vertex -135.233413696 2.52882957458 10
      vertex -135.233413696 2.52882957458 5
      vertex -135.485351562 2.50320863724 10
    endloop
  endfacet
  facet normal -0.101174347103 -0 -0.994868695736
    outer loop
      vertex -135.485351562 2.50320863724 10
      vertex -135.233413696 2.52882957458 5
      vertex -135.485351562 2.50320863724 5
    endloop
  endfacet
  facet normal -0 -0 -1
    outer loop
      vertex -135.485351562 2.50320863724 10
      vertex -135.485351562 2.50320863724 5
      vertex -135.738601685 2.50320863724 10
    endloop
  endfacet
  facet normal 0 0 -1
    outer loop
      vertex -135.738601685 2.50320863724 10
      vertex -135.485351562 2.50320863724 5
      vertex -135.738601685 2.50320863724 5
    endloop
  endfacet
  facet normal 0.101167879999 0 -0.994869351387
    outer loop
      vertex -135.738601685 2.50320863724 10
      vertex -135.738601685 2.50320863724 5
      vertex -135.99055481 2.52882957458 10
    endloop
  endfacet
  facet normal 0.101167879999 0 -0.994869351387
    outer loop
      vertex -135.99055481 2.52882957458 10
      vertex -135.738601685 2.50320863724 5
      vertex -135.99055481 2.52882957458 5
    endloop
  endfacet
  facet normal 0.201297432184 0 -0.979530155659
    outer loop
      vertex -135.99055481 2.52882957458 10
      vertex -135.99055481 2.52882957458 5
      vertex -136.238616943 2.57980751991 10
    endloop
  endfacet
  facet normal 0.201297432184 0 -0.979530155659
    outer loop
      vertex -136.238616943 2.57980751991 10
      vertex -135.99055481 2.52882957458 5
      vertex -136.238616943 2.57980751991 5
    endloop
  endfacet
  facet normal 0.29937016964 0 -0.954137027264
    outer loop
      vertex -136.238616943 2.57980751991 10
      vertex -136.238616943 2.57980751991 5
      vertex -136.480239868 2.65561914444 10
    endloop
  endfacet
  facet normal 0.29937016964 0 -0.954137027264
    outer loop
      vertex -136.480239868 2.65561914444 10
      vertex -136.238616943 2.57980751991 5
      vertex -136.480239868 2.65561914444 5
    endloop
  endfacet
  facet normal 0.394349932671 0 -0.91896033287
    outer loop
      vertex -136.480239868 2.65561914444 10
      vertex -136.480239868 2.65561914444 5
      vertex -136.712966919 2.75548815727 10
    endloop
  endfacet
  facet normal 0.394349932671 0 -0.91896033287
    outer loop
      vertex -136.712966919 2.75548815727 10
      vertex -136.480239868 2.65561914444 5
      vertex -136.712966919 2.75548815727 5
    endloop
  endfacet
  facet normal 0.485312193632 0 -0.874340951443
    outer loop
      vertex -136.712966919 2.75548815727 10
      vertex -136.712966919 2.75548815727 5
      vertex -136.934387207 2.87838983536 10
    endloop
  endfacet
  facet normal 0.485312193632 0 -0.874340951443
    outer loop
      vertex -136.934387207 2.87838983536 10
      vertex -136.712966919 2.75548815727 5
      vertex -136.934387207 2.87838983536 5
    endloop
  endfacet
  facet normal 0.571266651154 0 -0.820764541626
    outer loop
      vertex -136.934387207 2.87838983536 10
      vertex -136.934387207 2.87838983536 5
      vertex -137.142242432 3.02306103706 10
    endloop
  endfacet
  facet normal 0.571266651154 0 -0.820764541626
    outer loop
      vertex -137.142242432 3.02306103706 10
      vertex -136.934387207 2.87838983536 5
      vertex -137.142242432 3.02306103706 5
    endloop
  endfacet
  facet normal 0.651371240616 0 -0.758759200573
    outer loop
      vertex -137.142242432 3.02306103706 10
      vertex -137.142242432 3.02306103706 5
      vertex -137.334396362 3.18801856041 10
    endloop
  endfacet
  facet normal 0.651371240616 0 -0.758759200573
    outer loop
      vertex -137.334396362 3.18801856041 10
      vertex -137.142242432 3.02306103706 5
      vertex -137.334396362 3.18801856041 5
    endloop
  endfacet
  facet normal 0.724779605865 0 -0.68898075819
    outer loop
      vertex -137.334396362 3.18801856041 10
      vertex -137.334396362 3.18801856041 5
      vertex -137.508880615 3.37156867981 10
    endloop
  endfacet
  facet normal 0.724779605865 0 -0.68898075819
    outer loop
      vertex -137.508880615 3.37156867981 10
      vertex -137.334396362 3.18801856041 5
      vertex -137.508880615 3.37156867981 5
    endloop
  endfacet
  facet normal 0.790773928165 0 -0.612108290195
    outer loop
      vertex -137.508880615 3.37156867981 10
      vertex -137.508880615 3.37156867981 5
      vertex -137.663894653 3.57182908058 10
    endloop
  endfacet
  facet normal 0.790773928165 0 -0.612108290195
    outer loop
      vertex -137.663894653 3.57182908058 10
      vertex -137.508880615 3.37156867981 5
      vertex -137.663894653 3.57182908058 5
    endloop
  endfacet
  facet normal 0.848645210266 0 -0.528962492943
    outer loop
      vertex -137.663894653 3.57182908058 10
      vertex -137.663894653 3.57182908058 5
      vertex -137.797851562 3.78674554825 10
    endloop
  endfacet
  facet normal 0.848645210266 0 -0.528962492943
    outer loop
      vertex -137.797851562 3.78674554825 10
      vertex -137.663894653 3.57182908058 5
      vertex -137.797851562 3.78674554825 5
    endloop
  endfacet
  facet normal 0.897806763649 0 -0.440389662981
    outer loop
      vertex -137.797851562 3.78674554825 10
      vertex -137.797851562 3.78674554825 5
      vertex -137.909378052 4.01411008835 10
    endloop
  endfacet
  facet normal 0.897806763649 0 -0.440389662981
    outer loop
      vertex -137.909378052 4.01411008835 10
      vertex -137.797851562 3.78674554825 5
      vertex -137.909378052 4.01411008835 5
    endloop
  endfacet
  facet normal 0.937754631042 0 -0.347298592329
    outer loop
      vertex -137.909378052 4.01411008835 10
      vertex -137.909378052 4.01411008835 5
      vertex -137.997329712 4.25159215927 10
    endloop
  endfacet
  facet normal 0.937754631042 0 -0.347298592329
    outer loop
      vertex -137.997329712 4.25159215927 10
      vertex -137.909378052 4.01411008835 5
      vertex -137.997329712 4.25159215927 5
    endloop
  endfacet
  facet normal 0.968077659607 0 -0.250650465488
    outer loop
      vertex -137.997329712 4.25159215927 10
      vertex -137.997329712 4.25159215927 5
      vertex -138.060806274 4.49675369263 10
    endloop
  endfacet
  facet normal 0.968077659607 0 -0.250650465488
    outer loop
      vertex -138.060806274 4.49675369263 10
      vertex -137.997329712 4.25159215927 5
      vertex -138.060806274 4.49675369263 5
    endloop
  endfacet
  facet normal 0.988469958305 0 -0.151417210698
    outer loop
      vertex -138.060806274 4.49675369263 10
      vertex -138.060806274 4.49675369263 5
      vertex -138.099151611 4.74707937241 10
    endloop
  endfacet
  facet normal 0.988469958305 0 -0.151417210698
    outer loop
      vertex -138.099151611 4.74707937241 10
      vertex -138.060806274 4.49675369263 5
      vertex -138.099151611 4.74707937241 5
    endloop
  endfacet
  facet normal 0.998715341091 0 -0.0506717227399
    outer loop
      vertex -138.099151611 4.74707937241 10
      vertex -138.099151611 4.74707937241 5
      vertex -138.111984253 4.99999952316 10
    endloop
  endfacet
  facet normal 0.998715341091 0 -0.0506717227399
    outer loop
      vertex -138.111984253 4.99999952316 10
      vertex -138.099151611 4.74707937241 5
      vertex -138.111984253 4.99999952316 5
    endloop
  endfacet
  facet normal -1 0 0
    outer loop
      vertex -172.611984253 38 1.19209289551e-07
      vertex -172.611984253 3.99999976158 1.19209289551e-07
      vertex -172.611984253 38 25
    endloop
  endfacet
  facet normal -1 0 0
    outer loop
      vertex -172.611984253 38 25
      vertex -172.611984253 3.99999976158 1.19209289551e-07
      vertex -172.611984253 3.99999976158 25
    endloop
  endfacet
  facet normal -0.0392564125359 0 -0.999229192734
    outer loop
      vertex -168.925811768 41.9876708984 1.19209289551e-07
      vertex -168.925811768 41.9876708984 6.25
      vertex -168.611984253 42 1.19209289551e-07
    endloop
  endfacet
  facet normal -0.0392564125359 2.70122007034e-19 -0.999229192734
    outer loop
      vertex -168.611984253 42 1.19209289551e-07
      vertex -168.925811768 41.9876708984 6.25
      vertex -168.925811768 41.9876708984 12.5
    endloop
  endfacet
  facet normal -0.0392564125359 0 -0.999229192734
    outer loop
      vertex -168.611984253 42 1.19209289551e-07
      vertex -168.925811768 41.9876708984 12.5
      vertex -168.611984253 42 25
    endloop
  endfacet
  facet normal -0.0392564125359 -2.70122007034e-19 -0.999229192734
    outer loop
      vertex -168.611984253 42 25
      vertex -168.925811768 41.9876708984 12.5
      vertex -168.925811768 41.9876708984 18.75
    endloop
  endfacet
  facet normal -0.0392564125359 0 -0.999229192734
    outer loop
      vertex -168.611984253 42 25
      vertex -168.925811768 41.9876708984 18.75
      vertex -168.925811768 41.9876708984 25
    endloop
  endfacet
  facet normal -0.117544837296 -0 -0.99306756258
    outer loop
      vertex -168.925811768 41.9876708984 25
      vertex -168.925811768 41.9876708984 18.75
      vertex -169.237716675 41.9507522583 25
    endloop
  endfacet
  facet normal -0.117544837296 -0 -0.99306756258
    outer loop
      vertex -169.237716675 41.9507522583 25
      vertex -168.925811768 41.9876708984 18.75
      vertex -169.237716675 41.9507522583 18.75
    endloop
  endfacet
  facet normal -0.195084452629 -0 -0.980786442757
    outer loop
      vertex -169.237716675 41.9507522583 25
      vertex -169.237716675 41.9507522583 18.75
      vertex -169.545761108 41.8894805908 25
    endloop
  endfacet
  facet normal -0.195084452629 -0 -0.980786442757
    outer loop
      vertex -169.545761108 41.8894805908 25
      vertex -169.237716675 41.9507522583 18.75
      vertex -169.545761108 41.8894805908 18.75
    endloop
  endfacet
  facet normal -0.271437734365 -0 -0.96245598793
    outer loop
      vertex -169.545761108 41.8894805908 25
      vertex -169.545761108 41.8894805908 18.75
      vertex -169.848052979 41.8042259216 25
    endloop
  endfacet
  facet normal -0.271437734365 -0 -0.96245598793
    outer loop
      vertex -169.848052979 41.8042259216 25
      vertex -169.545761108 41.8894805908 18.75
      vertex -169.848052979 41.8042259216 18.75
    endloop
  endfacet
  facet normal -0.346119403839 -0 -0.938190460205
    outer loop
      vertex -169.848052979 41.8042259216 25
      vertex -169.848052979 41.8042259216 18.75
      vertex -170.142715454 41.6955184937 25
    endloop
  endfacet
  facet normal -0.346119403839 -0 -0.938190460205
    outer loop
      vertex -170.142715454 41.6955184937 25
      vertex -169.848052979 41.8042259216 18.75
      vertex -170.142715454 41.6955184937 18.75
    endloop
  endfacet
  facet normal -0.418654024601 -0 -0.908145785332
    outer loop
      vertex -170.142715454 41.6955184937 25
      vertex -170.142715454 41.6955184937 18.75
      vertex -170.427947998 41.5640258789 25
    endloop
  endfacet
  facet normal -0.418654024601 -0 -0.908145785332
    outer loop
      vertex -170.427947998 41.5640258789 25
      vertex -170.142715454 41.6955184937 18.75
      vertex -170.427947998 41.5640258789 18.75
    endloop
  endfacet
  facet normal -0.488622546196 -0 -0.872495293617
    outer loop
      vertex -170.427947998 41.5640258789 25
      vertex -170.427947998 41.5640258789 18.75
      vertex -170.701980591 41.4105606079 25
    endloop
  endfacet
  facet normal -0.488622546196 -0 -0.872495293617
    outer loop
      vertex -170.701980591 41.4105606079 25
      vertex -170.427947998 41.5640258789 18.75
      vertex -170.701980591 41.4105606079 18.75
    endloop
  endfacet
  facet normal -0.555579125881 -0 -0.831463694572
    outer loop
      vertex -170.701980591 41.4105606079 25
      vertex -170.701980591 41.4105606079 18.75
      vertex -170.963119507 41.2360687256 25
    endloop
  endfacet
  facet normal -0.555579125881 -0 -0.831463694572
    outer loop
      vertex -170.963119507 41.2360687256 25
      vertex -170.701980591 41.4105606079 18.75
      vertex -170.963119507 41.2360687256 18.75
    endloop
  endfacet
  facet normal -0.619087100029 -0 -0.78532230854
    outer loop
      vertex -170.963119507 41.2360687256 25
      vertex -170.963119507 41.2360687256 18.75
      vertex -171.209777832 41.0416221619 25
    endloop
  endfacet
  facet normal -0.619087100029 -0 -0.78532230854
    outer loop
      vertex -171.209777832 41.0416221619 25
      vertex -170.963119507 41.2360687256 18.75
      vertex -171.209777832 41.0416221619 18.75
    endloop
  endfacet
  facet normal -0.678798019886 -0 -0.734325051308
    outer loop
      vertex -171.209777832 41.0416221619 25
      vertex -171.209777832 41.0416221619 18.75
      vertex -171.440414429 40.8284263611 25
    endloop
  endfacet
  facet normal -0.678798019886 -0 -0.734325051308
    outer loop
      vertex -171.440414429 40.8284263611 25
      vertex -171.209777832 41.0416221619 18.75
      vertex -171.440414429 40.8284263611 18.75
    endloop
  endfacet
  facet normal -0.734319508076 -0 -0.67880398035
    outer loop
      vertex -171.440414429 40.8284263611 25
      vertex -171.440414429 40.8284263611 18.75
      vertex -171.653610229 40.5977935791 25
    endloop
  endfacet
  facet normal -0.734319508076 -0 -0.67880398035
    outer loop
      vertex -171.653610229 40.5977935791 25
      vertex -171.440414429 40.8284263611 18.75
      vertex -171.653610229 40.5977935791 18.75
    endloop
  endfacet
  facet normal -0.78531897068 -0 -0.619091331959
    outer loop
      vertex -171.653610229 40.5977935791 25
      vertex -171.653610229 40.5977935791 18.75
      vertex -171.848052979 40.3511428833 25
    endloop
  endfacet
  facet normal -0.78531897068 -0 -0.619091331959
    outer loop
      vertex -171.848052979 40.3511428833 25
      vertex -171.653610229 40.5977935791 18.75
      vertex -171.848052979 40.3511428833 18.75
    endloop
  endfacet
  facet normal -0.831485807896 -0 -0.555546045303
    outer loop
      vertex -171.848052979 40.3511428833 25
      vertex -171.848052979 40.3511428833 18.75
      vertex -172.022537231 40.0899925232 25
    endloop
  endfacet
  facet normal -0.831485807896 -0 -0.555546045303
    outer loop
      vertex -172.022537231 40.0899925232 25
      vertex -171.848052979 40.3511428833 18.75
      vertex -172.022537231 40.0899925232 18.75
    endloop
  endfacet
  facet normal -0.8724822402 -0 -0.488645851612
    outer loop
      vertex -172.022537231 40.0899925232 25
      vertex -172.022537231 40.0899925232 18.75
      vertex -172.176010132 39.8159637451 25
    endloop
  endfacet
  facet normal -0.8724822402 -0 -0.488645851612
    outer loop
      vertex -172.176010132 39.8159637451 25
      vertex -172.022537231 40.0899925232 18.75
      vertex -172.176010132 39.8159637451 18.75
    endloop
  endfacet
  facet normal -0.90815281868 -0 -0.418638855219
    outer loop
      vertex -172.176010132 39.8159637451 25
      vertex -172.176010132 39.8159637451 18.75
      vertex -172.307495117 39.5307350159 25
    endloop
  endfacet
  facet normal -0.90815281868 -0 -0.418638855219
    outer loop
      vertex -172.307495117 39.5307350159 25
      vertex -172.176010132 39.8159637451 18.75
      vertex -172.307495117 39.5307350159 18.75
    endloop
  endfacet
  facet normal -0.938180267811 -0 -0.346147090197
    outer loop
      vertex -172.307495117 39.5307350159 25
      vertex -172.307495117 39.5307350159 18.75
      vertex -172.416213989 39.2360687256 25
    endloop
  endfacet
  facet normal -0.938180267811 -0 -0.346147090197
    outer loop
      vertex -172.416213989 39.2360687256 25
      vertex -172.307495117 39.5307350159 18.75
      vertex -172.416213989 39.2360687256 18.75
    endloop
  endfacet
  facet normal -0.962458252907 -0 -0.271429777145
    outer loop
      vertex -172.416213989 39.2360687256 25
      vertex -172.416213989 39.2360687256 18.75
      vertex -172.501464844 38.9337806702 25
    endloop
  endfacet
  facet normal -0.962458252907 -0 -0.271429777145
    outer loop
      vertex -172.501464844 38.9337806702 25
      vertex -172.416213989 39.2360687256 18.75
      vertex -172.501464844 38.9337806702 18.75
    endloop
  endfacet
  facet normal -0.980791032314 -0 -0.195061445236
    outer loop
      vertex -172.501464844 38.9337806702 25
      vertex -172.501464844 38.9337806702 18.75
      vertex -172.562728882 38.6257362366 25
    endloop
  endfacet
  facet normal -0.980791032314 -0 -0.195061445236
    outer loop
      vertex -172.562728882 38.6257362366 25
      vertex -172.501464844 38.9337806702 18.75
      vertex -172.562728882 38.6257362366 18.75
    endloop
  endfacet
  facet normal -0.993064641953 -0 -0.117569819093
    outer loop
      vertex -172.562728882 38.6257362366 25
      vertex -172.562728882 38.6257362366 18.75
      vertex -172.599655151 38.313835144 25
    endloop
  endfacet
  facet normal -0.993064641953 -0 -0.117569819093
    outer loop
      vertex -172.599655151 38.313835144 25
      vertex -172.562728882 38.6257362366 18.75
      vertex -172.599655151 38.313835144 18.75
    endloop
  endfacet
  facet normal -0.999229192734 -0 -0.039255477488
    outer loop
      vertex -172.599655151 38.313835144 25
      vertex -172.599655151 38.313835144 18.75
      vertex -172.611984253 38 25
    endloop
  endfacet
  facet normal -0.999229192734 2.70115570535e-19 -0.039255477488
    outer loop
      vertex -172.611984253 38 25
      vertex -172.599655151 38.313835144 18.75
      vertex -172.599655151 38.313835144 12.5
    endloop
  endfacet
  facet normal -0.999229192734 -0 -0.039255477488
    outer loop
      vertex -172.611984253 38 25
      vertex -172.599655151 38.313835144 12.5
      vertex -172.611984253 38 1.19209289551e-07
    endloop
  endfacet
  facet normal -0.999229192734 -2.70115570535e-19 -0.039255477488
    outer loop
      vertex -172.611984253 38 1.19209289551e-07
      vertex -172.599655151 38.313835144 12.5
      vertex -172.599655151 38.313835144 6.25
    endloop
  endfacet
  facet normal -0.999229192734 4.34228100668e-19 -0.039255477488
    outer loop
      vertex -172.611984253 38 1.19209289551e-07
      vertex -172.599655151 38.313835144 6.25
      vertex -172.599655151 38.313835144 1.19209289551e-07
    endloop
  endfacet
  facet normal -0.993064641953 0 -0.117569819093
    outer loop
      vertex -172.599655151 38.313835144 1.19209289551e-07
      vertex -172.599655151 38.313835144 6.25
      vertex -172.562728882 38.6257362366 1.19209289551e-07
    endloop
  endfacet
  facet normal -0.993064641953 0 -0.117569819093
    outer loop
      vertex -172.562728882 38.6257362366 1.19209289551e-07
      vertex -172.599655151 38.313835144 6.25
      vertex -172.562728882 38.6257362366 6.25
    endloop
  endfacet
  facet normal -0.980791032314 0 -0.195061445236
    outer loop
      vertex -172.562728882 38.6257362366 1.19209289551e-07
      vertex -172.562728882 38.6257362366 6.25
      vertex -172.501464844 38.9337806702 1.19209289551e-07
    endloop
  endfacet
  facet normal -0.980791032314 0 -0.195061445236
    outer loop
      vertex -172.501464844 38.9337806702 1.19209289551e-07
      vertex -172.562728882 38.6257362366 6.25
      vertex -172.501464844 38.9337806702 6.25
    endloop
  endfacet
  facet normal -0.962458252907 0 -0.271429777145
    outer loop
      vertex -172.501464844 38.9337806702 1.19209289551e-07
      vertex -172.501464844 38.9337806702 6.25
      vertex -172.416213989 39.2360687256 1.19209289551e-07
    endloop
  endfacet
  facet normal -0.962458252907 0 -0.271429777145
    outer loop
      vertex -172.416213989 39.2360687256 1.19209289551e-07
      vertex -172.501464844 38.9337806702 6.25
      vertex -172.416213989 39.2360687256 6.25
    endloop
  endfacet
  facet normal -0.938180267811 0 -0.346147090197
    outer loop
      vertex -172.416213989 39.2360687256 1.19209289551e-07
      vertex -172.416213989 39.2360687256 6.25
      vertex -172.307495117 39.5307350159 1.19209289551e-07
    endloop
  endfacet
  facet normal -0.938180267811 0 -0.346147090197
    outer loop
      vertex -172.307495117 39.5307350159 1.19209289551e-07
      vertex -172.416213989 39.2360687256 6.25
      vertex -172.307495117 39.5307350159 6.25
    endloop
  endfacet
  facet normal -0.90815281868 0 -0.418638855219
    outer loop
      vertex -172.307495117 39.5307350159 1.19209289551e-07
      vertex -172.307495117 39.5307350159 6.25
      vertex -172.176010132 39.8159637451 1.19209289551e-07
    endloop
  endfacet
  facet normal -0.90815281868 0 -0.418638855219
    outer loop
      vertex -172.176010132 39.8159637451 1.19209289551e-07
      vertex -172.307495117 39.5307350159 6.25
      vertex -172.176010132 39.8159637451 6.25
    endloop
  endfacet
  facet normal -0.8724822402 0 -0.488645851612
    outer loop
      vertex -172.176010132 39.8159637451 1.19209289551e-07
      vertex -172.176010132 39.8159637451 6.25
      vertex -172.022537231 40.0899925232 1.19209289551e-07
    endloop
  endfacet
  facet normal -0.8724822402 0 -0.488645851612
    outer loop
      vertex -172.022537231 40.0899925232 1.19209289551e-07
      vertex -172.176010132 39.8159637451 6.25
      vertex -172.022537231 40.0899925232 6.25
    endloop
  endfacet
  facet normal -0.831485807896 0 -0.555546045303
    outer loop
      vertex -172.022537231 40.0899925232 1.19209289551e-07
      vertex -172.022537231 40.0899925232 6.25
      vertex -171.848052979 40.3511428833 1.19209289551e-07
    endloop
  endfacet
  facet normal -0.831485807896 0 -0.555546045303
    outer loop
      vertex -171.848052979 40.3511428833 1.19209289551e-07
      vertex -172.022537231 40.0899925232 6.25
      vertex -171.848052979 40.3511428833 6.25
    endloop
  endfacet
  facet normal -0.78531897068 0 -0.619091331959
    outer loop
      vertex -171.848052979 40.3511428833 1.19209289551e-07
      vertex -171.848052979 40.3511428833 6.25
      vertex -171.653610229 40.5977935791 1.19209289551e-07
    endloop
  endfacet
  facet normal -0.78531897068 0 -0.619091331959
    outer loop
      vertex -171.653610229 40.5977935791 1.19209289551e-07
      vertex -171.848052979 40.3511428833 6.25
      vertex -171.653610229 40.5977935791 6.25
    endloop
  endfacet
  facet normal -0.734319508076 0 -0.67880398035
    outer loop
      vertex -171.653610229 40.5977935791 1.19209289551e-07
      vertex -171.653610229 40.5977935791 6.25
      vertex -171.440414429 40.8284263611 1.19209289551e-07
    endloop
  endfacet
  facet normal -0.734319508076 0 -0.67880398035
    outer loop
      vertex -171.440414429 40.8284263611 1.19209289551e-07
      vertex -171.653610229 40.5977935791 6.25
      vertex -171.440414429 40.8284263611 6.25
    endloop
  endfacet
  facet normal -0.678798019886 0 -0.734325051308
    outer loop
      vertex -171.440414429 40.8284263611 1.19209289551e-07
      vertex -171.440414429 40.8284263611 6.25
      vertex -171.209777832 41.0416221619 1.19209289551e-07
    endloop
  endfacet
  facet normal -0.678798019886 0 -0.734325051308
    outer loop
      vertex -171.209777832 41.0416221619 1.19209289551e-07
      vertex -171.440414429 40.8284263611 6.25
      vertex -171.209777832 41.0416221619 6.25
    endloop
  endfacet
  facet normal -0.619087100029 0 -0.78532230854
    outer loop
      vertex -171.209777832 41.0416221619 1.19209289551e-07
      vertex -171.209777832 41.0416221619 6.25
      vertex -170.963119507 41.2360687256 1.19209289551e-07
    endloop
  endfacet
  facet normal -0.619087100029 0 -0.78532230854
    outer loop
      vertex -170.963119507 41.2360687256 1.19209289551e-07
      vertex -171.209777832 41.0416221619 6.25
      vertex -170.963119507 41.2360687256 6.25
    endloop
  endfacet
  facet normal -0.555579125881 0 -0.831463694572
    outer loop
      vertex -170.963119507 41.2360687256 1.19209289551e-07
      vertex -170.963119507 41.2360687256 6.25
      vertex -170.701980591 41.4105606079 1.19209289551e-07
    endloop
  endfacet
  facet normal -0.555579125881 0 -0.831463694572
    outer loop
      vertex -170.701980591 41.4105606079 1.19209289551e-07
      vertex -170.963119507 41.2360687256 6.25
      vertex -170.701980591 41.4105606079 6.25
    endloop
  endfacet
  facet normal -0.488622546196 0 -0.872495293617
    outer loop
      vertex -170.701980591 41.4105606079 1.19209289551e-07
      vertex -170.701980591 41.4105606079 6.25
      vertex -170.427947998 41.5640258789 1.19209289551e-07
    endloop
  endfacet
  facet normal -0.488622546196 0 -0.872495293617
    outer loop
      vertex -170.427947998 41.5640258789 1.19209289551e-07
      vertex -170.701980591 41.4105606079 6.25
      vertex -170.427947998 41.5640258789 6.25
    endloop
  endfacet
  facet normal -0.418654024601 0 -0.908145785332
    outer loop
      vertex -170.427947998 41.5640258789 1.19209289551e-07
      vertex -170.427947998 41.5640258789 6.25
      vertex -170.142715454 41.6955184937 1.19209289551e-07
    endloop
  endfacet
  facet normal -0.418654024601 0 -0.908145785332
    outer loop
      vertex -170.142715454 41.6955184937 1.19209289551e-07
      vertex -170.427947998 41.5640258789 6.25
      vertex -170.142715454 41.6955184937 6.25
    endloop
  endfacet
  facet normal -0.346119403839 0 -0.938190460205
    outer loop
      vertex -170.142715454 41.6955184937 1.19209289551e-07
      vertex -170.142715454 41.6955184937 6.25
      vertex -169.848052979 41.8042259216 1.19209289551e-07
    endloop
  endfacet
  facet normal -0.346119403839 0 -0.938190460205
    outer loop
      vertex -169.848052979 41.8042259216 1.19209289551e-07
      vertex -170.142715454 41.6955184937 6.25
      vertex -169.848052979 41.8042259216 6.25
    endloop
  endfacet
  facet normal -0.271437734365 0 -0.96245598793
    outer loop
      vertex -169.848052979 41.8042259216 1.19209289551e-07
      vertex -169.848052979 41.8042259216 6.25
      vertex -169.545761108 41.8894805908 1.19209289551e-07
    endloop
  endfacet
  facet normal -0.271437734365 0 -0.96245598793
    outer loop
      vertex -169.545761108 41.8894805908 1.19209289551e-07
      vertex -169.848052979 41.8042259216 6.25
      vertex -169.545761108 41.8894805908 6.25
    endloop
  endfacet
  facet normal -0.195084452629 0 -0.980786442757
    outer loop
      vertex -169.545761108 41.8894805908 1.19209289551e-07
      vertex -169.545761108 41.8894805908 6.25
      vertex -169.237716675 41.9507522583 1.19209289551e-07
    endloop
  endfacet
  facet normal -0.195084452629 0 -0.980786442757
    outer loop
      vertex -169.237716675 41.9507522583 1.19209289551e-07
      vertex -169.545761108 41.8894805908 6.25
      vertex -169.237716675 41.9507522583 6.25
    endloop
  endfacet
  facet normal -0.117544837296 0 -0.99306756258
    outer loop
      vertex -169.237716675 41.9507522583 1.19209289551e-07
      vertex -169.237716675 41.9507522583 6.25
      vertex -168.925811768 41.9876708984 1.19209289551e-07
    endloop
  endfacet
  facet normal -0.117544837296 0 -0.99306756258
    outer loop
      vertex -168.925811768 41.9876708984 1.19209289551e-07
      vertex -169.237716675 41.9507522583 6.25
      vertex -168.925811768 41.9876708984 6.25
    endloop
  endfacet
  facet normal -0.117544837296 8.68456304734e-19 -0.99306756258
    outer loop
      vertex -169.237716675 41.9507522583 18.75
      vertex -168.925811768 41.9876708984 18.75
      vertex -168.925811768 41.9876708984 12.5
    endloop
  endfacet
  facet normal -0.117544837296 -0 -0.99306756258
    outer loop
      vertex -168.925811768 41.9876708984 12.5
      vertex -168.925811768 41.9876708984 6.25
      vertex -169.237716675 41.9507522583 12.5
    endloop
  endfacet
  facet normal -0.117544837296 -0 -0.99306756258
    outer loop
      vertex -169.237716675 41.9507522583 12.5
      vertex -168.925811768 41.9876708984 6.25
      vertex -169.237716675 41.9507522583 6.25
    endloop
  endfacet
  facet normal -0.195084452629 -0 -0.980786442757
    outer loop
      vertex -169.237716675 41.9507522583 12.5
      vertex -169.237716675 41.9507522583 6.25
      vertex -169.545761108 41.8894805908 12.5
    endloop
  endfacet
  facet normal -0.195084452629 -0 -0.980786442757
    outer loop
      vertex -169.545761108 41.8894805908 12.5
      vertex -169.237716675 41.9507522583 6.25
      vertex -169.545761108 41.8894805908 6.25
    endloop
  endfacet
  facet normal -0.271437734365 -0 -0.96245598793
    outer loop
      vertex -169.545761108 41.8894805908 12.5
      vertex -169.545761108 41.8894805908 6.25
      vertex -169.848052979 41.8042259216 12.5
    endloop
  endfacet
  facet normal -0.271437734365 -0 -0.96245598793
    outer loop
      vertex -169.848052979 41.8042259216 12.5
      vertex -169.545761108 41.8894805908 6.25
      vertex -169.848052979 41.8042259216 6.25
    endloop
  endfacet
  facet normal -0.346119403839 -0 -0.938190460205
    outer loop
      vertex -169.848052979 41.8042259216 12.5
      vertex -169.848052979 41.8042259216 6.25
      vertex -170.142715454 41.6955184937 12.5
    endloop
  endfacet
  facet normal -0.346119403839 -0 -0.938190460205
    outer loop
      vertex -170.142715454 41.6955184937 12.5
      vertex -169.848052979 41.8042259216 6.25
      vertex -170.142715454 41.6955184937 6.25
    endloop
  endfacet
  facet normal -0.418654024601 -0 -0.908145785332
    outer loop
      vertex -170.142715454 41.6955184937 12.5
      vertex -170.142715454 41.6955184937 6.25
      vertex -170.427947998 41.5640258789 12.5
    endloop
  endfacet
  facet normal -0.418654024601 -0 -0.908145785332
    outer loop
      vertex -170.427947998 41.5640258789 12.5
      vertex -170.142715454 41.6955184937 6.25
      vertex -170.427947998 41.5640258789 6.25
    endloop
  endfacet
  facet normal -0.488622546196 -0 -0.872495293617
    outer loop
      vertex -170.427947998 41.5640258789 12.5
      vertex -170.427947998 41.5640258789 6.25
      vertex -170.701980591 41.4105606079 12.5
    endloop
  endfacet
  facet normal -0.488622546196 -0 -0.872495293617
    outer loop
      vertex -170.701980591 41.4105606079 12.5
      vertex -170.427947998 41.5640258789 6.25
      vertex -170.701980591 41.4105606079 6.25
    endloop
  endfacet
  facet normal -0.555579125881 -0 -0.831463694572
    outer loop
      vertex -170.701980591 41.4105606079 12.5
      vertex -170.701980591 41.4105606079 6.25
      vertex -170.963119507 41.2360687256 12.5
    endloop
  endfacet
  facet normal -0.555579125881 -0 -0.831463694572
    outer loop
      vertex -170.963119507 41.2360687256 12.5
      vertex -170.701980591 41.4105606079 6.25
      vertex -170.963119507 41.2360687256 6.25
    endloop
  endfacet
  facet normal -0.619087100029 -0 -0.78532230854
    outer loop
      vertex -170.963119507 41.2360687256 12.5
      vertex -170.963119507 41.2360687256 6.25
      vertex -171.209777832 41.0416221619 12.5
    endloop
  endfacet
  facet normal -0.619087100029 -0 -0.78532230854
    outer loop
      vertex -171.209777832 41.0416221619 12.5
      vertex -170.963119507 41.2360687256 6.25
      vertex -171.209777832 41.0416221619 6.25
    endloop
  endfacet
  facet normal -0.678798019886 -0 -0.734325051308
    outer loop
      vertex -171.209777832 41.0416221619 12.5
      vertex -171.209777832 41.0416221619 6.25
      vertex -171.440414429 40.8284263611 12.5
    endloop
  endfacet
  facet normal -0.678798019886 -0 -0.734325051308
    outer loop
      vertex -171.440414429 40.8284263611 12.5
      vertex -171.209777832 41.0416221619 6.25
      vertex -171.440414429 40.8284263611 6.25
    endloop
  endfacet
  facet normal -0.734319508076 -0 -0.67880398035
    outer loop
      vertex -171.440414429 40.8284263611 12.5
      vertex -171.440414429 40.8284263611 6.25
      vertex -171.653610229 40.5977935791 12.5
    endloop
  endfacet
  facet normal -0.734319508076 -0 -0.67880398035
    outer loop
      vertex -171.653610229 40.5977935791 12.5
      vertex -171.440414429 40.8284263611 6.25
      vertex -171.653610229 40.5977935791 6.25
    endloop
  endfacet
  facet normal -0.78531897068 -0 -0.619091331959
    outer loop
      vertex -171.653610229 40.5977935791 12.5
      vertex -171.653610229 40.5977935791 6.25
      vertex -171.848052979 40.3511428833 12.5
    endloop
  endfacet
  facet normal -0.78531897068 -0 -0.619091331959
    outer loop
      vertex -171.848052979 40.3511428833 12.5
      vertex -171.653610229 40.5977935791 6.25
      vertex -171.848052979 40.3511428833 6.25
    endloop
  endfacet
  facet normal -0.831485807896 -0 -0.555546045303
    outer loop
      vertex -171.848052979 40.3511428833 12.5
      vertex -171.848052979 40.3511428833 6.25
      vertex -172.022537231 40.0899925232 12.5
    endloop
  endfacet
  facet normal -0.831485807896 -0 -0.555546045303
    outer loop
      vertex -172.022537231 40.0899925232 12.5
      vertex -171.848052979 40.3511428833 6.25
      vertex -172.022537231 40.0899925232 6.25
    endloop
  endfacet
  facet normal -0.8724822402 -0 -0.488645851612
    outer loop
      vertex -172.022537231 40.0899925232 12.5
      vertex -172.022537231 40.0899925232 6.25
      vertex -172.176010132 39.8159637451 12.5
    endloop
  endfacet
  facet normal -0.8724822402 -0 -0.488645851612
    outer loop
      vertex -172.176010132 39.8159637451 12.5
      vertex -172.022537231 40.0899925232 6.25
      vertex -172.176010132 39.8159637451 6.25
    endloop
  endfacet
  facet normal -0.90815281868 -0 -0.418638855219
    outer loop
      vertex -172.176010132 39.8159637451 12.5
      vertex -172.176010132 39.8159637451 6.25
      vertex -172.307495117 39.5307350159 12.5
    endloop
  endfacet
  facet normal -0.90815281868 -0 -0.418638855219
    outer loop
      vertex -172.307495117 39.5307350159 12.5
      vertex -172.176010132 39.8159637451 6.25
      vertex -172.307495117 39.5307350159 6.25
    endloop
  endfacet
  facet normal -0.938180267811 -0 -0.346147090197
    outer loop
      vertex -172.307495117 39.5307350159 12.5
      vertex -172.307495117 39.5307350159 6.25
      vertex -172.416213989 39.2360687256 12.5
    endloop
  endfacet
  facet normal -0.938180267811 -0 -0.346147090197
    outer loop
      vertex -172.416213989 39.2360687256 12.5
      vertex -172.307495117 39.5307350159 6.25
      vertex -172.416213989 39.2360687256 6.25
    endloop
  endfacet
  facet normal -0.962458252907 -0 -0.271429777145
    outer loop
      vertex -172.416213989 39.2360687256 12.5
      vertex -172.416213989 39.2360687256 6.25
      vertex -172.501464844 38.9337806702 12.5
    endloop
  endfacet
  facet normal -0.962458252907 -0 -0.271429777145
    outer loop
      vertex -172.501464844 38.9337806702 12.5
      vertex -172.416213989 39.2360687256 6.25
      vertex -172.501464844 38.9337806702 6.25
    endloop
  endfacet
  facet normal -0.980791032314 -0 -0.195061445236
    outer loop
      vertex -172.501464844 38.9337806702 12.5
      vertex -172.501464844 38.9337806702 6.25
      vertex -172.562728882 38.6257362366 12.5
    endloop
  endfacet
  facet normal -0.980791032314 -0 -0.195061445236
    outer loop
      vertex -172.562728882 38.6257362366 12.5
      vertex -172.501464844 38.9337806702 6.25
      vertex -172.562728882 38.6257362366 6.25
    endloop
  endfacet
  facet normal -0.993064641953 -0 -0.117569819093
    outer loop
      vertex -172.562728882 38.6257362366 12.5
      vertex -172.562728882 38.6257362366 6.25
      vertex -172.599655151 38.313835144 12.5
    endloop
  endfacet
  facet normal -0.993064641953 -0 -0.117569819093
    outer loop
      vertex -172.599655151 38.313835144 12.5
      vertex -172.562728882 38.6257362366 6.25
      vertex -172.599655151 38.313835144 6.25
    endloop
  endfacet
  facet normal -0.195084452629 0 -0.980786442757
    outer loop
      vertex -169.545761108 41.8894805908 18.75
      vertex -169.237716675 41.9507522583 18.75
      vertex -169.237716675 41.9507522583 12.5
    endloop
  endfacet
  facet normal -0.117544837296 0 -0.99306756258
    outer loop
      vertex -169.237716675 41.9507522583 12.5
      vertex -169.237716675 41.9507522583 18.75
      vertex -168.925811768 41.9876708984 12.5
    endloop
  endfacet
  facet normal -0.195084452629 -0 -0.980786442757
    outer loop
      vertex -169.545761108 41.8894805908 18.75
      vertex -169.237716675 41.9507522583 12.5
      vertex -169.545761108 41.8894805908 12.5
    endloop
  endfacet
  facet normal -0.271437734365 1.73691260947e-18 -0.96245598793
    outer loop
      vertex -169.848052979 41.8042259216 18.75
      vertex -169.545761108 41.8894805908 18.75
      vertex -169.545761108 41.8894805908 12.5
    endloop
  endfacet
  facet normal -0.271437734365 -0 -0.96245598793
    outer loop
      vertex -169.848052979 41.8042259216 18.75
      vertex -169.545761108 41.8894805908 12.5
      vertex -169.848052979 41.8042259216 12.5
    endloop
  endfacet
  facet normal -0.346119403839 -3.47382480535e-18 -0.938190460205
    outer loop
      vertex -170.142715454 41.6955184937 18.75
      vertex -169.848052979 41.8042259216 18.75
      vertex -169.848052979 41.8042259216 12.5
    endloop
  endfacet
  facet normal -0.346119403839 -0 -0.938190460205
    outer loop
      vertex -170.142715454 41.6955184937 18.75
      vertex -169.848052979 41.8042259216 12.5
      vertex -170.142715454 41.6955184937 12.5
    endloop
  endfacet
  facet normal -0.418654024601 0 -0.908145785332
    outer loop
      vertex -170.427947998 41.5640258789 18.75
      vertex -170.142715454 41.6955184937 18.75
      vertex -170.142715454 41.6955184937 12.5
    endloop
  endfacet
  facet normal -0.418654024601 -0 -0.908145785332
    outer loop
      vertex -170.427947998 41.5640258789 18.75
      vertex -170.142715454 41.6955184937 12.5
      vertex -170.427947998 41.5640258789 12.5
    endloop
  endfacet
  facet normal -0.488622546196 0 -0.872495293617
    outer loop
      vertex -170.701980591 41.4105606079 18.75
      vertex -170.427947998 41.5640258789 18.75
      vertex -170.427947998 41.5640258789 12.5
    endloop
  endfacet
  facet normal -0.488622546196 -0 -0.872495293617
    outer loop
      vertex -170.701980591 41.4105606079 18.75
      vertex -170.427947998 41.5640258789 12.5
      vertex -170.701980591 41.4105606079 12.5
    endloop
  endfacet
  facet normal -0.555579125881 3.47382480535e-18 -0.831463694572
    outer loop
      vertex -170.963119507 41.2360687256 18.75
      vertex -170.701980591 41.4105606079 18.75
      vertex -170.701980591 41.4105606079 12.5
    endloop
  endfacet
  facet normal -0.555579125881 -0 -0.831463694572
    outer loop
      vertex -170.963119507 41.2360687256 18.75
      vertex -170.701980591 41.4105606079 12.5
      vertex -170.963119507 41.2360687256 12.5
    endloop
  endfacet
  facet normal -0.619087100029 -3.47382521894e-18 -0.78532230854
    outer loop
      vertex -171.209777832 41.0416221619 18.75
      vertex -170.963119507 41.2360687256 18.75
      vertex -170.963119507 41.2360687256 12.5
    endloop
  endfacet
  facet normal -0.619087100029 -0 -0.78532230854
    outer loop
      vertex -171.209777832 41.0416221619 18.75
      vertex -170.963119507 41.2360687256 12.5
      vertex -171.209777832 41.0416221619 12.5
    endloop
  endfacet
  facet normal -0.678798019886 3.47382480535e-18 -0.734325051308
    outer loop
      vertex -171.440414429 40.8284263611 18.75
      vertex -171.209777832 41.0416221619 18.75
      vertex -171.209777832 41.0416221619 12.5
    endloop
  endfacet
  facet normal -0.678798019886 -0 -0.734325051308
    outer loop
      vertex -171.440414429 40.8284263611 18.75
      vertex -171.209777832 41.0416221619 12.5
      vertex -171.440414429 40.8284263611 12.5
    endloop
  endfacet
  facet normal -0.734319508076 -3.47382480535e-18 -0.67880398035
    outer loop
      vertex -171.653610229 40.5977935791 18.75
      vertex -171.440414429 40.8284263611 18.75
      vertex -171.440414429 40.8284263611 12.5
    endloop
  endfacet
  facet normal -0.734319508076 -0 -0.67880398035
    outer loop
      vertex -171.653610229 40.5977935791 18.75
      vertex -171.440414429 40.8284263611 12.5
      vertex -171.653610229 40.5977935791 12.5
    endloop
  endfacet
  facet normal -0.78531897068 0 -0.619091331959
    outer loop
      vertex -171.848052979 40.3511428833 18.75
      vertex -171.653610229 40.5977935791 18.75
      vertex -171.653610229 40.5977935791 12.5
    endloop
  endfacet
  facet normal -0.78531897068 -0 -0.619091331959
    outer loop
      vertex -171.848052979 40.3511428833 18.75
      vertex -171.653610229 40.5977935791 12.5
      vertex -171.848052979 40.3511428833 12.5
    endloop
  endfacet
  facet normal -0.831485807896 0 -0.555546045303
    outer loop
      vertex -172.022537231 40.0899925232 18.75
      vertex -171.848052979 40.3511428833 18.75
      vertex -171.848052979 40.3511428833 12.5
    endloop
  endfacet
  facet normal -0.831485807896 -0 -0.555546045303
    outer loop
      vertex -172.022537231 40.0899925232 18.75
      vertex -171.848052979 40.3511428833 12.5
      vertex -172.022537231 40.0899925232 12.5
    endloop
  endfacet
  facet normal -0.8724822402 0 -0.488645851612
    outer loop
      vertex -172.176010132 39.8159637451 18.75
      vertex -172.022537231 40.0899925232 18.75
      vertex -172.022537231 40.0899925232 12.5
    endloop
  endfacet
  facet normal -0.8724822402 -0 -0.488645851612
    outer loop
      vertex -172.176010132 39.8159637451 18.75
      vertex -172.022537231 40.0899925232 12.5
      vertex -172.176010132 39.8159637451 12.5
    endloop
  endfacet
  facet normal -0.90815281868 3.47382480535e-18 -0.418638855219
    outer loop
      vertex -172.307495117 39.5307350159 18.75
      vertex -172.176010132 39.8159637451 18.75
      vertex -172.176010132 39.8159637451 12.5
    endloop
  endfacet
  facet normal -0.90815281868 -0 -0.418638855219
    outer loop
      vertex -172.307495117 39.5307350159 18.75
      vertex -172.176010132 39.8159637451 12.5
      vertex -172.307495117 39.5307350159 12.5
    endloop
  endfacet
  facet normal -0.938180267811 0 -0.346147090197
    outer loop
      vertex -172.416213989 39.2360687256 18.75
      vertex -172.307495117 39.5307350159 18.75
      vertex -172.307495117 39.5307350159 12.5
    endloop
  endfacet
  facet normal -0.938180267811 -0 -0.346147090197
    outer loop
      vertex -172.416213989 39.2360687256 18.75
      vertex -172.307495117 39.5307350159 12.5
      vertex -172.416213989 39.2360687256 12.5
    endloop
  endfacet
  facet normal -0.962458252907 0 -0.271429777145
    outer loop
      vertex -172.501464844 38.9337806702 18.75
      vertex -172.416213989 39.2360687256 18.75
      vertex -172.416213989 39.2360687256 12.5
    endloop
  endfacet
  facet normal -0.962458252907 -0 -0.271429777145
    outer loop
      vertex -172.501464844 38.9337806702 18.75
      vertex -172.416213989 39.2360687256 12.5
      vertex -172.501464844 38.9337806702 12.5
    endloop
  endfacet
  facet normal -0.980791032314 -1.73691240267e-18 -0.195061445236
    outer loop
      vertex -172.562728882 38.6257362366 18.75
      vertex -172.501464844 38.9337806702 18.75
      vertex -172.501464844 38.9337806702 12.5
    endloop
  endfacet
  facet normal -0.980791032314 -0 -0.195061445236
    outer loop
      vertex -172.562728882 38.6257362366 18.75
      vertex -172.501464844 38.9337806702 12.5
      vertex -172.562728882 38.6257362366 12.5
    endloop
  endfacet
  facet normal -0.993064641953 0 -0.117569819093
    outer loop
      vertex -172.599655151 38.313835144 18.75
      vertex -172.562728882 38.6257362366 18.75
      vertex -172.562728882 38.6257362366 12.5
    endloop
  endfacet
  facet normal -0.993064641953 -0 -0.117569819093
    outer loop
      vertex -172.599655151 38.313835144 18.75
      vertex -172.562728882 38.6257362366 12.5
      vertex -172.599655151 38.313835144 12.5
    endloop
  endfacet
  facet normal 0 0 -1
    outer loop
      vertex -134.611984253 42 1.19209289551e-07
      vertex -168.611984253 42 1.19209289551e-07
      vertex -134.611984253 42 25
    endloop
  endfacet
  facet normal -0 0 -1
    outer loop
      vertex -134.611984253 42 25
      vertex -168.611984253 42 1.19209289551e-07
      vertex -168.611984253 42 25
    endloop
  endfacet
  facet normal 0.999229192734 0 -0.039255477488
    outer loop
      vertex -130.624313354 38.313835144 1.19209289551e-07
      vertex -130.624313354 38.313835144 6.25
      vertex -130.611984253 38 1.19209289551e-07
    endloop
  endfacet
  facet normal 0.999229192734 -2.70115570535e-19 -0.039255477488
    outer loop
      vertex -130.611984253 38 1.19209289551e-07
      vertex -130.624313354 38.313835144 6.25
      vertex -130.624313354 38.313835144 12.5
    endloop
  endfacet
  facet normal 0.999229192734 0 -0.039255477488
    outer loop
      vertex -130.611984253 38 1.19209289551e-07
      vertex -130.624313354 38.313835144 12.5
      vertex -130.611984253 38 25
    endloop
  endfacet
  facet normal 0.999229192734 2.70115570535e-19 -0.039255477488
    outer loop
      vertex -130.611984253 38 25
      vertex -130.624313354 38.313835144 12.5
      vertex -130.624313354 38.313835144 18.75
    endloop
  endfacet
  facet normal 0.999229192734 -4.34228100668e-19 -0.039255477488
    outer loop
      vertex -130.611984253 38 25
      vertex -130.624313354 38.313835144 18.75
      vertex -130.624313354 38.313835144 25
    endloop
  endfacet
  facet normal 0.993070185184 0 -0.117522649467
    outer loop
      vertex -130.624313354 38.313835144 25
      vertex -130.624313354 38.313835144 18.75
      vertex -130.661224365 38.6257362366 25
    endloop
  endfacet
  facet normal 0.993070185184 0 -0.117522649467
    outer loop
      vertex -130.661224365 38.6257362366 25
      vertex -130.624313354 38.313835144 18.75
      vertex -130.661224365 38.6257362366 18.75
    endloop
  endfacet
  facet normal 0.980781853199 0 -0.195107445121
    outer loop
      vertex -130.661224365 38.6257362366 25
      vertex -130.661224365 38.6257362366 18.75
      vertex -130.722503662 38.9337806702 25
    endloop
  endfacet
  facet normal 0.980781853199 0 -0.195107445121
    outer loop
      vertex -130.722503662 38.9337806702 25
      vertex -130.661224365 38.6257362366 18.75
      vertex -130.722503662 38.9337806702 18.75
    endloop
  endfacet
  facet normal 0.962458252907 0 -0.271429777145
    outer loop
      vertex -130.722503662 38.9337806702 25
      vertex -130.722503662 38.9337806702 18.75
      vertex -130.807754517 39.2360687256 25
    endloop
  endfacet
  facet normal 0.962458252907 0 -0.271429777145
    outer loop
      vertex -130.807754517 39.2360687256 25
      vertex -130.722503662 38.9337806702 18.75
      vertex -130.807754517 39.2360687256 18.75
    endloop
  endfacet
  facet normal 0.938195765018 0 -0.346104979515
    outer loop
      vertex -130.807754517 39.2360687256 25
      vertex -130.807754517 39.2360687256 18.75
      vertex -130.91645813 39.5307350159 25
    endloop
  endfacet
  facet normal 0.938195765018 0 -0.346104979515
    outer loop
      vertex -130.91645813 39.5307350159 25
      vertex -130.807754517 39.2360687256 18.75
      vertex -130.91645813 39.5307350159 18.75
    endloop
  endfacet
  facet normal 0.908134639263 0 -0.418678283691
    outer loop
      vertex -130.91645813 39.5307350159 25
      vertex -130.91645813 39.5307350159 18.75
      vertex -131.047958374 39.8159637451 25
    endloop
  endfacet
  facet normal 0.908134639263 0 -0.418678283691
    outer loop
      vertex -131.047958374 39.8159637451 25
      vertex -130.91645813 39.5307350159 18.75
      vertex -131.047958374 39.8159637451 18.75
    endloop
  endfacet
  facet normal 0.872502624989 0 -0.488609433174
    outer loop
      vertex -131.047958374 39.8159637451 25
      vertex -131.047958374 39.8159637451 18.75
      vertex -131.201416016 40.0899925232 25
    endloop
  endfacet
  facet normal 0.872502624989 0 -0.488609433174
    outer loop
      vertex -131.201416016 40.0899925232 25
      vertex -131.047958374 39.8159637451 18.75
      vertex -131.201416016 40.0899925232 18.75
    endloop
  endfacet
  facet normal 0.831463694572 0 -0.555579066277
    outer loop
      vertex -131.201416016 40.0899925232 25
      vertex -131.201416016 40.0899925232 18.75
      vertex -131.375915527 40.3511428833 25
    endloop
  endfacet
  facet normal 0.831463694572 0 -0.555579066277
    outer loop
      vertex -131.375915527 40.3511428833 25
      vertex -131.201416016 40.0899925232 18.75
      vertex -131.375915527 40.3511428833 18.75
    endloop
  endfacet
  facet normal 0.78531897068 0 -0.619091331959
    outer loop
      vertex -131.375915527 40.3511428833 25
      vertex -131.375915527 40.3511428833 18.75
      vertex -131.570358276 40.5977935791 25
    endloop
  endfacet
  facet normal 0.78531897068 0 -0.619091331959
    outer loop
      vertex -131.570358276 40.5977935791 25
      vertex -131.375915527 40.3511428833 18.75
      vertex -131.570358276 40.5977935791 18.75
    endloop
  endfacet
  facet normal 0.734319508076 0 -0.67880398035
    outer loop
      vertex -131.570358276 40.5977935791 25
      vertex -131.570358276 40.5977935791 18.75
      vertex -131.783554077 40.8284263611 25
    endloop
  endfacet
  facet normal 0.734319508076 0 -0.67880398035
    outer loop
      vertex -131.783554077 40.8284263611 25
      vertex -131.570358276 40.5977935791 18.75
      vertex -131.783554077 40.8284263611 18.75
    endloop
  endfacet
  facet normal 0.678798019886 0 -0.734325051308
    outer loop
      vertex -131.783554077 40.8284263611 25
      vertex -131.783554077 40.8284263611 18.75
      vertex -132.014190674 41.0416221619 25
    endloop
  endfacet
  facet normal 0.678798019886 0 -0.734325051308
    outer loop
      vertex -132.014190674 41.0416221619 25
      vertex -131.783554077 40.8284263611 18.75
      vertex -132.014190674 41.0416221619 18.75
    endloop
  endfacet
  facet normal 0.61911034584 0 -0.785304009914
    outer loop
      vertex -132.014190674 41.0416221619 25
      vertex -132.014190674 41.0416221619 18.75
      vertex -132.26083374 41.2360687256 25
    endloop
  endfacet
  facet normal 0.61911034584 0 -0.785304009914
    outer loop
      vertex -132.26083374 41.2360687256 25
      vertex -132.014190674 41.0416221619 18.75
      vertex -132.26083374 41.2360687256 18.75
    endloop
  endfacet
  facet normal 0.555557012558 0 -0.83147841692
    outer loop
      vertex -132.26083374 41.2360687256 25
      vertex -132.26083374 41.2360687256 18.75
      vertex -132.521987915 41.4105606079 25
    endloop
  endfacet
  facet normal 0.555557012558 0 -0.83147841692
    outer loop
      vertex -132.521987915 41.4105606079 25
      vertex -132.26083374 41.2360687256 18.75
      vertex -132.521987915 41.4105606079 18.75
    endloop
  endfacet
  facet normal 0.488622546196 0 -0.872495293617
    outer loop
      vertex -132.521987915 41.4105606079 25
      vertex -132.521987915 41.4105606079 18.75
      vertex -132.796020508 41.5640258789 25
    endloop
  endfacet
  facet normal 0.488622546196 0 -0.872495293617
    outer loop
      vertex -132.796020508 41.5640258789 25
      vertex -132.521987915 41.4105606079 18.75
      vertex -132.796020508 41.5640258789 18.75
    endloop
  endfacet
  facet normal 0.418654024601 0 -0.908145785332
    outer loop
      vertex -132.796020508 41.5640258789 25
      vertex -132.796020508 41.5640258789 18.75
      vertex -133.081253052 41.6955184937 25
    endloop
  endfacet
  facet normal 0.418654024601 0 -0.908145785332
    outer loop
      vertex -133.081253052 41.6955184937 25
      vertex -132.796020508 41.5640258789 18.75
      vertex -133.081253052 41.6955184937 18.75
    endloop
  endfacet
  facet normal 0.346119403839 0 -0.938190460205
    outer loop
      vertex -133.081253052 41.6955184937 25
      vertex -133.081253052 41.6955184937 18.75
      vertex -133.375915527 41.8042259216 25
    endloop
  endfacet
  facet normal 0.346119403839 0 -0.938190460205
    outer loop
      vertex -133.375915527 41.8042259216 25
      vertex -133.081253052 41.6955184937 18.75
      vertex -133.375915527 41.8042259216 18.75
    endloop
  endfacet
  facet normal 0.271437734365 0 -0.96245598793
    outer loop
      vertex -133.375915527 41.8042259216 25
      vertex -133.375915527 41.8042259216 18.75
      vertex -133.678207397 41.8894805908 25
    endloop
  endfacet
  facet normal 0.271437734365 0 -0.96245598793
    outer loop
      vertex -133.678207397 41.8894805908 25
      vertex -133.375915527 41.8042259216 18.75
      vertex -133.678207397 41.8894805908 18.75
    endloop
  endfacet
  facet normal 0.195093601942 0 -0.980784654617
    outer loop
      vertex -133.678207397 41.8894805908 25
      vertex -133.678207397 41.8894805908 18.75
      vertex -133.986236572 41.9507522583 25
    endloop
  endfacet
  facet normal 0.195093601942 0 -0.980784654617
    outer loop
      vertex -133.986236572 41.9507522583 25
      vertex -133.678207397 41.8894805908 18.75
      vertex -133.986236572 41.9507522583 18.75
    endloop
  endfacet
  facet normal 0.117545306683 0 -0.993067502975
    outer loop
      vertex -133.986236572 41.9507522583 25
      vertex -133.986236572 41.9507522583 18.75
      vertex -134.298141479 41.9876708984 25
    endloop
  endfacet
  facet normal 0.117545306683 0 -0.993067502975
    outer loop
      vertex -134.298141479 41.9876708984 25
      vertex -133.986236572 41.9507522583 18.75
      vertex -134.298141479 41.9876708984 18.75
    endloop
  endfacet
  facet normal 0.0392543822527 0 -0.999229252338
    outer loop
      vertex -134.298141479 41.9876708984 25
      vertex -134.298141479 41.9876708984 18.75
      vertex -134.611984253 42 25
    endloop
  endfacet
  facet normal 0.0392543822527 0 -0.999229252338
    outer loop
      vertex -134.611984253 42 25
      vertex -134.298141479 41.9876708984 18.75
      vertex -134.298141479 41.9876708984 12.5
    endloop
  endfacet
  facet normal 0.0392543822527 0 -0.999229252338
    outer loop
      vertex -134.611984253 42 25
      vertex -134.298141479 41.9876708984 12.5
      vertex -134.611984253 42 1.19209289551e-07
    endloop
  endfacet
  facet normal 0.0392543822527 0 -0.999229252338
    outer loop
      vertex -134.611984253 42 1.19209289551e-07
      vertex -134.298141479 41.9876708984 12.5
      vertex -134.298141479 41.9876708984 6.25
    endloop
  endfacet
  facet normal 0.0392543822527 0 -0.999229252338
    outer loop
      vertex -134.611984253 42 1.19209289551e-07
      vertex -134.298141479 41.9876708984 6.25
      vertex -134.298141479 41.9876708984 1.19209289551e-07
    endloop
  endfacet
  facet normal 0.117545306683 0 -0.993067502975
    outer loop
      vertex -134.298141479 41.9876708984 1.19209289551e-07
      vertex -134.298141479 41.9876708984 6.25
      vertex -133.986236572 41.9507522583 1.19209289551e-07
    endloop
  endfacet
  facet normal 0.117545306683 0 -0.993067502975
    outer loop
      vertex -133.986236572 41.9507522583 1.19209289551e-07
      vertex -134.298141479 41.9876708984 6.25
      vertex -133.986236572 41.9507522583 6.25
    endloop
  endfacet
  facet normal 0.195093601942 0 -0.980784654617
    outer loop
      vertex -133.986236572 41.9507522583 1.19209289551e-07
      vertex -133.986236572 41.9507522583 6.25
      vertex -133.678207397 41.8894805908 1.19209289551e-07
    endloop
  endfacet
  facet normal 0.195093601942 0 -0.980784654617
    outer loop
      vertex -133.678207397 41.8894805908 1.19209289551e-07
      vertex -133.986236572 41.9507522583 6.25
      vertex -133.678207397 41.8894805908 6.25
    endloop
  endfacet
  facet normal 0.271437734365 0 -0.96245598793
    outer loop
      vertex -133.678207397 41.8894805908 1.19209289551e-07
      vertex -133.678207397 41.8894805908 6.25
      vertex -133.375915527 41.8042259216 1.19209289551e-07
    endloop
  endfacet
  facet normal 0.271437734365 0 -0.96245598793
    outer loop
      vertex -133.375915527 41.8042259216 1.19209289551e-07
      vertex -133.678207397 41.8894805908 6.25
      vertex -133.375915527 41.8042259216 6.25
    endloop
  endfacet
  facet normal 0.346119403839 0 -0.938190460205
    outer loop
      vertex -133.375915527 41.8042259216 1.19209289551e-07
      vertex -133.375915527 41.8042259216 6.25
      vertex -133.081253052 41.6955184937 1.19209289551e-07
    endloop
  endfacet
  facet normal 0.346119403839 0 -0.938190460205
    outer loop
      vertex -133.081253052 41.6955184937 1.19209289551e-07
      vertex -133.375915527 41.8042259216 6.25
      vertex -133.081253052 41.6955184937 6.25
    endloop
  endfacet
  facet normal 0.418654024601 0 -0.908145785332
    outer loop
      vertex -133.081253052 41.6955184937 1.19209289551e-07
      vertex -133.081253052 41.6955184937 6.25
      vertex -132.796020508 41.5640258789 1.19209289551e-07
    endloop
  endfacet
  facet normal 0.418654024601 0 -0.908145785332
    outer loop
      vertex -132.796020508 41.5640258789 1.19209289551e-07
      vertex -133.081253052 41.6955184937 6.25
      vertex -132.796020508 41.5640258789 6.25
    endloop
  endfacet
  facet normal 0.488622546196 0 -0.872495293617
    outer loop
      vertex -132.796020508 41.5640258789 1.19209289551e-07
      vertex -132.796020508 41.5640258789 6.25
      vertex -132.521987915 41.4105606079 1.19209289551e-07
    endloop
  endfacet
  facet normal 0.488622546196 0 -0.872495293617
    outer loop
      vertex -132.521987915 41.4105606079 1.19209289551e-07
      vertex -132.796020508 41.5640258789 6.25
      vertex -132.521987915 41.4105606079 6.25
    endloop
  endfacet
  facet normal 0.555557012558 0 -0.83147841692
    outer loop
      vertex -132.521987915 41.4105606079 1.19209289551e-07
      vertex -132.521987915 41.4105606079 6.25
      vertex -132.26083374 41.2360687256 1.19209289551e-07
    endloop
  endfacet
  facet normal 0.555557012558 0 -0.83147841692
    outer loop
      vertex -132.26083374 41.2360687256 1.19209289551e-07
      vertex -132.521987915 41.4105606079 6.25
      vertex -132.26083374 41.2360687256 6.25
    endloop
  endfacet
  facet normal 0.61911034584 0 -0.785304009914
    outer loop
      vertex -132.26083374 41.2360687256 1.19209289551e-07
      vertex -132.26083374 41.2360687256 6.25
      vertex -132.014190674 41.0416221619 1.19209289551e-07
    endloop
  endfacet
  facet normal 0.61911034584 0 -0.785304009914
    outer loop
      vertex -132.014190674 41.0416221619 1.19209289551e-07
      vertex -132.26083374 41.2360687256 6.25
      vertex -132.014190674 41.0416221619 6.25
    endloop
  endfacet
  facet normal 0.678798019886 0 -0.734325051308
    outer loop
      vertex -132.014190674 41.0416221619 1.19209289551e-07
      vertex -132.014190674 41.0416221619 6.25
      vertex -131.783554077 40.8284263611 1.19209289551e-07
    endloop
  endfacet
  facet normal 0.678798019886 0 -0.734325051308
    outer loop
      vertex -131.783554077 40.8284263611 1.19209289551e-07
      vertex -132.014190674 41.0416221619 6.25
      vertex -131.783554077 40.8284263611 6.25
    endloop
  endfacet
  facet normal 0.734319508076 0 -0.67880398035
    outer loop
      vertex -131.783554077 40.8284263611 1.19209289551e-07
      vertex -131.783554077 40.8284263611 6.25
      vertex -131.570358276 40.5977935791 1.19209289551e-07
    endloop
  endfacet
  facet normal 0.734319508076 0 -0.67880398035
    outer loop
      vertex -131.570358276 40.5977935791 1.19209289551e-07
      vertex -131.783554077 40.8284263611 6.25
      vertex -131.570358276 40.5977935791 6.25
    endloop
  endfacet
  facet normal 0.78531897068 0 -0.619091331959
    outer loop
      vertex -131.570358276 40.5977935791 1.19209289551e-07
      vertex -131.570358276 40.5977935791 6.25
      vertex -131.375915527 40.3511428833 1.19209289551e-07
    endloop
  endfacet
  facet normal 0.78531897068 0 -0.619091331959
    outer loop
      vertex -131.375915527 40.3511428833 1.19209289551e-07
      vertex -131.570358276 40.5977935791 6.25
      vertex -131.375915527 40.3511428833 6.25
    endloop
  endfacet
  facet normal 0.831463694572 0 -0.555579066277
    outer loop
      vertex -131.375915527 40.3511428833 1.19209289551e-07
      vertex -131.375915527 40.3511428833 6.25
      vertex -131.201416016 40.0899925232 1.19209289551e-07
    endloop
  endfacet
  facet normal 0.831463694572 0 -0.555579066277
    outer loop
      vertex -131.201416016 40.0899925232 1.19209289551e-07
      vertex -131.375915527 40.3511428833 6.25
      vertex -131.201416016 40.0899925232 6.25
    endloop
  endfacet
  facet normal 0.872502624989 0 -0.488609433174
    outer loop
      vertex -131.201416016 40.0899925232 1.19209289551e-07
      vertex -131.201416016 40.0899925232 6.25
      vertex -131.047958374 39.8159637451 1.19209289551e-07
    endloop
  endfacet
  facet normal 0.872502624989 0 -0.488609433174
    outer loop
      vertex -131.047958374 39.8159637451 1.19209289551e-07
      vertex -131.201416016 40.0899925232 6.25
      vertex -131.047958374 39.8159637451 6.25
    endloop
  endfacet
  facet normal 0.908134639263 0 -0.418678283691
    outer loop
      vertex -131.047958374 39.8159637451 1.19209289551e-07
      vertex -131.047958374 39.8159637451 6.25
      vertex -130.91645813 39.5307350159 1.19209289551e-07
    endloop
  endfacet
  facet normal 0.908134639263 0 -0.418678283691
    outer loop
      vertex -130.91645813 39.5307350159 1.19209289551e-07
      vertex -131.047958374 39.8159637451 6.25
      vertex -130.91645813 39.5307350159 6.25
    endloop
  endfacet
  facet normal 0.938195765018 0 -0.346104979515
    outer loop
      vertex -130.91645813 39.5307350159 1.19209289551e-07
      vertex -130.91645813 39.5307350159 6.25
      vertex -130.807754517 39.2360687256 1.19209289551e-07
    endloop
  endfacet
  facet normal 0.938195765018 0 -0.346104979515
    outer loop
      vertex -130.807754517 39.2360687256 1.19209289551e-07
      vertex -130.91645813 39.5307350159 6.25
      vertex -130.807754517 39.2360687256 6.25
    endloop
  endfacet
  facet normal 0.962458252907 0 -0.271429777145
    outer loop
      vertex -130.807754517 39.2360687256 1.19209289551e-07
      vertex -130.807754517 39.2360687256 6.25
      vertex -130.722503662 38.9337806702 1.19209289551e-07
    endloop
  endfacet
  facet normal 0.962458252907 0 -0.271429777145
    outer loop
      vertex -130.722503662 38.9337806702 1.19209289551e-07
      vertex -130.807754517 39.2360687256 6.25
      vertex -130.722503662 38.9337806702 6.25
    endloop
  endfacet
  facet normal 0.980781853199 0 -0.195107445121
    outer loop
      vertex -130.722503662 38.9337806702 1.19209289551e-07
      vertex -130.722503662 38.9337806702 6.25
      vertex -130.661224365 38.6257362366 1.19209289551e-07
    endloop
  endfacet
  facet normal 0.980781853199 0 -0.195107445121
    outer loop
      vertex -130.661224365 38.6257362366 1.19209289551e-07
      vertex -130.722503662 38.9337806702 6.25
      vertex -130.661224365 38.6257362366 6.25
    endloop
  endfacet
  facet normal 0.993070185184 0 -0.117522649467
    outer loop
      vertex -130.661224365 38.6257362366 1.19209289551e-07
      vertex -130.661224365 38.6257362366 6.25
      vertex -130.624313354 38.313835144 1.19209289551e-07
    endloop
  endfacet
  facet normal 0.993070185184 0 -0.117522649467
    outer loop
      vertex -130.624313354 38.313835144 1.19209289551e-07
      vertex -130.661224365 38.6257362366 6.25
      vertex -130.624313354 38.313835144 6.25
    endloop
  endfacet
  facet normal 0.993070185184 -8.68456201336e-19 -0.117522649467
    outer loop
      vertex -130.661224365 38.6257362366 18.75
      vertex -130.624313354 38.313835144 18.75
      vertex -130.624313354 38.313835144 12.5
    endloop
  endfacet
  facet normal 0.993070185184 0 -0.117522649467
    outer loop
      vertex -130.624313354 38.313835144 12.5
      vertex -130.624313354 38.313835144 6.25
      vertex -130.661224365 38.6257362366 12.5
    endloop
  endfacet
  facet normal 0.993070185184 0 -0.117522649467
    outer loop
      vertex -130.661224365 38.6257362366 12.5
      vertex -130.624313354 38.313835144 6.25
      vertex -130.661224365 38.6257362366 6.25
    endloop
  endfacet
  facet normal 0.980781853199 0 -0.195107445121
    outer loop
      vertex -130.661224365 38.6257362366 12.5
      vertex -130.661224365 38.6257362366 6.25
      vertex -130.722503662 38.9337806702 12.5
    endloop
  endfacet
  facet normal 0.980781853199 0 -0.195107445121
    outer loop
      vertex -130.722503662 38.9337806702 12.5
      vertex -130.661224365 38.6257362366 6.25
      vertex -130.722503662 38.9337806702 6.25
    endloop
  endfacet
  facet normal 0.962458252907 0 -0.271429777145
    outer loop
      vertex -130.722503662 38.9337806702 12.5
      vertex -130.722503662 38.9337806702 6.25
      vertex -130.807754517 39.2360687256 12.5
    endloop
  endfacet
  facet normal 0.962458252907 0 -0.271429777145
    outer loop
      vertex -130.807754517 39.2360687256 12.5
      vertex -130.722503662 38.9337806702 6.25
      vertex -130.807754517 39.2360687256 6.25
    endloop
  endfacet
  facet normal 0.938195765018 0 -0.346104979515
    outer loop
      vertex -130.807754517 39.2360687256 12.5
      vertex -130.807754517 39.2360687256 6.25
      vertex -130.91645813 39.5307350159 12.5
    endloop
  endfacet
  facet normal 0.938195765018 0 -0.346104979515
    outer loop
      vertex -130.91645813 39.5307350159 12.5
      vertex -130.807754517 39.2360687256 6.25
      vertex -130.91645813 39.5307350159 6.25
    endloop
  endfacet
  facet normal 0.908134639263 0 -0.418678283691
    outer loop
      vertex -130.91645813 39.5307350159 12.5
      vertex -130.91645813 39.5307350159 6.25
      vertex -131.047958374 39.8159637451 12.5
    endloop
  endfacet
  facet normal 0.908134639263 0 -0.418678283691
    outer loop
      vertex -131.047958374 39.8159637451 12.5
      vertex -130.91645813 39.5307350159 6.25
      vertex -131.047958374 39.8159637451 6.25
    endloop
  endfacet
  facet normal 0.872502624989 0 -0.488609433174
    outer loop
      vertex -131.047958374 39.8159637451 12.5
      vertex -131.047958374 39.8159637451 6.25
      vertex -131.201416016 40.0899925232 12.5
    endloop
  endfacet
  facet normal 0.872502624989 0 -0.488609433174
    outer loop
      vertex -131.201416016 40.0899925232 12.5
      vertex -131.047958374 39.8159637451 6.25
      vertex -131.201416016 40.0899925232 6.25
    endloop
  endfacet
  facet normal 0.831463694572 0 -0.555579066277
    outer loop
      vertex -131.201416016 40.0899925232 12.5
      vertex -131.201416016 40.0899925232 6.25
      vertex -131.375915527 40.3511428833 12.5
    endloop
  endfacet
  facet normal 0.831463694572 0 -0.555579066277
    outer loop
      vertex -131.375915527 40.3511428833 12.5
      vertex -131.201416016 40.0899925232 6.25
      vertex -131.375915527 40.3511428833 6.25
    endloop
  endfacet
  facet normal 0.78531897068 0 -0.619091331959
    outer loop
      vertex -131.375915527 40.3511428833 12.5
      vertex -131.375915527 40.3511428833 6.25
      vertex -131.570358276 40.5977935791 12.5
    endloop
  endfacet
  facet normal 0.78531897068 0 -0.619091331959
    outer loop
      vertex -131.570358276 40.5977935791 12.5
      vertex -131.375915527 40.3511428833 6.25
      vertex -131.570358276 40.5977935791 6.25
    endloop
  endfacet
  facet normal 0.734319508076 0 -0.67880398035
    outer loop
      vertex -131.570358276 40.5977935791 12.5
      vertex -131.570358276 40.5977935791 6.25
      vertex -131.783554077 40.8284263611 12.5
    endloop
  endfacet
  facet normal 0.734319508076 0 -0.67880398035
    outer loop
      vertex -131.783554077 40.8284263611 12.5
      vertex -131.570358276 40.5977935791 6.25
      vertex -131.783554077 40.8284263611 6.25
    endloop
  endfacet
  facet normal 0.678798019886 0 -0.734325051308
    outer loop
      vertex -131.783554077 40.8284263611 12.5
      vertex -131.783554077 40.8284263611 6.25
      vertex -132.014190674 41.0416221619 12.5
    endloop
  endfacet
  facet normal 0.678798019886 0 -0.734325051308
    outer loop
      vertex -132.014190674 41.0416221619 12.5
      vertex -131.783554077 40.8284263611 6.25
      vertex -132.014190674 41.0416221619 6.25
    endloop
  endfacet
  facet normal 0.61911034584 0 -0.785304009914
    outer loop
      vertex -132.014190674 41.0416221619 12.5
      vertex -132.014190674 41.0416221619 6.25
      vertex -132.26083374 41.2360687256 12.5
    endloop
  endfacet
  facet normal 0.61911034584 0 -0.785304009914
    outer loop
      vertex -132.26083374 41.2360687256 12.5
      vertex -132.014190674 41.0416221619 6.25
      vertex -132.26083374 41.2360687256 6.25
    endloop
  endfacet
  facet normal 0.555557012558 0 -0.83147841692
    outer loop
      vertex -132.26083374 41.2360687256 12.5
      vertex -132.26083374 41.2360687256 6.25
      vertex -132.521987915 41.4105606079 12.5
    endloop
  endfacet
  facet normal 0.555557012558 0 -0.83147841692
    outer loop
      vertex -132.521987915 41.4105606079 12.5
      vertex -132.26083374 41.2360687256 6.25
      vertex -132.521987915 41.4105606079 6.25
    endloop
  endfacet
  facet normal 0.488622546196 0 -0.872495293617
    outer loop
      vertex -132.521987915 41.4105606079 12.5
      vertex -132.521987915 41.4105606079 6.25
      vertex -132.796020508 41.5640258789 12.5
    endloop
  endfacet
  facet normal 0.488622546196 0 -0.872495293617
    outer loop
      vertex -132.796020508 41.5640258789 12.5
      vertex -132.521987915 41.4105606079 6.25
      vertex -132.796020508 41.5640258789 6.25
    endloop
  endfacet
  facet normal 0.418654024601 0 -0.908145785332
    outer loop
      vertex -132.796020508 41.5640258789 12.5
      vertex -132.796020508 41.5640258789 6.25
      vertex -133.081253052 41.6955184937 12.5
    endloop
  endfacet
  facet normal 0.418654024601 0 -0.908145785332
    outer loop
      vertex -133.081253052 41.6955184937 12.5
      vertex -132.796020508 41.5640258789 6.25
      vertex -133.081253052 41.6955184937 6.25
    endloop
  endfacet
  facet normal 0.346119403839 0 -0.938190460205
    outer loop
      vertex -133.081253052 41.6955184937 12.5
      vertex -133.081253052 41.6955184937 6.25
      vertex -133.375915527 41.8042259216 12.5
    endloop
  endfacet
  facet normal 0.346119403839 0 -0.938190460205
    outer loop
      vertex -133.375915527 41.8042259216 12.5
      vertex -133.081253052 41.6955184937 6.25
      vertex -133.375915527 41.8042259216 6.25
    endloop
  endfacet
  facet normal 0.271437734365 0 -0.96245598793
    outer loop
      vertex -133.375915527 41.8042259216 12.5
      vertex -133.375915527 41.8042259216 6.25
      vertex -133.678207397 41.8894805908 12.5
    endloop
  endfacet
  facet normal 0.271437734365 0 -0.96245598793
    outer loop
      vertex -133.678207397 41.8894805908 12.5
      vertex -133.375915527 41.8042259216 6.25
      vertex -133.678207397 41.8894805908 6.25
    endloop
  endfacet
  facet normal 0.195093601942 0 -0.980784654617
    outer loop
      vertex -133.678207397 41.8894805908 12.5
      vertex -133.678207397 41.8894805908 6.25
      vertex -133.986236572 41.9507522583 12.5
    endloop
  endfacet
  facet normal 0.195093601942 0 -0.980784654617
    outer loop
      vertex -133.986236572 41.9507522583 12.5
      vertex -133.678207397 41.8894805908 6.25
      vertex -133.986236572 41.9507522583 6.25
    endloop
  endfacet
  facet normal 0.117545306683 0 -0.993067502975
    outer loop
      vertex -133.986236572 41.9507522583 12.5
      vertex -133.986236572 41.9507522583 6.25
      vertex -134.298141479 41.9876708984 12.5
    endloop
  endfacet
  facet normal 0.117545306683 0 -0.993067502975
    outer loop
      vertex -134.298141479 41.9876708984 12.5
      vertex -133.986236572 41.9507522583 6.25
      vertex -134.298141479 41.9876708984 6.25
    endloop
  endfacet
  facet normal 0.980781853199 1.73691240267e-18 -0.195107445121
    outer loop
      vertex -130.722503662 38.9337806702 18.75
      vertex -130.661224365 38.6257362366 18.75
      vertex -130.661224365 38.6257362366 12.5
    endloop
  endfacet
  facet normal 0.993070185184 0 -0.117522649467
    outer loop
      vertex -130.661224365 38.6257362366 12.5
      vertex -130.661224365 38.6257362366 18.75
      vertex -130.624313354 38.313835144 12.5
    endloop
  endfacet
  facet normal 0.980781853199 0 -0.195107445121
    outer loop
      vertex -130.722503662 38.9337806702 18.75
      vertex -130.661224365 38.6257362366 12.5
      vertex -130.722503662 38.9337806702 12.5
    endloop
  endfacet
  facet normal 0.962458252907 0 -0.271429777145
    outer loop
      vertex -130.807754517 39.2360687256 18.75
      vertex -130.722503662 38.9337806702 18.75
      vertex -130.722503662 38.9337806702 12.5
    endloop
  endfacet
  facet normal 0.962458252907 0 -0.271429777145
    outer loop
      vertex -130.807754517 39.2360687256 18.75
      vertex -130.722503662 38.9337806702 12.5
      vertex -130.807754517 39.2360687256 12.5
    endloop
  endfacet
  facet normal 0.938195765018 0 -0.346104979515
    outer loop
      vertex -130.91645813 39.5307350159 18.75
      vertex -130.807754517 39.2360687256 18.75
      vertex -130.807754517 39.2360687256 12.5
    endloop
  endfacet
  facet normal 0.938195765018 0 -0.346104979515
    outer loop
      vertex -130.91645813 39.5307350159 18.75
      vertex -130.807754517 39.2360687256 12.5
      vertex -130.91645813 39.5307350159 12.5
    endloop
  endfacet
  facet normal 0.908134639263 -3.47382521894e-18 -0.418678283691
    outer loop
      vertex -131.047958374 39.8159637451 18.75
      vertex -130.91645813 39.5307350159 18.75
      vertex -130.91645813 39.5307350159 12.5
    endloop
  endfacet
  facet normal 0.908134639263 0 -0.418678283691
    outer loop
      vertex -131.047958374 39.8159637451 18.75
      vertex -130.91645813 39.5307350159 12.5
      vertex -131.047958374 39.8159637451 12.5
    endloop
  endfacet
  facet normal 0.872502624989 0 -0.488609433174
    outer loop
      vertex -131.201416016 40.0899925232 18.75
      vertex -131.047958374 39.8159637451 18.75
      vertex -131.047958374 39.8159637451 12.5
    endloop
  endfacet
  facet normal 0.872502624989 0 -0.488609433174
    outer loop
      vertex -131.201416016 40.0899925232 18.75
      vertex -131.047958374 39.8159637451 12.5
      vertex -131.201416016 40.0899925232 12.5
    endloop
  endfacet
  facet normal 0.831463694572 -3.47382521894e-18 -0.555579066277
    outer loop
      vertex -131.375915527 40.3511428833 18.75
      vertex -131.201416016 40.0899925232 18.75
      vertex -131.201416016 40.0899925232 12.5
    endloop
  endfacet
  facet normal 0.831463694572 0 -0.555579066277
    outer loop
      vertex -131.375915527 40.3511428833 18.75
      vertex -131.201416016 40.0899925232 12.5
      vertex -131.375915527 40.3511428833 12.5
    endloop
  endfacet
  facet normal 0.78531897068 0 -0.619091331959
    outer loop
      vertex -131.570358276 40.5977935791 18.75
      vertex -131.375915527 40.3511428833 18.75
      vertex -131.375915527 40.3511428833 12.5
    endloop
  endfacet
  facet normal 0.78531897068 0 -0.619091331959
    outer loop
      vertex -131.570358276 40.5977935791 18.75
      vertex -131.375915527 40.3511428833 12.5
      vertex -131.570358276 40.5977935791 12.5
    endloop
  endfacet
  facet normal 0.734319508076 3.47382480535e-18 -0.67880398035
    outer loop
      vertex -131.783554077 40.8284263611 18.75
      vertex -131.570358276 40.5977935791 18.75
      vertex -131.570358276 40.5977935791 12.5
    endloop
  endfacet
  facet normal 0.734319508076 0 -0.67880398035
    outer loop
      vertex -131.783554077 40.8284263611 18.75
      vertex -131.570358276 40.5977935791 12.5
      vertex -131.783554077 40.8284263611 12.5
    endloop
  endfacet
  facet normal 0.678798019886 -3.47382480535e-18 -0.734325051308
    outer loop
      vertex -132.014190674 41.0416221619 18.75
      vertex -131.783554077 40.8284263611 18.75
      vertex -131.783554077 40.8284263611 12.5
    endloop
  endfacet
  facet normal 0.678798019886 0 -0.734325051308
    outer loop
      vertex -132.014190674 41.0416221619 18.75
      vertex -131.783554077 40.8284263611 12.5
      vertex -132.014190674 41.0416221619 12.5
    endloop
  endfacet
  facet normal 0.61911034584 0 -0.785304009914
    outer loop
      vertex -132.26083374 41.2360687256 18.75
      vertex -132.014190674 41.0416221619 18.75
      vertex -132.014190674 41.0416221619 12.5
    endloop
  endfacet
  facet normal 0.61911034584 0 -0.785304009914
    outer loop
      vertex -132.26083374 41.2360687256 18.75
      vertex -132.014190674 41.0416221619 12.5
      vertex -132.26083374 41.2360687256 12.5
    endloop
  endfacet
  facet normal 0.555557012558 6.94765043787e-18 -0.83147841692
    outer loop
      vertex -132.521987915 41.4105606079 18.75
      vertex -132.26083374 41.2360687256 18.75
      vertex -132.26083374 41.2360687256 12.5
    endloop
  endfacet
  facet normal 0.555557012558 0 -0.83147841692
    outer loop
      vertex -132.521987915 41.4105606079 18.75
      vertex -132.26083374 41.2360687256 12.5
      vertex -132.521987915 41.4105606079 12.5
    endloop
  endfacet
  facet normal 0.488622546196 0 -0.872495293617
    outer loop
      vertex -132.796020508 41.5640258789 18.75
      vertex -132.521987915 41.4105606079 18.75
      vertex -132.521987915 41.4105606079 12.5
    endloop
  endfacet
  facet normal 0.488622546196 0 -0.872495293617
    outer loop
      vertex -132.796020508 41.5640258789 18.75
      vertex -132.521987915 41.4105606079 12.5
      vertex -132.796020508 41.5640258789 12.5
    endloop
  endfacet
  facet normal 0.418654024601 0 -0.908145785332
    outer loop
      vertex -133.081253052 41.6955184937 18.75
      vertex -132.796020508 41.5640258789 18.75
      vertex -132.796020508 41.5640258789 12.5
    endloop
  endfacet
  facet normal 0.418654024601 0 -0.908145785332
    outer loop
      vertex -133.081253052 41.6955184937 18.75
      vertex -132.796020508 41.5640258789 12.5
      vertex -133.081253052 41.6955184937 12.5
    endloop
  endfacet
  facet normal 0.346119403839 3.47382480535e-18 -0.938190460205
    outer loop
      vertex -133.375915527 41.8042259216 18.75
      vertex -133.081253052 41.6955184937 18.75
      vertex -133.081253052 41.6955184937 12.5
    endloop
  endfacet
  facet normal 0.346119403839 0 -0.938190460205
    outer loop
      vertex -133.375915527 41.8042259216 18.75
      vertex -133.081253052 41.6955184937 12.5
      vertex -133.375915527 41.8042259216 12.5
    endloop
  endfacet
  facet normal 0.271437734365 -1.73691260947e-18 -0.96245598793
    outer loop
      vertex -133.678207397 41.8894805908 18.75
      vertex -133.375915527 41.8042259216 18.75
      vertex -133.375915527 41.8042259216 12.5
    endloop
  endfacet
  facet normal 0.271437734365 0 -0.96245598793
    outer loop
      vertex -133.678207397 41.8894805908 18.75
      vertex -133.375915527 41.8042259216 12.5
      vertex -133.678207397 41.8894805908 12.5
    endloop
  endfacet
  facet normal 0.195093601942 0 -0.980784654617
    outer loop
      vertex -133.986236572 41.9507522583 18.75
      vertex -133.678207397 41.8894805908 18.75
      vertex -133.678207397 41.8894805908 12.5
    endloop
  endfacet
  facet normal 0.195093601942 0 -0.980784654617
    outer loop
      vertex -133.986236572 41.9507522583 18.75
      vertex -133.678207397 41.8894805908 12.5
      vertex -133.986236572 41.9507522583 12.5
    endloop
  endfacet
  facet normal 0.117545306683 0 -0.993067502975
    outer loop
      vertex -134.298141479 41.9876708984 18.75
      vertex -133.986236572 41.9507522583 18.75
      vertex -133.986236572 41.9507522583 12.5
    endloop
  endfacet
  facet normal 0.117545306683 0 -0.993067502975
    outer loop
      vertex -134.298141479 41.9876708984 18.75
      vertex -133.986236572 41.9507522583 12.5
      vertex -134.298141479 41.9876708984 12.5
    endloop
  endfacet
  facet normal 1 -0 0
    outer loop
      vertex -130.611984253 3.99999976158 1.19209289551e-07
      vertex -130.611984253 38 1.19209289551e-07
      vertex -130.611984253 3.99999976158 25
    endloop
  endfacet
  facet normal 1 0 0
    outer loop
      vertex -130.611984253 3.99999976158 25
      vertex -130.611984253 38 1.19209289551e-07
      vertex -130.611984253 38 25
    endloop
  endfacet
  facet normal 0.0392583608627 -0 0.999229073524
    outer loop
      vertex -134.298141479 0.0123304724693 1.19209289551e-07
      vertex -134.298141479 0.0123304724693 6.25
      vertex -134.611984253 7.29946406236e-24 1.19209289551e-07
    endloop
  endfacet
  facet normal 0.0392583608627 0 0.999229073524
    outer loop
      vertex -134.611984253 7.29946406236e-24 1.19209289551e-07
      vertex -134.298141479 0.0123304724693 6.25
      vertex -134.298141479 0.0123304724693 12.5
    endloop
  endfacet
  facet normal 0.0392583608627 -0 0.999229073524
    outer loop
      vertex -134.611984253 7.29946406236e-24 1.19209289551e-07
      vertex -134.298141479 0.0123304724693 12.5
      vertex -134.611984253 1.53080844662e-15 25
    endloop
  endfacet
  facet normal 0.0392583608627 0 0.999229073524
    outer loop
      vertex -134.611984253 1.53080844662e-15 25
      vertex -134.298141479 0.0123304724693 12.5
      vertex -134.298141479 0.0123304724693 18.75
    endloop
  endfacet
  facet normal 0.0392583608627 0 0.999229073524
    outer loop
      vertex -134.611984253 1.53080844662e-15 25
      vertex -134.298141479 0.0123304724693 18.75
      vertex -134.298141479 0.0123304724693 25
    endloop
  endfacet
  facet normal 0.11753744632 0 0.99306845665
    outer loop
      vertex -134.298141479 0.0123304724693 25
      vertex -134.298141479 0.0123304724693 18.75
      vertex -133.986236572 0.0492467880249 25
    endloop
  endfacet
  facet normal 0.11753744632 0 0.99306845665
    outer loop
      vertex -133.986236572 0.0492467880249 25
      vertex -134.298141479 0.0123304724693 18.75
      vertex -133.986236572 0.0492467880249 18.75
    endloop
  endfacet
  facet normal 0.19509743154 0 0.980783879757
    outer loop
      vertex -133.986236572 0.0492467880249 25
      vertex -133.986236572 0.0492467880249 18.75
      vertex -133.678207397 0.110519886017 25
    endloop
  endfacet
  facet normal 0.19509743154 0 0.980783879757
    outer loop
      vertex -133.678207397 0.110519886017 25
      vertex -133.986236572 0.0492467880249 18.75
      vertex -133.678207397 0.110519886017 18.75
    endloop
  endfacet
  facet normal 0.271437734365 0 0.96245598793
    outer loop
      vertex -133.678207397 0.110519886017 25
      vertex -133.678207397 0.110519886017 18.75
      vertex -133.375915527 0.195774257183 25
    endloop
  endfacet
  facet normal 0.271437734365 0 0.96245598793
    outer loop
      vertex -133.375915527 0.195774257183 25
      vertex -133.678207397 0.110519886017 18.75
      vertex -133.375915527 0.195774257183 18.75
    endloop
  endfacet
  facet normal 0.346119403839 0 0.938190460205
    outer loop
      vertex -133.375915527 0.195774257183 25
      vertex -133.375915527 0.195774257183 18.75
      vertex -133.081253052 0.304481685162 25
    endloop
  endfacet
  facet normal 0.346119403839 0 0.938190460205
    outer loop
      vertex -133.081253052 0.304481685162 25
      vertex -133.375915527 0.195774257183 18.75
      vertex -133.081253052 0.304481685162 18.75
    endloop
  endfacet
  facet normal 0.418654024601 0 0.908145785332
    outer loop
      vertex -133.081253052 0.304481685162 25
      vertex -133.081253052 0.304481685162 18.75
      vertex -132.796020508 0.435973763466 25
    endloop
  endfacet
  facet normal 0.418654024601 0 0.908145785332
    outer loop
      vertex -132.796020508 0.435973763466 25
      vertex -133.081253052 0.304481685162 18.75
      vertex -132.796020508 0.435973763466 18.75
    endloop
  endfacet
  facet normal 0.488622546196 0 0.872495293617
    outer loop
      vertex -132.796020508 0.435973763466 25
      vertex -132.796020508 0.435973763466 18.75
      vertex -132.521987915 0.58943939209 25
    endloop
  endfacet
  facet normal 0.488622546196 0 0.872495293617
    outer loop
      vertex -132.521987915 0.58943939209 25
      vertex -132.796020508 0.435973763466 18.75
      vertex -132.521987915 0.58943939209 18.75
    endloop
  endfacet
  facet normal 0.555559813976 0 0.831476569176
    outer loop
      vertex -132.521987915 0.58943939209 25
      vertex -132.521987915 0.58943939209 18.75
      vertex -132.26083374 0.763932287693 25
    endloop
  endfacet
  facet normal 0.555559813976 0 0.831476569176
    outer loop
      vertex -132.26083374 0.763932287693 25
      vertex -132.521987915 0.58943939209 18.75
      vertex -132.26083374 0.763932287693 18.75
    endloop
  endfacet
  facet normal 0.61910545826 0 0.785307884216
    outer loop
      vertex -132.26083374 0.763932287693 25
      vertex -132.26083374 0.763932287693 18.75
      vertex -132.014190674 0.958375990391 25
    endloop
  endfacet
  facet normal 0.61910545826 0 0.785307884216
    outer loop
      vertex -132.014190674 0.958375990391 25
      vertex -132.26083374 0.763932287693 18.75
      vertex -132.014190674 0.958375990391 18.75
    endloop
  endfacet
  facet normal 0.678798019886 0 0.734325051308
    outer loop
      vertex -132.014190674 0.958375990391 25
      vertex -132.014190674 0.958375990391 18.75
      vertex -131.783554077 1.17157268524 25
    endloop
  endfacet
  facet normal 0.678798019886 0 0.734325051308
    outer loop
      vertex -131.783554077 1.17157268524 25
      vertex -132.014190674 0.958375990391 18.75
      vertex -131.783554077 1.17157268524 18.75
    endloop
  endfacet
  facet normal 0.734323203564 0 0.678799986839
    outer loop
      vertex -131.783554077 1.17157268524 25
      vertex -131.783554077 1.17157268524 18.75
      vertex -131.570358276 1.40220785141 25
    endloop
  endfacet
  facet normal 0.734323203564 0 0.678799986839
    outer loop
      vertex -131.570358276 1.40220785141 25
      vertex -131.783554077 1.17157268524 18.75
      vertex -131.570358276 1.40220785141 18.75
    endloop
  endfacet
  facet normal 0.78531897068 0 0.619091331959
    outer loop
      vertex -131.570358276 1.40220785141 25
      vertex -131.570358276 1.40220785141 18.75
      vertex -131.375915527 1.64885866642 25
    endloop
  endfacet
  facet normal 0.78531897068 0 0.619091331959
    outer loop
      vertex -131.375915527 1.64885866642 25
      vertex -131.570358276 1.40220785141 18.75
      vertex -131.375915527 1.64885866642 18.75
    endloop
  endfacet
  facet normal 0.831459999084 0 0.555584609509
    outer loop
      vertex -131.375915527 1.64885866642 25
      vertex -131.375915527 1.64885866642 18.75
      vertex -131.201416016 1.91000533104 25
    endloop
  endfacet
  facet normal 0.831459999084 0 0.555584609509
    outer loop
      vertex -131.201416016 1.91000533104 25
      vertex -131.375915527 1.64885866642 18.75
      vertex -131.201416016 1.91000533104 18.75
    endloop
  endfacet
  facet normal 0.872506439686 0 0.488602638245
    outer loop
      vertex -131.201416016 1.91000533104 25
      vertex -131.201416016 1.91000533104 18.75
      vertex -131.047958374 2.18403816223 25
    endloop
  endfacet
  facet normal 0.872506439686 0 0.488602638245
    outer loop
      vertex -131.047958374 2.18403816223 25
      vertex -131.201416016 1.91000533104 18.75
      vertex -131.047958374 2.18403816223 18.75
    endloop
  endfacet
  facet normal 0.908133924007 0 0.41867980361
    outer loop
      vertex -131.047958374 2.18403816223 25
      vertex -131.047958374 2.18403816223 18.75
      vertex -130.91645813 2.46926641464 25
    endloop
  endfacet
  facet normal 0.908133924007 0 0.41867980361
    outer loop
      vertex -130.91645813 2.46926641464 25
      vertex -131.047958374 2.18403816223 18.75
      vertex -130.91645813 2.46926641464 18.75
    endloop
  endfacet
  facet normal 0.938195765018 0 0.346104979515
    outer loop
      vertex -130.91645813 2.46926641464 25
      vertex -130.91645813 2.46926641464 18.75
      vertex -130.807754517 2.76393222809 25
    endloop
  endfacet
  facet normal 0.938195765018 0 0.346104979515
    outer loop
      vertex -130.807754517 2.76393222809 25
      vertex -130.91645813 2.46926641464 18.75
      vertex -130.807754517 2.76393222809 18.75
    endloop
  endfacet
  facet normal 0.96245765686 0 0.271431863308
    outer loop
      vertex -130.807754517 2.76393222809 25
      vertex -130.807754517 2.76393222809 18.75
      vertex -130.722503662 3.06621837616 25
    endloop
  endfacet
  facet normal 0.96245765686 0 0.271431863308
    outer loop
      vertex -130.722503662 3.06621837616 25
      vertex -130.807754517 2.76393222809 18.75
      vertex -130.722503662 3.06621837616 18.75
    endloop
  endfacet
  facet normal 0.980781853199 0 0.195107445121
    outer loop
      vertex -130.722503662 3.06621837616 25
      vertex -130.722503662 3.06621837616 18.75
      vertex -130.661224365 3.37426233292 25
    endloop
  endfacet
  facet normal 0.980781853199 0 0.195107445121
    outer loop
      vertex -130.661224365 3.37426233292 25
      vertex -130.722503662 3.06621837616 18.75
      vertex -130.661224365 3.37426233292 18.75
    endloop
  endfacet
  facet normal 0.993070185184 0 0.117522649467
    outer loop
      vertex -130.661224365 3.37426233292 25
      vertex -130.661224365 3.37426233292 18.75
      vertex -130.624313354 3.6861641407 25
    endloop
  endfacet
  facet normal 0.993070185184 0 0.117522649467
    outer loop
      vertex -130.624313354 3.6861641407 25
      vertex -130.661224365 3.37426233292 18.75
      vertex -130.624313354 3.6861641407 18.75
    endloop
  endfacet
  facet normal 0.999229192734 0 0.0392553210258
    outer loop
      vertex -130.624313354 3.6861641407 25
      vertex -130.624313354 3.6861641407 18.75
      vertex -130.611984253 3.99999976158 25
    endloop
  endfacet
  facet normal 0.999229192734 2.7011451071e-19 0.0392553210258
    outer loop
      vertex -130.611984253 3.99999976158 25
      vertex -130.624313354 3.6861641407 18.75
      vertex -130.624313354 3.6861641407 12.5
    endloop
  endfacet
  facet normal 0.999229192734 0 0.0392553210258
    outer loop
      vertex -130.611984253 3.99999976158 25
      vertex -130.624313354 3.6861641407 12.5
      vertex -130.611984253 3.99999976158 1.19209289551e-07
    endloop
  endfacet
  facet normal 0.999229192734 -2.7011451071e-19 0.0392553210258
    outer loop
      vertex -130.611984253 3.99999976158 1.19209289551e-07
      vertex -130.624313354 3.6861641407 12.5
      vertex -130.624313354 3.6861641407 6.25
    endloop
  endfacet
  facet normal 0.999229192734 4.34228100668e-19 0.0392553210258
    outer loop
      vertex -130.611984253 3.99999976158 1.19209289551e-07
      vertex -130.624313354 3.6861641407 6.25
      vertex -130.624313354 3.6861641407 1.19209289551e-07
    endloop
  endfacet
  facet normal 0.993070185184 -0 0.117522649467
    outer loop
      vertex -130.624313354 3.6861641407 1.19209289551e-07
      vertex -130.624313354 3.6861641407 6.25
      vertex -130.661224365 3.37426233292 1.19209289551e-07
    endloop
  endfacet
  facet normal 0.993070185184 -0 0.117522649467
    outer loop
      vertex -130.661224365 3.37426233292 1.19209289551e-07
      vertex -130.624313354 3.6861641407 6.25
      vertex -130.661224365 3.37426233292 6.25
    endloop
  endfacet
  facet normal 0.980781853199 -0 0.195107445121
    outer loop
      vertex -130.661224365 3.37426233292 1.19209289551e-07
      vertex -130.661224365 3.37426233292 6.25
      vertex -130.722503662 3.06621837616 1.19209289551e-07
    endloop
  endfacet
  facet normal 0.980781853199 -0 0.195107445121
    outer loop
      vertex -130.722503662 3.06621837616 1.19209289551e-07
      vertex -130.661224365 3.37426233292 6.25
      vertex -130.722503662 3.06621837616 6.25
    endloop
  endfacet
  facet normal 0.96245765686 -0 0.271431863308
    outer loop
      vertex -130.722503662 3.06621837616 1.19209289551e-07
      vertex -130.722503662 3.06621837616 6.25
      vertex -130.807754517 2.76393222809 1.19209289551e-07
    endloop
  endfacet
  facet normal 0.96245765686 -0 0.271431863308
    outer loop
      vertex -130.807754517 2.76393222809 1.19209289551e-07
      vertex -130.722503662 3.06621837616 6.25
      vertex -130.807754517 2.76393222809 6.25
    endloop
  endfacet
  facet normal 0.938195765018 -0 0.346104979515
    outer loop
      vertex -130.807754517 2.76393222809 1.19209289551e-07
      vertex -130.807754517 2.76393222809 6.25
      vertex -130.91645813 2.46926641464 1.19209289551e-07
    endloop
  endfacet
  facet normal 0.938195765018 -0 0.346104979515
    outer loop
      vertex -130.91645813 2.46926641464 1.19209289551e-07
      vertex -130.807754517 2.76393222809 6.25
      vertex -130.91645813 2.46926641464 6.25
    endloop
  endfacet
  facet normal 0.908133924007 -0 0.41867980361
    outer loop
      vertex -130.91645813 2.46926641464 1.19209289551e-07
      vertex -130.91645813 2.46926641464 6.25
      vertex -131.047958374 2.18403816223 1.19209289551e-07
    endloop
  endfacet
  facet normal 0.908133924007 -0 0.41867980361
    outer loop
      vertex -131.047958374 2.18403816223 1.19209289551e-07
      vertex -130.91645813 2.46926641464 6.25
      vertex -131.047958374 2.18403816223 6.25
    endloop
  endfacet
  facet normal 0.872506439686 -0 0.488602638245
    outer loop
      vertex -131.047958374 2.18403816223 1.19209289551e-07
      vertex -131.047958374 2.18403816223 6.25
      vertex -131.201416016 1.91000533104 1.19209289551e-07
    endloop
  endfacet
  facet normal 0.872506439686 -0 0.488602638245
    outer loop
      vertex -131.201416016 1.91000533104 1.19209289551e-07
      vertex -131.047958374 2.18403816223 6.25
      vertex -131.201416016 1.91000533104 6.25
    endloop
  endfacet
  facet normal 0.831459999084 -0 0.555584609509
    outer loop
      vertex -131.201416016 1.91000533104 1.19209289551e-07
      vertex -131.201416016 1.91000533104 6.25
      vertex -131.375915527 1.64885866642 1.19209289551e-07
    endloop
  endfacet
  facet normal 0.831459999084 -0 0.555584609509
    outer loop
      vertex -131.375915527 1.64885866642 1.19209289551e-07
      vertex -131.201416016 1.91000533104 6.25
      vertex -131.375915527 1.64885866642 6.25
    endloop
  endfacet
  facet normal 0.78531897068 -0 0.619091331959
    outer loop
      vertex -131.375915527 1.64885866642 1.19209289551e-07
      vertex -131.375915527 1.64885866642 6.25
      vertex -131.570358276 1.40220785141 1.19209289551e-07
    endloop
  endfacet
  facet normal 0.78531897068 -0 0.619091331959
    outer loop
      vertex -131.570358276 1.40220785141 1.19209289551e-07
      vertex -131.375915527 1.64885866642 6.25
      vertex -131.570358276 1.40220785141 6.25
    endloop
  endfacet
  facet normal 0.734323203564 -0 0.678799986839
    outer loop
      vertex -131.570358276 1.40220785141 1.19209289551e-07
      vertex -131.570358276 1.40220785141 6.25
      vertex -131.783554077 1.17157268524 1.19209289551e-07
    endloop
  endfacet
  facet normal 0.734323203564 -0 0.678799986839
    outer loop
      vertex -131.783554077 1.17157268524 1.19209289551e-07
      vertex -131.570358276 1.40220785141 6.25
      vertex -131.783554077 1.17157268524 6.25
    endloop
  endfacet
  facet normal 0.678798019886 -0 0.734325051308
    outer loop
      vertex -131.783554077 1.17157268524 1.19209289551e-07
      vertex -131.783554077 1.17157268524 6.25
      vertex -132.014190674 0.958375990391 1.19209289551e-07
    endloop
  endfacet
  facet normal 0.678798019886 -0 0.734325051308
    outer loop
      vertex -132.014190674 0.958375990391 1.19209289551e-07
      vertex -131.783554077 1.17157268524 6.25
      vertex -132.014190674 0.958375990391 6.25
    endloop
  endfacet
  facet normal 0.61910545826 -0 0.785307884216
    outer loop
      vertex -132.014190674 0.958375990391 1.19209289551e-07
      vertex -132.014190674 0.958375990391 6.25
      vertex -132.26083374 0.763932287693 1.19209289551e-07
    endloop
  endfacet
  facet normal 0.61910545826 -0 0.785307884216
    outer loop
      vertex -132.26083374 0.763932287693 1.19209289551e-07
      vertex -132.014190674 0.958375990391 6.25
      vertex -132.26083374 0.763932287693 6.25
    endloop
  endfacet
  facet normal 0.555559813976 -0 0.831476569176
    outer loop
      vertex -132.26083374 0.763932287693 1.19209289551e-07
      vertex -132.26083374 0.763932287693 6.25
      vertex -132.521987915 0.58943939209 1.19209289551e-07
    endloop
  endfacet
  facet normal 0.555559813976 -0 0.831476569176
    outer loop
      vertex -132.521987915 0.58943939209 1.19209289551e-07
      vertex -132.26083374 0.763932287693 6.25
      vertex -132.521987915 0.58943939209 6.25
    endloop
  endfacet
  facet normal 0.488622546196 -0 0.872495293617
    outer loop
      vertex -132.521987915 0.58943939209 1.19209289551e-07
      vertex -132.521987915 0.58943939209 6.25
      vertex -132.796020508 0.435973763466 1.19209289551e-07
    endloop
  endfacet
  facet normal 0.488622546196 -0 0.872495293617
    outer loop
      vertex -132.796020508 0.435973763466 1.19209289551e-07
      vertex -132.521987915 0.58943939209 6.25
      vertex -132.796020508 0.435973763466 6.25
    endloop
  endfacet
  facet normal 0.418654024601 -0 0.908145785332
    outer loop
      vertex -132.796020508 0.435973763466 1.19209289551e-07
      vertex -132.796020508 0.435973763466 6.25
      vertex -133.081253052 0.304481685162 1.19209289551e-07
    endloop
  endfacet
  facet normal 0.418654024601 -0 0.908145785332
    outer loop
      vertex -133.081253052 0.304481685162 1.19209289551e-07
      vertex -132.796020508 0.435973763466 6.25
      vertex -133.081253052 0.304481685162 6.25
    endloop
  endfacet
  facet normal 0.346119403839 -0 0.938190460205
    outer loop
      vertex -133.081253052 0.304481685162 1.19209289551e-07
      vertex -133.081253052 0.304481685162 6.25
      vertex -133.375915527 0.195774257183 1.19209289551e-07
    endloop
  endfacet
  facet normal 0.346119403839 -0 0.938190460205
    outer loop
      vertex -133.375915527 0.195774257183 1.19209289551e-07
      vertex -133.081253052 0.304481685162 6.25
      vertex -133.375915527 0.195774257183 6.25
    endloop
  endfacet
  facet normal 0.271437734365 -0 0.96245598793
    outer loop
      vertex -133.375915527 0.195774257183 1.19209289551e-07
      vertex -133.375915527 0.195774257183 6.25
      vertex -133.678207397 0.110519886017 1.19209289551e-07
    endloop
  endfacet
  facet normal 0.271437734365 -0 0.96245598793
    outer loop
      vertex -133.678207397 0.110519886017 1.19209289551e-07
      vertex -133.375915527 0.195774257183 6.25
      vertex -133.678207397 0.110519886017 6.25
    endloop
  endfacet
  facet normal 0.19509743154 -0 0.980783879757
    outer loop
      vertex -133.678207397 0.110519886017 1.19209289551e-07
      vertex -133.678207397 0.110519886017 6.25
      vertex -133.986236572 0.0492467880249 1.19209289551e-07
    endloop
  endfacet
  facet normal 0.19509743154 -0 0.980783879757
    outer loop
      vertex -133.986236572 0.0492467880249 1.19209289551e-07
      vertex -133.678207397 0.110519886017 6.25
      vertex -133.986236572 0.0492467880249 6.25
    endloop
  endfacet
  facet normal 0.11753744632 -0 0.99306845665
    outer loop
      vertex -133.986236572 0.0492467880249 1.19209289551e-07
      vertex -133.986236572 0.0492467880249 6.25
      vertex -134.298141479 0.0123304724693 1.19209289551e-07
    endloop
  endfacet
  facet normal 0.11753744632 -0 0.99306845665
    outer loop
      vertex -134.298141479 0.0123304724693 1.19209289551e-07
      vertex -133.986236572 0.0492467880249 6.25
      vertex -134.298141479 0.0123304724693 6.25
    endloop
  endfacet
  facet normal 0.11753744632 -8.68456201336e-19 0.99306845665
    outer loop
      vertex -133.986236572 0.0492467880249 18.75
      vertex -134.298141479 0.0123304724693 18.75
      vertex -134.298141479 0.0123304724693 12.5
    endloop
  endfacet
  facet normal 0.11753744632 0 0.99306845665
    outer loop
      vertex -134.298141479 0.0123304724693 12.5
      vertex -134.298141479 0.0123304724693 6.25
      vertex -133.986236572 0.0492467880249 12.5
    endloop
  endfacet
  facet normal 0.11753744632 0 0.99306845665
    outer loop
      vertex -133.986236572 0.0492467880249 12.5
      vertex -134.298141479 0.0123304724693 6.25
      vertex -133.986236572 0.0492467880249 6.25
    endloop
  endfacet
  facet normal 0.19509743154 0 0.980783879757
    outer loop
      vertex -133.986236572 0.0492467880249 12.5
      vertex -133.986236572 0.0492467880249 6.25
      vertex -133.678207397 0.110519886017 12.5
    endloop
  endfacet
  facet normal 0.19509743154 0 0.980783879757
    outer loop
      vertex -133.678207397 0.110519886017 12.5
      vertex -133.986236572 0.0492467880249 6.25
      vertex -133.678207397 0.110519886017 6.25
    endloop
  endfacet
  facet normal 0.271437734365 0 0.96245598793
    outer loop
      vertex -133.678207397 0.110519886017 12.5
      vertex -133.678207397 0.110519886017 6.25
      vertex -133.375915527 0.195774257183 12.5
    endloop
  endfacet
  facet normal 0.271437734365 0 0.96245598793
    outer loop
      vertex -133.375915527 0.195774257183 12.5
      vertex -133.678207397 0.110519886017 6.25
      vertex -133.375915527 0.195774257183 6.25
    endloop
  endfacet
  facet normal 0.346119403839 0 0.938190460205
    outer loop
      vertex -133.375915527 0.195774257183 12.5
      vertex -133.375915527 0.195774257183 6.25
      vertex -133.081253052 0.304481685162 12.5
    endloop
  endfacet
  facet normal 0.346119403839 0 0.938190460205
    outer loop
      vertex -133.081253052 0.304481685162 12.5
      vertex -133.375915527 0.195774257183 6.25
      vertex -133.081253052 0.304481685162 6.25
    endloop
  endfacet
  facet normal 0.418654024601 0 0.908145785332
    outer loop
      vertex -133.081253052 0.304481685162 12.5
      vertex -133.081253052 0.304481685162 6.25
      vertex -132.796020508 0.435973763466 12.5
    endloop
  endfacet
  facet normal 0.418654024601 0 0.908145785332
    outer loop
      vertex -132.796020508 0.435973763466 12.5
      vertex -133.081253052 0.304481685162 6.25
      vertex -132.796020508 0.435973763466 6.25
    endloop
  endfacet
  facet normal 0.488622546196 0 0.872495293617
    outer loop
      vertex -132.796020508 0.435973763466 12.5
      vertex -132.796020508 0.435973763466 6.25
      vertex -132.521987915 0.58943939209 12.5
    endloop
  endfacet
  facet normal 0.488622546196 0 0.872495293617
    outer loop
      vertex -132.521987915 0.58943939209 12.5
      vertex -132.796020508 0.435973763466 6.25
      vertex -132.521987915 0.58943939209 6.25
    endloop
  endfacet
  facet normal 0.555559813976 0 0.831476569176
    outer loop
      vertex -132.521987915 0.58943939209 12.5
      vertex -132.521987915 0.58943939209 6.25
      vertex -132.26083374 0.763932287693 12.5
    endloop
  endfacet
  facet normal 0.555559813976 0 0.831476569176
    outer loop
      vertex -132.26083374 0.763932287693 12.5
      vertex -132.521987915 0.58943939209 6.25
      vertex -132.26083374 0.763932287693 6.25
    endloop
  endfacet
  facet normal 0.61910545826 0 0.785307884216
    outer loop
      vertex -132.26083374 0.763932287693 12.5
      vertex -132.26083374 0.763932287693 6.25
      vertex -132.014190674 0.958375990391 12.5
    endloop
  endfacet
  facet normal 0.61910545826 0 0.785307884216
    outer loop
      vertex -132.014190674 0.958375990391 12.5
      vertex -132.26083374 0.763932287693 6.25
      vertex -132.014190674 0.958375990391 6.25
    endloop
  endfacet
  facet normal 0.678798019886 0 0.734325051308
    outer loop
      vertex -132.014190674 0.958375990391 12.5
      vertex -132.014190674 0.958375990391 6.25
      vertex -131.783554077 1.17157268524 12.5
    endloop
  endfacet
  facet normal 0.678798019886 0 0.734325051308
    outer loop
      vertex -131.783554077 1.17157268524 12.5
      vertex -132.014190674 0.958375990391 6.25
      vertex -131.783554077 1.17157268524 6.25
    endloop
  endfacet
  facet normal 0.734323203564 0 0.678799986839
    outer loop
      vertex -131.783554077 1.17157268524 12.5
      vertex -131.783554077 1.17157268524 6.25
      vertex -131.570358276 1.40220785141 12.5
    endloop
  endfacet
  facet normal 0.734323203564 0 0.678799986839
    outer loop
      vertex -131.570358276 1.40220785141 12.5
      vertex -131.783554077 1.17157268524 6.25
      vertex -131.570358276 1.40220785141 6.25
    endloop
  endfacet
  facet normal 0.78531897068 0 0.619091331959
    outer loop
      vertex -131.570358276 1.40220785141 12.5
      vertex -131.570358276 1.40220785141 6.25
      vertex -131.375915527 1.64885866642 12.5
    endloop
  endfacet
  facet normal 0.78531897068 0 0.619091331959
    outer loop
      vertex -131.375915527 1.64885866642 12.5
      vertex -131.570358276 1.40220785141 6.25
      vertex -131.375915527 1.64885866642 6.25
    endloop
  endfacet
  facet normal 0.831459999084 0 0.555584609509
    outer loop
      vertex -131.375915527 1.64885866642 12.5
      vertex -131.375915527 1.64885866642 6.25
      vertex -131.201416016 1.91000533104 12.5
    endloop
  endfacet
  facet normal 0.831459999084 0 0.555584609509
    outer loop
      vertex -131.201416016 1.91000533104 12.5
      vertex -131.375915527 1.64885866642 6.25
      vertex -131.201416016 1.91000533104 6.25
    endloop
  endfacet
  facet normal 0.872506439686 0 0.488602638245
    outer loop
      vertex -131.201416016 1.91000533104 12.5
      vertex -131.201416016 1.91000533104 6.25
      vertex -131.047958374 2.18403816223 12.5
    endloop
  endfacet
  facet normal 0.872506439686 0 0.488602638245
    outer loop
      vertex -131.047958374 2.18403816223 12.5
      vertex -131.201416016 1.91000533104 6.25
      vertex -131.047958374 2.18403816223 6.25
    endloop
  endfacet
  facet normal 0.908133924007 0 0.41867980361
    outer loop
      vertex -131.047958374 2.18403816223 12.5
      vertex -131.047958374 2.18403816223 6.25
      vertex -130.91645813 2.46926641464 12.5
    endloop
  endfacet
  facet normal 0.908133924007 0 0.41867980361
    outer loop
      vertex -130.91645813 2.46926641464 12.5
      vertex -131.047958374 2.18403816223 6.25
      vertex -130.91645813 2.46926641464 6.25
    endloop
  endfacet
  facet normal 0.938195765018 0 0.346104979515
    outer loop
      vertex -130.91645813 2.46926641464 12.5
      vertex -130.91645813 2.46926641464 6.25
      vertex -130.807754517 2.76393222809 12.5
    endloop
  endfacet
  facet normal 0.938195765018 0 0.346104979515
    outer loop
      vertex -130.807754517 2.76393222809 12.5
      vertex -130.91645813 2.46926641464 6.25
      vertex -130.807754517 2.76393222809 6.25
    endloop
  endfacet
  facet normal 0.96245765686 0 0.271431863308
    outer loop
      vertex -130.807754517 2.76393222809 12.5
      vertex -130.807754517 2.76393222809 6.25
      vertex -130.722503662 3.06621837616 12.5
    endloop
  endfacet
  facet normal 0.96245765686 0 0.271431863308
    outer loop
      vertex -130.722503662 3.06621837616 12.5
      vertex -130.807754517 2.76393222809 6.25
      vertex -130.722503662 3.06621837616 6.25
    endloop
  endfacet
  facet normal 0.980781853199 0 0.195107445121
    outer loop
      vertex -130.722503662 3.06621837616 12.5
      vertex -130.722503662 3.06621837616 6.25
      vertex -130.661224365 3.37426233292 12.5
    endloop
  endfacet
  facet normal 0.980781853199 0 0.195107445121
    outer loop
      vertex -130.661224365 3.37426233292 12.5
      vertex -130.722503662 3.06621837616 6.25
      vertex -130.661224365 3.37426233292 6.25
    endloop
  endfacet
  facet normal 0.993070185184 0 0.117522649467
    outer loop
      vertex -130.661224365 3.37426233292 12.5
      vertex -130.661224365 3.37426233292 6.25
      vertex -130.624313354 3.6861641407 12.5
    endloop
  endfacet
  facet normal 0.993070185184 0 0.117522649467
    outer loop
      vertex -130.624313354 3.6861641407 12.5
      vertex -130.661224365 3.37426233292 6.25
      vertex -130.624313354 3.6861641407 6.25
    endloop
  endfacet
  facet normal 0.19509743154 0 0.980783879757
    outer loop
      vertex -133.678207397 0.110519886017 18.75
      vertex -133.986236572 0.0492467880249 18.75
      vertex -133.986236572 0.0492467880249 12.5
    endloop
  endfacet
  facet normal 0.11753744632 -0 0.99306845665
    outer loop
      vertex -133.986236572 0.0492467880249 12.5
      vertex -133.986236572 0.0492467880249 18.75
      vertex -134.298141479 0.0123304724693 12.5
    endloop
  endfacet
  facet normal 0.19509743154 0 0.980783879757
    outer loop
      vertex -133.678207397 0.110519886017 18.75
      vertex -133.986236572 0.0492467880249 12.5
      vertex -133.678207397 0.110519886017 12.5
    endloop
  endfacet
  facet normal 0.271437734365 1.73691260947e-18 0.96245598793
    outer loop
      vertex -133.375915527 0.195774257183 18.75
      vertex -133.678207397 0.110519886017 18.75
      vertex -133.678207397 0.110519886017 12.5
    endloop
  endfacet
  facet normal 0.271437734365 0 0.96245598793
    outer loop
      vertex -133.375915527 0.195774257183 18.75
      vertex -133.678207397 0.110519886017 12.5
      vertex -133.375915527 0.195774257183 12.5
    endloop
  endfacet
  facet normal 0.346119403839 -3.47382480535e-18 0.938190460205
    outer loop
      vertex -133.081253052 0.304481685162 18.75
      vertex -133.375915527 0.195774257183 18.75
      vertex -133.375915527 0.195774257183 12.5
    endloop
  endfacet
  facet normal 0.346119403839 0 0.938190460205
    outer loop
      vertex -133.081253052 0.304481685162 18.75
      vertex -133.375915527 0.195774257183 12.5
      vertex -133.081253052 0.304481685162 12.5
    endloop
  endfacet
  facet normal 0.418654024601 0 0.908145785332
    outer loop
      vertex -132.796020508 0.435973763466 18.75
      vertex -133.081253052 0.304481685162 18.75
      vertex -133.081253052 0.304481685162 12.5
    endloop
  endfacet
  facet normal 0.418654024601 0 0.908145785332
    outer loop
      vertex -132.796020508 0.435973763466 18.75
      vertex -133.081253052 0.304481685162 12.5
      vertex -132.796020508 0.435973763466 12.5
    endloop
  endfacet
  facet normal 0.488622546196 0 0.872495293617
    outer loop
      vertex -132.521987915 0.58943939209 18.75
      vertex -132.796020508 0.435973763466 18.75
      vertex -132.796020508 0.435973763466 12.5
    endloop
  endfacet
  facet normal 0.488622546196 0 0.872495293617
    outer loop
      vertex -132.521987915 0.58943939209 18.75
      vertex -132.796020508 0.435973763466 12.5
      vertex -132.521987915 0.58943939209 12.5
    endloop
  endfacet
  facet normal 0.555559813976 -3.47382521894e-18 0.831476569176
    outer loop
      vertex -132.26083374 0.763932287693 18.75
      vertex -132.521987915 0.58943939209 18.75
      vertex -132.521987915 0.58943939209 12.5
    endloop
  endfacet
  facet normal 0.555559813976 0 0.831476569176
    outer loop
      vertex -132.26083374 0.763932287693 18.75
      vertex -132.521987915 0.58943939209 12.5
      vertex -132.26083374 0.763932287693 12.5
    endloop
  endfacet
  facet normal 0.61910545826 -3.47382480535e-18 0.785307884216
    outer loop
      vertex -132.014190674 0.958375990391 18.75
      vertex -132.26083374 0.763932287693 18.75
      vertex -132.26083374 0.763932287693 12.5
    endloop
  endfacet
  facet normal 0.61910545826 0 0.785307884216
    outer loop
      vertex -132.014190674 0.958375990391 18.75
      vertex -132.26083374 0.763932287693 12.5
      vertex -132.014190674 0.958375990391 12.5
    endloop
  endfacet
  facet normal 0.678798019886 3.47382480535e-18 0.734325051308
    outer loop
      vertex -131.783554077 1.17157268524 18.75
      vertex -132.014190674 0.958375990391 18.75
      vertex -132.014190674 0.958375990391 12.5
    endloop
  endfacet
  facet normal 0.678798019886 0 0.734325051308
    outer loop
      vertex -131.783554077 1.17157268524 18.75
      vertex -132.014190674 0.958375990391 12.5
      vertex -131.783554077 1.17157268524 12.5
    endloop
  endfacet
  facet normal 0.734323203564 0 0.678799986839
    outer loop
      vertex -131.570358276 1.40220785141 18.75
      vertex -131.783554077 1.17157268524 18.75
      vertex -131.783554077 1.17157268524 12.5
    endloop
  endfacet
  facet normal 0.734323203564 0 0.678799986839
    outer loop
      vertex -131.570358276 1.40220785141 18.75
      vertex -131.783554077 1.17157268524 12.5
      vertex -131.570358276 1.40220785141 12.5
    endloop
  endfacet
  facet normal 0.78531897068 0 0.619091331959
    outer loop
      vertex -131.375915527 1.64885866642 18.75
      vertex -131.570358276 1.40220785141 18.75
      vertex -131.570358276 1.40220785141 12.5
    endloop
  endfacet
  facet normal 0.78531897068 0 0.619091331959
    outer loop
      vertex -131.375915527 1.64885866642 18.75
      vertex -131.570358276 1.40220785141 12.5
      vertex -131.375915527 1.64885866642 12.5
    endloop
  endfacet
  facet normal 0.831459999084 -3.47382521894e-18 0.555584609509
    outer loop
      vertex -131.201416016 1.91000533104 18.75
      vertex -131.375915527 1.64885866642 18.75
      vertex -131.375915527 1.64885866642 12.5
    endloop
  endfacet
  facet normal 0.831459999084 0 0.555584609509
    outer loop
      vertex -131.201416016 1.91000533104 18.75
      vertex -131.375915527 1.64885866642 12.5
      vertex -131.201416016 1.91000533104 12.5
    endloop
  endfacet
  facet normal 0.872506439686 0 0.488602638245
    outer loop
      vertex -131.047958374 2.18403816223 18.75
      vertex -131.201416016 1.91000533104 18.75
      vertex -131.201416016 1.91000533104 12.5
    endloop
  endfacet
  facet normal 0.872506439686 0 0.488602638245
    outer loop
      vertex -131.047958374 2.18403816223 18.75
      vertex -131.201416016 1.91000533104 12.5
      vertex -131.047958374 2.18403816223 12.5
    endloop
  endfacet
  facet normal 0.908133924007 -3.47382480535e-18 0.41867980361
    outer loop
      vertex -130.91645813 2.46926641464 18.75
      vertex -131.047958374 2.18403816223 18.75
      vertex -131.047958374 2.18403816223 12.5
    endloop
  endfacet
  facet normal 0.908133924007 0 0.41867980361
    outer loop
      vertex -130.91645813 2.46926641464 18.75
      vertex -131.047958374 2.18403816223 12.5
      vertex -130.91645813 2.46926641464 12.5
    endloop
  endfacet
  facet normal 0.938195765018 0 0.346104979515
    outer loop
      vertex -130.807754517 2.76393222809 18.75
      vertex -130.91645813 2.46926641464 18.75
      vertex -130.91645813 2.46926641464 12.5
    endloop
  endfacet
  facet normal 0.938195765018 0 0.346104979515
    outer loop
      vertex -130.807754517 2.76393222809 18.75
      vertex -130.91645813 2.46926641464 12.5
      vertex -130.807754517 2.76393222809 12.5
    endloop
  endfacet
  facet normal 0.96245765686 0 0.271431863308
    outer loop
      vertex -130.722503662 3.06621837616 18.75
      vertex -130.807754517 2.76393222809 18.75
      vertex -130.807754517 2.76393222809 12.5
    endloop
  endfacet
  facet normal 0.96245765686 0 0.271431863308
    outer loop
      vertex -130.722503662 3.06621837616 18.75
      vertex -130.807754517 2.76393222809 12.5
      vertex -130.722503662 3.06621837616 12.5
    endloop
  endfacet
  facet normal 0.980781853199 -1.73691240267e-18 0.195107445121
    outer loop
      vertex -130.661224365 3.37426233292 18.75
      vertex -130.722503662 3.06621837616 18.75
      vertex -130.722503662 3.06621837616 12.5
    endloop
  endfacet
  facet normal 0.980781853199 0 0.195107445121
    outer loop
      vertex -130.661224365 3.37426233292 18.75
      vertex -130.722503662 3.06621837616 12.5
      vertex -130.661224365 3.37426233292 12.5
    endloop
  endfacet
  facet normal 0.993070185184 8.68456201336e-19 0.117522649467
    outer loop
      vertex -130.624313354 3.6861641407 18.75
      vertex -130.661224365 3.37426233292 18.75
      vertex -130.661224365 3.37426233292 12.5
    endloop
  endfacet
  facet normal 0.993070185184 0 0.117522649467
    outer loop
      vertex -130.624313354 3.6861641407 18.75
      vertex -130.661224365 3.37426233292 12.5
      vertex -130.624313354 3.6861641407 12.5
    endloop
  endfacet
  facet normal 0 0 1
    outer loop
      vertex -168.611984253 7.29946406236e-24 1.19209289551e-07
      vertex -134.611984253 7.29946406236e-24 1.19209289551e-07
      vertex -168.611984253 1.53080844662e-15 25
    endloop
  endfacet
  facet normal -0 0 1
    outer loop
      vertex -168.611984253 1.53080844662e-15 25
      vertex -134.611984253 7.29946406236e-24 1.19209289551e-07
      vertex -134.611984253 1.53080844662e-15 25
    endloop
  endfacet
  facet normal -0.999229192734 0 0.0392553210258
    outer loop
      vertex -172.599655151 3.6861641407 1.19209289551e-07
      vertex -172.599655151 3.6861641407 6.25
      vertex -172.611984253 3.99999976158 1.19209289551e-07
    endloop
  endfacet
  facet normal -0.999229192734 -2.7011451071e-19 0.0392553210258
    outer loop
      vertex -172.611984253 3.99999976158 1.19209289551e-07
      vertex -172.599655151 3.6861641407 6.25
      vertex -172.599655151 3.6861641407 12.5
    endloop
  endfacet
  facet normal -0.999229192734 0 0.0392553210258
    outer loop
      vertex -172.611984253 3.99999976158 1.19209289551e-07
      vertex -172.599655151 3.6861641407 12.5
      vertex -172.611984253 3.99999976158 25
    endloop
  endfacet
  facet normal -0.999229192734 2.7011451071e-19 0.0392553210258
    outer loop
      vertex -172.611984253 3.99999976158 25
      vertex -172.599655151 3.6861641407 12.5
      vertex -172.599655151 3.6861641407 18.75
    endloop
  endfacet
  facet normal -0.999229192734 -4.34228100668e-19 0.0392553210258
    outer loop
      vertex -172.611984253 3.99999976158 25
      vertex -172.599655151 3.6861641407 18.75
      vertex -172.599655151 3.6861641407 25
    endloop
  endfacet
  facet normal -0.993064641953 0 0.117569819093
    outer loop
      vertex -172.599655151 3.6861641407 25
      vertex -172.599655151 3.6861641407 18.75
      vertex -172.562728882 3.37426233292 25
    endloop
  endfacet
  facet normal -0.993064641953 0 0.117569819093
    outer loop
      vertex -172.562728882 3.37426233292 25
      vertex -172.599655151 3.6861641407 18.75
      vertex -172.562728882 3.37426233292 18.75
    endloop
  endfacet
  facet normal -0.980791032314 0 0.195061445236
    outer loop
      vertex -172.562728882 3.37426233292 25
      vertex -172.562728882 3.37426233292 18.75
      vertex -172.501464844 3.06621837616 25
    endloop
  endfacet
  facet normal -0.980791032314 0 0.195061445236
    outer loop
      vertex -172.501464844 3.06621837616 25
      vertex -172.562728882 3.37426233292 18.75
      vertex -172.501464844 3.06621837616 18.75
    endloop
  endfacet
  facet normal -0.96245765686 0 0.271431863308
    outer loop
      vertex -172.501464844 3.06621837616 25
      vertex -172.501464844 3.06621837616 18.75
      vertex -172.416213989 2.76393222809 25
    endloop
  endfacet
  facet normal -0.96245765686 0 0.271431863308
    outer loop
      vertex -172.416213989 2.76393222809 25
      vertex -172.501464844 3.06621837616 18.75
      vertex -172.416213989 2.76393222809 18.75
    endloop
  endfacet
  facet normal -0.938180267811 0 0.346147090197
    outer loop
      vertex -172.416213989 2.76393222809 25
      vertex -172.416213989 2.76393222809 18.75
      vertex -172.307495117 2.46926641464 25
    endloop
  endfacet
  facet normal -0.938180267811 0 0.346147090197
    outer loop
      vertex -172.307495117 2.46926641464 25
      vertex -172.416213989 2.76393222809 18.75
      vertex -172.307495117 2.46926641464 18.75
    endloop
  endfacet
  facet normal -0.908152103424 0 0.418640375137
    outer loop
      vertex -172.307495117 2.46926641464 25
      vertex -172.307495117 2.46926641464 18.75
      vertex -172.176010132 2.18403816223 25
    endloop
  endfacet
  facet normal -0.908152103424 0 0.418640375137
    outer loop
      vertex -172.176010132 2.18403816223 25
      vertex -172.307495117 2.46926641464 18.75
      vertex -172.176010132 2.18403816223 18.75
    endloop
  endfacet
  facet normal -0.872486054897 0 0.488639056683
    outer loop
      vertex -172.176010132 2.18403816223 25
      vertex -172.176010132 2.18403816223 18.75
      vertex -172.022537231 1.91000533104 25
    endloop
  endfacet
  facet normal -0.872486054897 0 0.488639056683
    outer loop
      vertex -172.022537231 1.91000533104 25
      vertex -172.176010132 2.18403816223 18.75
      vertex -172.022537231 1.91000533104 18.75
    endloop
  endfacet
  facet normal -0.831482112408 0 0.555551528931
    outer loop
      vertex -172.022537231 1.91000533104 25
      vertex -172.022537231 1.91000533104 18.75
      vertex -171.848052979 1.64885866642 25
    endloop
  endfacet
  facet normal -0.831482112408 0 0.555551528931
    outer loop
      vertex -171.848052979 1.64885866642 25
      vertex -172.022537231 1.91000533104 18.75
      vertex -171.848052979 1.64885866642 18.75
    endloop
  endfacet
  facet normal -0.78531897068 0 0.619091331959
    outer loop
      vertex -171.848052979 1.64885866642 25
      vertex -171.848052979 1.64885866642 18.75
      vertex -171.653610229 1.40220785141 25
    endloop
  endfacet
  facet normal -0.78531897068 0 0.619091331959
    outer loop
      vertex -171.653610229 1.40220785141 25
      vertex -171.848052979 1.64885866642 18.75
      vertex -171.653610229 1.40220785141 18.75
    endloop
  endfacet
  facet normal -0.734323203564 0 0.678799986839
    outer loop
      vertex -171.653610229 1.40220785141 25
      vertex -171.653610229 1.40220785141 18.75
      vertex -171.440414429 1.17157268524 25
    endloop
  endfacet
  facet normal -0.734323203564 0 0.678799986839
    outer loop
      vertex -171.440414429 1.17157268524 25
      vertex -171.653610229 1.40220785141 18.75
      vertex -171.440414429 1.17157268524 18.75
    endloop
  endfacet
  facet normal -0.678798019886 0 0.734325051308
    outer loop
      vertex -171.440414429 1.17157268524 25
      vertex -171.440414429 1.17157268524 18.75
      vertex -171.209777832 0.958375990391 25
    endloop
  endfacet
  facet normal -0.678798019886 0 0.734325051308
    outer loop
      vertex -171.209777832 0.958375990391 25
      vertex -171.440414429 1.17157268524 18.75
      vertex -171.209777832 0.958375990391 18.75
    endloop
  endfacet
  facet normal -0.619082152843 0 0.785326182842
    outer loop
      vertex -171.209777832 0.958375990391 25
      vertex -171.209777832 0.958375990391 18.75
      vertex -170.963119507 0.763932287693 25
    endloop
  endfacet
  facet normal -0.619082152843 0 0.785326182842
    outer loop
      vertex -170.963119507 0.763932287693 25
      vertex -171.209777832 0.958375990391 18.75
      vertex -170.963119507 0.763932287693 18.75
    endloop
  endfacet
  facet normal -0.555581867695 0 0.831461846828
    outer loop
      vertex -170.963119507 0.763932287693 25
      vertex -170.963119507 0.763932287693 18.75
      vertex -170.701980591 0.58943939209 25
    endloop
  endfacet
  facet normal -0.555581867695 0 0.831461846828
    outer loop
      vertex -170.701980591 0.58943939209 25
      vertex -170.963119507 0.763932287693 18.75
      vertex -170.701980591 0.58943939209 18.75
    endloop
  endfacet
  facet normal -0.488622546196 0 0.872495293617
    outer loop
      vertex -170.701980591 0.58943939209 25
      vertex -170.701980591 0.58943939209 18.75
      vertex -170.427947998 0.435973763466 25
    endloop
  endfacet
  facet normal -0.488622546196 0 0.872495293617
    outer loop
      vertex -170.427947998 0.435973763466 25
      vertex -170.701980591 0.58943939209 18.75
      vertex -170.427947998 0.435973763466 18.75
    endloop
  endfacet
  facet normal -0.418654024601 0 0.908145785332
    outer loop
      vertex -170.427947998 0.435973763466 25
      vertex -170.427947998 0.435973763466 18.75
      vertex -170.142715454 0.304481685162 25
    endloop
  endfacet
  facet normal -0.418654024601 0 0.908145785332
    outer loop
      vertex -170.142715454 0.304481685162 25
      vertex -170.427947998 0.435973763466 18.75
      vertex -170.142715454 0.304481685162 18.75
    endloop
  endfacet
  facet normal -0.346119403839 0 0.938190460205
    outer loop
      vertex -170.142715454 0.304481685162 25
      vertex -170.142715454 0.304481685162 18.75
      vertex -169.848052979 0.195774257183 25
    endloop
  endfacet
  facet normal -0.346119403839 0 0.938190460205
    outer loop
      vertex -169.848052979 0.195774257183 25
      vertex -170.142715454 0.304481685162 18.75
      vertex -169.848052979 0.195774257183 18.75
    endloop
  endfacet
  facet normal -0.271437734365 0 0.96245598793
    outer loop
      vertex -169.848052979 0.195774257183 25
      vertex -169.848052979 0.195774257183 18.75
      vertex -169.545761108 0.110519886017 25
    endloop
  endfacet
  facet normal -0.271437734365 0 0.96245598793
    outer loop
      vertex -169.545761108 0.110519886017 25
      vertex -169.848052979 0.195774257183 18.75
      vertex -169.545761108 0.110519886017 18.75
    endloop
  endfacet
  facet normal -0.195088282228 0 0.980785667896
    outer loop
      vertex -169.545761108 0.110519886017 25
      vertex -169.545761108 0.110519886017 18.75
      vertex -169.237716675 0.0492467880249 25
    endloop
  endfacet
  facet normal -0.195088282228 0 0.980785667896
    outer loop
      vertex -169.237716675 0.0492467880249 25
      vertex -169.545761108 0.110519886017 18.75
      vertex -169.237716675 0.0492467880249 18.75
    endloop
  endfacet
  facet normal -0.117536976933 0 0.993068516254
    outer loop
      vertex -169.237716675 0.0492467880249 25
      vertex -169.237716675 0.0492467880249 18.75
      vertex -168.925811768 0.0123304724693 25
    endloop
  endfacet
  facet normal -0.117536976933 0 0.993068516254
    outer loop
      vertex -168.925811768 0.0123304724693 25
      vertex -169.237716675 0.0492467880249 18.75
      vertex -168.925811768 0.0123304724693 18.75
    endloop
  endfacet
  facet normal -0.0392603948712 0 0.99922901392
    outer loop
      vertex -168.925811768 0.0123304724693 25
      vertex -168.925811768 0.0123304724693 18.75
      vertex -168.611984253 1.53080844662e-15 25
    endloop
  endfacet
  facet normal -0.0392603948712 0 0.99922901392
    outer loop
      vertex -168.611984253 1.53080844662e-15 25
      vertex -168.925811768 0.0123304724693 18.75
      vertex -168.925811768 0.0123304724693 12.5
    endloop
  endfacet
  facet normal -0.0392603948712 0 0.99922901392
    outer loop
      vertex -168.611984253 1.53080844662e-15 25
      vertex -168.925811768 0.0123304724693 12.5
      vertex -168.611984253 7.29946406236e-24 1.19209289551e-07
    endloop
  endfacet
  facet normal -0.0392603948712 0 0.99922901392
    outer loop
      vertex -168.611984253 7.29946406236e-24 1.19209289551e-07
      vertex -168.925811768 0.0123304724693 12.5
      vertex -168.925811768 0.0123304724693 6.25
    endloop
  endfacet
  facet normal -0.0392603948712 0 0.99922901392
    outer loop
      vertex -168.611984253 7.29946406236e-24 1.19209289551e-07
      vertex -168.925811768 0.0123304724693 6.25
      vertex -168.925811768 0.0123304724693 1.19209289551e-07
    endloop
  endfacet
  facet normal -0.117536976933 0 0.993068516254
    outer loop
      vertex -168.925811768 0.0123304724693 1.19209289551e-07
      vertex -168.925811768 0.0123304724693 6.25
      vertex -169.237716675 0.0492467880249 1.19209289551e-07
    endloop
  endfacet
  facet normal -0.117536976933 0 0.993068516254
    outer loop
      vertex -169.237716675 0.0492467880249 1.19209289551e-07
      vertex -168.925811768 0.0123304724693 6.25
      vertex -169.237716675 0.0492467880249 6.25
    endloop
  endfacet
  facet normal -0.195088282228 0 0.980785667896
    outer loop
      vertex -169.237716675 0.0492467880249 1.19209289551e-07
      vertex -169.237716675 0.0492467880249 6.25
      vertex -169.545761108 0.110519886017 1.19209289551e-07
    endloop
  endfacet
  facet normal -0.195088282228 0 0.980785667896
    outer loop
      vertex -169.545761108 0.110519886017 1.19209289551e-07
      vertex -169.237716675 0.0492467880249 6.25
      vertex -169.545761108 0.110519886017 6.25
    endloop
  endfacet
  facet normal -0.271437734365 0 0.96245598793
    outer loop
      vertex -169.545761108 0.110519886017 1.19209289551e-07
      vertex -169.545761108 0.110519886017 6.25
      vertex -169.848052979 0.195774257183 1.19209289551e-07
    endloop
  endfacet
  facet normal -0.271437734365 0 0.96245598793
    outer loop
      vertex -169.848052979 0.195774257183 1.19209289551e-07
      vertex -169.545761108 0.110519886017 6.25
      vertex -169.848052979 0.195774257183 6.25
    endloop
  endfacet
  facet normal -0.346119403839 0 0.938190460205
    outer loop
      vertex -169.848052979 0.195774257183 1.19209289551e-07
      vertex -169.848052979 0.195774257183 6.25
      vertex -170.142715454 0.304481685162 1.19209289551e-07
    endloop
  endfacet
  facet normal -0.346119403839 0 0.938190460205
    outer loop
      vertex -170.142715454 0.304481685162 1.19209289551e-07
      vertex -169.848052979 0.195774257183 6.25
      vertex -170.142715454 0.304481685162 6.25
    endloop
  endfacet
  facet normal -0.418654024601 0 0.908145785332
    outer loop
      vertex -170.142715454 0.304481685162 1.19209289551e-07
      vertex -170.142715454 0.304481685162 6.25
      vertex -170.427947998 0.435973763466 1.19209289551e-07
    endloop
  endfacet
  facet normal -0.418654024601 0 0.908145785332
    outer loop
      vertex -170.427947998 0.435973763466 1.19209289551e-07
      vertex -170.142715454 0.304481685162 6.25
      vertex -170.427947998 0.435973763466 6.25
    endloop
  endfacet
  facet normal -0.488622546196 0 0.872495293617
    outer loop
      vertex -170.427947998 0.435973763466 1.19209289551e-07
      vertex -170.427947998 0.435973763466 6.25
      vertex -170.701980591 0.58943939209 1.19209289551e-07
    endloop
  endfacet
  facet normal -0.488622546196 0 0.872495293617
    outer loop
      vertex -170.701980591 0.58943939209 1.19209289551e-07
      vertex -170.427947998 0.435973763466 6.25
      vertex -170.701980591 0.58943939209 6.25
    endloop
  endfacet
  facet normal -0.555581867695 0 0.831461846828
    outer loop
      vertex -170.701980591 0.58943939209 1.19209289551e-07
      vertex -170.701980591 0.58943939209 6.25
      vertex -170.963119507 0.763932287693 1.19209289551e-07
    endloop
  endfacet
  facet normal -0.555581867695 0 0.831461846828
    outer loop
      vertex -170.963119507 0.763932287693 1.19209289551e-07
      vertex -170.701980591 0.58943939209 6.25
      vertex -170.963119507 0.763932287693 6.25
    endloop
  endfacet
  facet normal -0.619082152843 0 0.785326182842
    outer loop
      vertex -170.963119507 0.763932287693 1.19209289551e-07
      vertex -170.963119507 0.763932287693 6.25
      vertex -171.209777832 0.958375990391 1.19209289551e-07
    endloop
  endfacet
  facet normal -0.619082152843 0 0.785326182842
    outer loop
      vertex -171.209777832 0.958375990391 1.19209289551e-07
      vertex -170.963119507 0.763932287693 6.25
      vertex -171.209777832 0.958375990391 6.25
    endloop
  endfacet
  facet normal -0.678798019886 0 0.734325051308
    outer loop
      vertex -171.209777832 0.958375990391 1.19209289551e-07
      vertex -171.209777832 0.958375990391 6.25
      vertex -171.440414429 1.17157268524 1.19209289551e-07
    endloop
  endfacet
  facet normal -0.678798019886 0 0.734325051308
    outer loop
      vertex -171.440414429 1.17157268524 1.19209289551e-07
      vertex -171.209777832 0.958375990391 6.25
      vertex -171.440414429 1.17157268524 6.25
    endloop
  endfacet
  facet normal -0.734323203564 0 0.678799986839
    outer loop
      vertex -171.440414429 1.17157268524 1.19209289551e-07
      vertex -171.440414429 1.17157268524 6.25
      vertex -171.653610229 1.40220785141 1.19209289551e-07
    endloop
  endfacet
  facet normal -0.734323203564 0 0.678799986839
    outer loop
      vertex -171.653610229 1.40220785141 1.19209289551e-07
      vertex -171.440414429 1.17157268524 6.25
      vertex -171.653610229 1.40220785141 6.25
    endloop
  endfacet
  facet normal -0.78531897068 0 0.619091331959
    outer loop
      vertex -171.653610229 1.40220785141 1.19209289551e-07
      vertex -171.653610229 1.40220785141 6.25
      vertex -171.848052979 1.64885866642 1.19209289551e-07
    endloop
  endfacet
  facet normal -0.78531897068 0 0.619091331959
    outer loop
      vertex -171.848052979 1.64885866642 1.19209289551e-07
      vertex -171.653610229 1.40220785141 6.25
      vertex -171.848052979 1.64885866642 6.25
    endloop
  endfacet
  facet normal -0.831482112408 0 0.555551528931
    outer loop
      vertex -171.848052979 1.64885866642 1.19209289551e-07
      vertex -171.848052979 1.64885866642 6.25
      vertex -172.022537231 1.91000533104 1.19209289551e-07
    endloop
  endfacet
  facet normal -0.831482112408 0 0.555551528931
    outer loop
      vertex -172.022537231 1.91000533104 1.19209289551e-07
      vertex -171.848052979 1.64885866642 6.25
      vertex -172.022537231 1.91000533104 6.25
    endloop
  endfacet
  facet normal -0.872486054897 0 0.488639056683
    outer loop
      vertex -172.022537231 1.91000533104 1.19209289551e-07
      vertex -172.022537231 1.91000533104 6.25
      vertex -172.176010132 2.18403816223 1.19209289551e-07
    endloop
  endfacet
  facet normal -0.872486054897 0 0.488639056683
    outer loop
      vertex -172.176010132 2.18403816223 1.19209289551e-07
      vertex -172.022537231 1.91000533104 6.25
      vertex -172.176010132 2.18403816223 6.25
    endloop
  endfacet
  facet normal -0.908152103424 0 0.418640375137
    outer loop
      vertex -172.176010132 2.18403816223 1.19209289551e-07
      vertex -172.176010132 2.18403816223 6.25
      vertex -172.307495117 2.46926641464 1.19209289551e-07
    endloop
  endfacet
  facet normal -0.908152103424 0 0.418640375137
    outer loop
      vertex -172.307495117 2.46926641464 1.19209289551e-07
      vertex -172.176010132 2.18403816223 6.25
      vertex -172.307495117 2.46926641464 6.25
    endloop
  endfacet
  facet normal -0.938180267811 0 0.346147090197
    outer loop
      vertex -172.307495117 2.46926641464 1.19209289551e-07
      vertex -172.307495117 2.46926641464 6.25
      vertex -172.416213989 2.76393222809 1.19209289551e-07
    endloop
  endfacet
  facet normal -0.938180267811 0 0.346147090197
    outer loop
      vertex -172.416213989 2.76393222809 1.19209289551e-07
      vertex -172.307495117 2.46926641464 6.25
      vertex -172.416213989 2.76393222809 6.25
    endloop
  endfacet
  facet normal -0.96245765686 0 0.271431863308
    outer loop
      vertex -172.416213989 2.76393222809 1.19209289551e-07
      vertex -172.416213989 2.76393222809 6.25
      vertex -172.501464844 3.06621837616 1.19209289551e-07
    endloop
  endfacet
  facet normal -0.96245765686 0 0.271431863308
    outer loop
      vertex -172.501464844 3.06621837616 1.19209289551e-07
      vertex -172.416213989 2.76393222809 6.25
      vertex -172.501464844 3.06621837616 6.25
    endloop
  endfacet
  facet normal -0.980791032314 0 0.195061445236
    outer loop
      vertex -172.501464844 3.06621837616 1.19209289551e-07
      vertex -172.501464844 3.06621837616 6.25
      vertex -172.562728882 3.37426233292 1.19209289551e-07
    endloop
  endfacet
  facet normal -0.980791032314 0 0.195061445236
    outer loop
      vertex -172.562728882 3.37426233292 1.19209289551e-07
      vertex -172.501464844 3.06621837616 6.25
      vertex -172.562728882 3.37426233292 6.25
    endloop
  endfacet
  facet normal -0.993064641953 0 0.117569819093
    outer loop
      vertex -172.562728882 3.37426233292 1.19209289551e-07
      vertex -172.562728882 3.37426233292 6.25
      vertex -172.599655151 3.6861641407 1.19209289551e-07
    endloop
  endfacet
  facet normal -0.993064641953 0 0.117569819093
    outer loop
      vertex -172.599655151 3.6861641407 1.19209289551e-07
      vertex -172.562728882 3.37426233292 6.25
      vertex -172.599655151 3.6861641407 6.25
    endloop
  endfacet
  facet normal -0.993064641953 0 0.117569819093
    outer loop
      vertex -172.562728882 3.37426233292 18.75
      vertex -172.599655151 3.6861641407 18.75
      vertex -172.599655151 3.6861641407 12.5
    endloop
  endfacet
  facet normal -0.993064641953 0 0.117569819093
    outer loop
      vertex -172.599655151 3.6861641407 12.5
      vertex -172.599655151 3.6861641407 6.25
      vertex -172.562728882 3.37426233292 12.5
    endloop
  endfacet
  facet normal -0.993064641953 0 0.117569819093
    outer loop
      vertex -172.562728882 3.37426233292 12.5
      vertex -172.599655151 3.6861641407 6.25
      vertex -172.562728882 3.37426233292 6.25
    endloop
  endfacet
  facet normal -0.980791032314 0 0.195061445236
    outer loop
      vertex -172.562728882 3.37426233292 12.5
      vertex -172.562728882 3.37426233292 6.25
      vertex -172.501464844 3.06621837616 12.5
    endloop
  endfacet
  facet normal -0.980791032314 0 0.195061445236
    outer loop
      vertex -172.501464844 3.06621837616 12.5
      vertex -172.562728882 3.37426233292 6.25
      vertex -172.501464844 3.06621837616 6.25
    endloop
  endfacet
  facet normal -0.96245765686 0 0.271431863308
    outer loop
      vertex -172.501464844 3.06621837616 12.5
      vertex -172.501464844 3.06621837616 6.25
      vertex -172.416213989 2.76393222809 12.5
    endloop
  endfacet
  facet normal -0.96245765686 0 0.271431863308
    outer loop
      vertex -172.416213989 2.76393222809 12.5
      vertex -172.501464844 3.06621837616 6.25
      vertex -172.416213989 2.76393222809 6.25
    endloop
  endfacet
  facet normal -0.938180267811 0 0.346147090197
    outer loop
      vertex -172.416213989 2.76393222809 12.5
      vertex -172.416213989 2.76393222809 6.25
      vertex -172.307495117 2.46926641464 12.5
    endloop
  endfacet
  facet normal -0.938180267811 0 0.346147090197
    outer loop
      vertex -172.307495117 2.46926641464 12.5
      vertex -172.416213989 2.76393222809 6.25
      vertex -172.307495117 2.46926641464 6.25
    endloop
  endfacet
  facet normal -0.908152103424 0 0.418640375137
    outer loop
      vertex -172.307495117 2.46926641464 12.5
      vertex -172.307495117 2.46926641464 6.25
      vertex -172.176010132 2.18403816223 12.5
    endloop
  endfacet
  facet normal -0.908152103424 0 0.418640375137
    outer loop
      vertex -172.176010132 2.18403816223 12.5
      vertex -172.307495117 2.46926641464 6.25
      vertex -172.176010132 2.18403816223 6.25
    endloop
  endfacet
  facet normal -0.872486054897 0 0.488639056683
    outer loop
      vertex -172.176010132 2.18403816223 12.5
      vertex -172.176010132 2.18403816223 6.25
      vertex -172.022537231 1.91000533104 12.5
    endloop
  endfacet
  facet normal -0.872486054897 0 0.488639056683
    outer loop
      vertex -172.022537231 1.91000533104 12.5
      vertex -172.176010132 2.18403816223 6.25
      vertex -172.022537231 1.91000533104 6.25
    endloop
  endfacet
  facet normal -0.831482112408 0 0.555551528931
    outer loop
      vertex -172.022537231 1.91000533104 12.5
      vertex -172.022537231 1.91000533104 6.25
      vertex -171.848052979 1.64885866642 12.5
    endloop
  endfacet
  facet normal -0.831482112408 0 0.555551528931
    outer loop
      vertex -171.848052979 1.64885866642 12.5
      vertex -172.022537231 1.91000533104 6.25
      vertex -171.848052979 1.64885866642 6.25
    endloop
  endfacet
  facet normal -0.78531897068 0 0.619091331959
    outer loop
      vertex -171.848052979 1.64885866642 12.5
      vertex -171.848052979 1.64885866642 6.25
      vertex -171.653610229 1.40220785141 12.5
    endloop
  endfacet
  facet normal -0.78531897068 0 0.619091331959
    outer loop
      vertex -171.653610229 1.40220785141 12.5
      vertex -171.848052979 1.64885866642 6.25
      vertex -171.653610229 1.40220785141 6.25
    endloop
  endfacet
  facet normal -0.734323203564 0 0.678799986839
    outer loop
      vertex -171.653610229 1.40220785141 12.5
      vertex -171.653610229 1.40220785141 6.25
      vertex -171.440414429 1.17157268524 12.5
    endloop
  endfacet
  facet normal -0.734323203564 0 0.678799986839
    outer loop
      vertex -171.440414429 1.17157268524 12.5
      vertex -171.653610229 1.40220785141 6.25
      vertex -171.440414429 1.17157268524 6.25
    endloop
  endfacet
  facet normal -0.678798019886 0 0.734325051308
    outer loop
      vertex -171.440414429 1.17157268524 12.5
      vertex -171.440414429 1.17157268524 6.25
      vertex -171.209777832 0.958375990391 12.5
    endloop
  endfacet
  facet normal -0.678798019886 0 0.734325051308
    outer loop
      vertex -171.209777832 0.958375990391 12.5
      vertex -171.440414429 1.17157268524 6.25
      vertex -171.209777832 0.958375990391 6.25
    endloop
  endfacet
  facet normal -0.619082152843 0 0.785326182842
    outer loop
      vertex -171.209777832 0.958375990391 12.5
      vertex -171.209777832 0.958375990391 6.25
      vertex -170.963119507 0.763932287693 12.5
    endloop
  endfacet
  facet normal -0.619082152843 0 0.785326182842
    outer loop
      vertex -170.963119507 0.763932287693 12.5
      vertex -171.209777832 0.958375990391 6.25
      vertex -170.963119507 0.763932287693 6.25
    endloop
  endfacet
  facet normal -0.555581867695 0 0.831461846828
    outer loop
      vertex -170.963119507 0.763932287693 12.5
      vertex -170.963119507 0.763932287693 6.25
      vertex -170.701980591 0.58943939209 12.5
    endloop
  endfacet
  facet normal -0.555581867695 0 0.831461846828
    outer loop
      vertex -170.701980591 0.58943939209 12.5
      vertex -170.963119507 0.763932287693 6.25
      vertex -170.701980591 0.58943939209 6.25
    endloop
  endfacet
  facet normal -0.488622546196 0 0.872495293617
    outer loop
      vertex -170.701980591 0.58943939209 12.5
      vertex -170.701980591 0.58943939209 6.25
      vertex -170.427947998 0.435973763466 12.5
    endloop
  endfacet
  facet normal -0.488622546196 0 0.872495293617
    outer loop
      vertex -170.427947998 0.435973763466 12.5
      vertex -170.701980591 0.58943939209 6.25
      vertex -170.427947998 0.435973763466 6.25
    endloop
  endfacet
  facet normal -0.418654024601 0 0.908145785332
    outer loop
      vertex -170.427947998 0.435973763466 12.5
      vertex -170.427947998 0.435973763466 6.25
      vertex -170.142715454 0.304481685162 12.5
    endloop
  endfacet
  facet normal -0.418654024601 0 0.908145785332
    outer loop
      vertex -170.142715454 0.304481685162 12.5
      vertex -170.427947998 0.435973763466 6.25
      vertex -170.142715454 0.304481685162 6.25
    endloop
  endfacet
  facet normal -0.346119403839 0 0.938190460205
    outer loop
      vertex -170.142715454 0.304481685162 12.5
      vertex -170.142715454 0.304481685162 6.25
      vertex -169.848052979 0.195774257183 12.5
    endloop
  endfacet
  facet normal -0.346119403839 0 0.938190460205
    outer loop
      vertex -169.848052979 0.195774257183 12.5
      vertex -170.142715454 0.304481685162 6.25
      vertex -169.848052979 0.195774257183 6.25
    endloop
  endfacet
  facet normal -0.271437734365 0 0.96245598793
    outer loop
      vertex -169.848052979 0.195774257183 12.5
      vertex -169.848052979 0.195774257183 6.25
      vertex -169.545761108 0.110519886017 12.5
    endloop
  endfacet
  facet normal -0.271437734365 0 0.96245598793
    outer loop
      vertex -169.545761108 0.110519886017 12.5
      vertex -169.848052979 0.195774257183 6.25
      vertex -169.545761108 0.110519886017 6.25
    endloop
  endfacet
  facet normal -0.195088282228 0 0.980785667896
    outer loop
      vertex -169.545761108 0.110519886017 12.5
      vertex -169.545761108 0.110519886017 6.25
      vertex -169.237716675 0.0492467880249 12.5
    endloop
  endfacet
  facet normal -0.195088282228 0 0.980785667896
    outer loop
      vertex -169.237716675 0.0492467880249 12.5
      vertex -169.545761108 0.110519886017 6.25
      vertex -169.237716675 0.0492467880249 6.25
    endloop
  endfacet
  facet normal -0.117536976933 0 0.993068516254
    outer loop
      vertex -169.237716675 0.0492467880249 12.5
      vertex -169.237716675 0.0492467880249 6.25
      vertex -168.925811768 0.0123304724693 12.5
    endloop
  endfacet
  facet normal -0.117536976933 0 0.993068516254
    outer loop
      vertex -168.925811768 0.0123304724693 12.5
      vertex -169.237716675 0.0492467880249 6.25
      vertex -168.925811768 0.0123304724693 6.25
    endloop
  endfacet
  facet normal -0.980791032314 1.73691240267e-18 0.195061445236
    outer loop
      vertex -172.501464844 3.06621837616 18.75
      vertex -172.562728882 3.37426233292 18.75
      vertex -172.562728882 3.37426233292 12.5
    endloop
  endfacet
  facet normal -0.993064641953 0 0.117569819093
    outer loop
      vertex -172.562728882 3.37426233292 12.5
      vertex -172.562728882 3.37426233292 18.75
      vertex -172.599655151 3.6861641407 12.5
    endloop
  endfacet
  facet normal -0.980791032314 0 0.195061445236
    outer loop
      vertex -172.501464844 3.06621837616 18.75
      vertex -172.562728882 3.37426233292 12.5
      vertex -172.501464844 3.06621837616 12.5
    endloop
  endfacet
  facet normal -0.96245765686 0 0.271431863308
    outer loop
      vertex -172.416213989 2.76393222809 18.75
      vertex -172.501464844 3.06621837616 18.75
      vertex -172.501464844 3.06621837616 12.5
    endloop
  endfacet
  facet normal -0.96245765686 0 0.271431863308
    outer loop
      vertex -172.416213989 2.76393222809 18.75
      vertex -172.501464844 3.06621837616 12.5
      vertex -172.416213989 2.76393222809 12.5
    endloop
  endfacet
  facet normal -0.938180267811 0 0.346147090197
    outer loop
      vertex -172.307495117 2.46926641464 18.75
      vertex -172.416213989 2.76393222809 18.75
      vertex -172.416213989 2.76393222809 12.5
    endloop
  endfacet
  facet normal -0.938180267811 0 0.346147090197
    outer loop
      vertex -172.307495117 2.46926641464 18.75
      vertex -172.416213989 2.76393222809 12.5
      vertex -172.307495117 2.46926641464 12.5
    endloop
  endfacet
  facet normal -0.908152103424 3.47382480535e-18 0.418640375137
    outer loop
      vertex -172.176010132 2.18403816223 18.75
      vertex -172.307495117 2.46926641464 18.75
      vertex -172.307495117 2.46926641464 12.5
    endloop
  endfacet
  facet normal -0.908152103424 0 0.418640375137
    outer loop
      vertex -172.176010132 2.18403816223 18.75
      vertex -172.307495117 2.46926641464 12.5
      vertex -172.176010132 2.18403816223 12.5
    endloop
  endfacet
  facet normal -0.872486054897 -3.47382521894e-18 0.488639056683
    outer loop
      vertex -172.022537231 1.91000533104 18.75
      vertex -172.176010132 2.18403816223 18.75
      vertex -172.176010132 2.18403816223 12.5
    endloop
  endfacet
  facet normal -0.872486054897 0 0.488639056683
    outer loop
      vertex -172.022537231 1.91000533104 18.75
      vertex -172.176010132 2.18403816223 12.5
      vertex -172.022537231 1.91000533104 12.5
    endloop
  endfacet
  facet normal -0.831482112408 -3.47382480535e-18 0.555551528931
    outer loop
      vertex -171.848052979 1.64885866642 18.75
      vertex -172.022537231 1.91000533104 18.75
      vertex -172.022537231 1.91000533104 12.5
    endloop
  endfacet
  facet normal -0.831482112408 0 0.555551528931
    outer loop
      vertex -171.848052979 1.64885866642 18.75
      vertex -172.022537231 1.91000533104 12.5
      vertex -171.848052979 1.64885866642 12.5
    endloop
  endfacet
  facet normal -0.78531897068 0 0.619091331959
    outer loop
      vertex -171.653610229 1.40220785141 18.75
      vertex -171.848052979 1.64885866642 18.75
      vertex -171.848052979 1.64885866642 12.5
    endloop
  endfacet
  facet normal -0.78531897068 0 0.619091331959
    outer loop
      vertex -171.653610229 1.40220785141 18.75
      vertex -171.848052979 1.64885866642 12.5
      vertex -171.653610229 1.40220785141 12.5
    endloop
  endfacet
  facet normal -0.734323203564 0 0.678799986839
    outer loop
      vertex -171.440414429 1.17157268524 18.75
      vertex -171.653610229 1.40220785141 18.75
      vertex -171.653610229 1.40220785141 12.5
    endloop
  endfacet
  facet normal -0.734323203564 0 0.678799986839
    outer loop
      vertex -171.440414429 1.17157268524 18.75
      vertex -171.653610229 1.40220785141 12.5
      vertex -171.440414429 1.17157268524 12.5
    endloop
  endfacet
  facet normal -0.678798019886 -3.47382480535e-18 0.734325051308
    outer loop
      vertex -171.209777832 0.958375990391 18.75
      vertex -171.440414429 1.17157268524 18.75
      vertex -171.440414429 1.17157268524 12.5
    endloop
  endfacet
  facet normal -0.678798019886 0 0.734325051308
    outer loop
      vertex -171.209777832 0.958375990391 18.75
      vertex -171.440414429 1.17157268524 12.5
      vertex -171.209777832 0.958375990391 12.5
    endloop
  endfacet
  facet normal -0.619082152843 0 0.785326182842
    outer loop
      vertex -170.963119507 0.763932287693 18.75
      vertex -171.209777832 0.958375990391 18.75
      vertex -171.209777832 0.958375990391 12.5
    endloop
  endfacet
  facet normal -0.619082152843 0 0.785326182842
    outer loop
      vertex -170.963119507 0.763932287693 18.75
      vertex -171.209777832 0.958375990391 12.5
      vertex -170.963119507 0.763932287693 12.5
    endloop
  endfacet
  facet normal -0.555581867695 0 0.831461846828
    outer loop
      vertex -170.701980591 0.58943939209 18.75
      vertex -170.963119507 0.763932287693 18.75
      vertex -170.963119507 0.763932287693 12.5
    endloop
  endfacet
  facet normal -0.555581867695 0 0.831461846828
    outer loop
      vertex -170.701980591 0.58943939209 18.75
      vertex -170.963119507 0.763932287693 12.5
      vertex -170.701980591 0.58943939209 12.5
    endloop
  endfacet
  facet normal -0.488622546196 0 0.872495293617
    outer loop
      vertex -170.427947998 0.435973763466 18.75
      vertex -170.701980591 0.58943939209 18.75
      vertex -170.701980591 0.58943939209 12.5
    endloop
  endfacet
  facet normal -0.488622546196 0 0.872495293617
    outer loop
      vertex -170.427947998 0.435973763466 18.75
      vertex -170.701980591 0.58943939209 12.5
      vertex -170.427947998 0.435973763466 12.5
    endloop
  endfacet
  facet normal -0.418654024601 0 0.908145785332
    outer loop
      vertex -170.142715454 0.304481685162 18.75
      vertex -170.427947998 0.435973763466 18.75
      vertex -170.427947998 0.435973763466 12.5
    endloop
  endfacet
  facet normal -0.418654024601 0 0.908145785332
    outer loop
      vertex -170.142715454 0.304481685162 18.75
      vertex -170.427947998 0.435973763466 12.5
      vertex -170.142715454 0.304481685162 12.5
    endloop
  endfacet
  facet normal -0.346119403839 3.47382480535e-18 0.938190460205
    outer loop
      vertex -169.848052979 0.195774257183 18.75
      vertex -170.142715454 0.304481685162 18.75
      vertex -170.142715454 0.304481685162 12.5
    endloop
  endfacet
  facet normal -0.346119403839 0 0.938190460205
    outer loop
      vertex -169.848052979 0.195774257183 18.75
      vertex -170.142715454 0.304481685162 12.5
      vertex -169.848052979 0.195774257183 12.5
    endloop
  endfacet
  facet normal -0.271437734365 -1.73691260947e-18 0.96245598793
    outer loop
      vertex -169.545761108 0.110519886017 18.75
      vertex -169.848052979 0.195774257183 18.75
      vertex -169.848052979 0.195774257183 12.5
    endloop
  endfacet
  facet normal -0.271437734365 0 0.96245598793
    outer loop
      vertex -169.545761108 0.110519886017 18.75
      vertex -169.848052979 0.195774257183 12.5
      vertex -169.545761108 0.110519886017 12.5
    endloop
  endfacet
  facet normal -0.195088282228 1.73691240267e-18 0.980785667896
    outer loop
      vertex -169.237716675 0.0492467880249 18.75
      vertex -169.545761108 0.110519886017 18.75
      vertex -169.545761108 0.110519886017 12.5
    endloop
  endfacet
  facet normal -0.195088282228 0 0.980785667896
    outer loop
      vertex -169.237716675 0.0492467880249 18.75
      vertex -169.545761108 0.110519886017 12.5
      vertex -169.237716675 0.0492467880249 12.5
    endloop
  endfacet
  facet normal -0.117536976933 -8.68456304734e-19 0.993068516254
    outer loop
      vertex -168.925811768 0.0123304724693 18.75
      vertex -169.237716675 0.0492467880249 18.75
      vertex -169.237716675 0.0492467880249 12.5
    endloop
  endfacet
  facet normal -0.117536976933 0 0.993068516254
    outer loop
      vertex -168.925811768 0.0123304724693 18.75
      vertex -169.237716675 0.0492467880249 12.5
      vertex -168.925811768 0.0123304724693 12.5
    endloop
  endfacet
  facet normal 0 1 0
    outer loop
      vertex -138.099151611 5.25292015076 25
      vertex -165.124801636 5.25292015076 25
      vertex -138.111984253 4.99999952316 25
    endloop
  endfacet
  facet normal 0 1 0
    outer loop
      vertex -138.111984253 4.99999952316 25
      vertex -165.124801636 5.25292015076 25
      vertex -165.111984253 4.99999952316 25
    endloop
  endfacet
  facet normal 0 1 -0
    outer loop
      vertex -138.111984253 4.99999952316 25
      vertex -165.111984253 4.99999952316 25
      vertex -138.099151611 4.74707937241 25
    endloop
  endfacet
  facet normal 0 1 0
    outer loop
      vertex -138.099151611 4.74707937241 25
      vertex -165.111984253 4.99999952316 25
      vertex -165.124801636 4.74707937241 25
    endloop
  endfacet
  facet normal 0 1 -0
    outer loop
      vertex -138.099151611 4.74707937241 25
      vertex -165.124801636 4.74707937241 25
      vertex -138.060806274 4.49675369263 25
    endloop
  endfacet
  facet normal 0 1 0
    outer loop
      vertex -138.060806274 4.49675369263 25
      vertex -165.124801636 4.74707937241 25
      vertex -165.163162231 4.49675369263 25
    endloop
  endfacet
  facet normal 0 1 -0
    outer loop
      vertex -138.060806274 4.49675369263 25
      vertex -165.163162231 4.49675369263 25
      vertex -137.997329712 4.25159215927 25
    endloop
  endfacet
  facet normal 0 1 0
    outer loop
      vertex -137.997329712 4.25159215927 25
      vertex -165.163162231 4.49675369263 25
      vertex -165.226638794 4.25159215927 25
    endloop
  endfacet
  facet normal 0 1 -0
    outer loop
      vertex -137.997329712 4.25159215927 25
      vertex -165.226638794 4.25159215927 25
      vertex -137.909378052 4.01411008835 25
    endloop
  endfacet
  facet normal 0 1 0
    outer loop
      vertex -137.909378052 4.01411008835 25
      vertex -165.226638794 4.25159215927 25
      vertex -165.314590454 4.01411008835 25
    endloop
  endfacet
  facet normal 0 1 -0
    outer loop
      vertex -137.909378052 4.01411008835 25
      vertex -165.314590454 4.01411008835 25
      vertex -137.797851562 3.78674554825 25
    endloop
  endfacet
  facet normal 0 1 0
    outer loop
      vertex -137.797851562 3.78674554825 25
      vertex -165.314590454 4.01411008835 25
      vertex -165.426116943 3.78674554825 25
    endloop
  endfacet
  facet normal 0 1 -0
    outer loop
      vertex -137.797851562 3.78674554825 25
      vertex -165.426116943 3.78674554825 25
      vertex -137.663894653 3.57182908058 25
    endloop
  endfacet
  facet normal 0 1 0
    outer loop
      vertex -137.663894653 3.57182908058 25
      vertex -165.426116943 3.78674554825 25
      vertex -165.560073853 3.57182908058 25
    endloop
  endfacet
  facet normal 0 1 -0
    outer loop
      vertex -137.663894653 3.57182908058 25
      vertex -165.560073853 3.57182908058 25
      vertex -137.508880615 3.37156867981 25
    endloop
  endfacet
  facet normal 0 1 0
    outer loop
      vertex -137.508880615 3.37156867981 25
      vertex -165.560073853 3.57182908058 25
      vertex -165.715087891 3.37156867981 25
    endloop
  endfacet
  facet normal 0 1 -0
    outer loop
      vertex -137.508880615 3.37156867981 25
      vertex -165.715087891 3.37156867981 25
      vertex -137.334396362 3.18801856041 25
    endloop
  endfacet
  facet normal 0 1 0
    outer loop
      vertex -137.334396362 3.18801856041 25
      vertex -165.715087891 3.37156867981 25
      vertex -165.889556885 3.18801856041 25
    endloop
  endfacet
  facet normal 0 1 -0
    outer loop
      vertex -137.334396362 3.18801856041 25
      vertex -165.889556885 3.18801856041 25
      vertex -134.611984253 1.53080844662e-15 25
    endloop
  endfacet
  facet normal 0 1 0
    outer loop
      vertex -134.611984253 1.53080844662e-15 25
      vertex -165.889556885 3.18801856041 25
      vertex -168.611984253 1.53080844662e-15 25
    endloop
  endfacet
  facet normal 0 1 0
    outer loop
      vertex -168.611984253 1.53080844662e-15 25
      vertex -165.889556885 3.18801856041 25
      vertex -166.081710815 3.02306103706 25
    endloop
  endfacet
  facet normal 0 1 0
    outer loop
      vertex -168.611984253 1.53080844662e-15 25
      vertex -166.081710815 3.02306103706 25
      vertex -166.28956604 2.87838983536 25
    endloop
  endfacet
  facet normal -0 1 0
    outer loop
      vertex -165.124801636 5.25292015076 25
      vertex -138.099151611 5.25292015076 25
      vertex -165.163162231 5.50324583054 25
    endloop
  endfacet
  facet normal 0 1 0
    outer loop
      vertex -165.163162231 5.50324583054 25
      vertex -138.099151611 5.25292015076 25
      vertex -138.060806274 5.50324583054 25
    endloop
  endfacet
  facet normal -0 1 0
    outer loop
      vertex -165.163162231 5.50324583054 25
      vertex -138.060806274 5.50324583054 25
      vertex -165.226638794 5.74840831757 25
    endloop
  endfacet
  facet normal 0 1 0
    outer loop
      vertex -165.226638794 5.74840831757 25
      vertex -138.060806274 5.50324583054 25
      vertex -137.997329712 5.74840831757 25
    endloop
  endfacet
  facet normal -0 1 0
    outer loop
      vertex -165.226638794 5.74840831757 25
      vertex -137.997329712 5.74840831757 25
      vertex -165.314590454 5.98588943481 25
    endloop
  endfacet
  facet normal 0 1 0
    outer loop
      vertex -165.314590454 5.98588943481 25
      vertex -137.997329712 5.74840831757 25
      vertex -137.909378052 5.98588943481 25
    endloop
  endfacet
  facet normal -0 1 0
    outer loop
      vertex -165.314590454 5.98588943481 25
      vertex -137.909378052 5.98588943481 25
      vertex -165.426116943 6.21325492859 25
    endloop
  endfacet
  facet normal 0 1 0
    outer loop
      vertex -165.426116943 6.21325492859 25
      vertex -137.909378052 5.98588943481 25
      vertex -137.797851562 6.21325492859 25
    endloop
  endfacet
  facet normal -0 1 0
    outer loop
      vertex -165.426116943 6.21325492859 25
      vertex -137.797851562 6.21325492859 25
      vertex -165.560073853 6.42817020416 25
    endloop
  endfacet
  facet normal 0 1 0
    outer loop
      vertex -165.560073853 6.42817020416 25
      vertex -137.797851562 6.21325492859 25
      vertex -137.663894653 6.42817020416 25
    endloop
  endfacet
  facet normal -0 1 0
    outer loop
      vertex -165.560073853 6.42817020416 25
      vertex -137.663894653 6.42817020416 25
      vertex -165.715087891 6.62843179703 25
    endloop
  endfacet
  facet normal 0 1 0
    outer loop
      vertex -165.715087891 6.62843179703 25
      vertex -137.663894653 6.42817020416 25
      vertex -137.508880615 6.62843179703 25
    endloop
  endfacet
  facet normal -0 1 0
    outer loop
      vertex -165.715087891 6.62843179703 25
      vertex -137.508880615 6.62843179703 25
      vertex -165.889556885 6.81198215485 25
    endloop
  endfacet
  facet normal 0 1 0
    outer loop
      vertex -165.889556885 6.81198215485 25
      vertex -137.508880615 6.62843179703 25
      vertex -137.334396362 6.81198215485 25
    endloop
  endfacet
  facet normal -0 1 0
    outer loop
      vertex -165.889556885 6.81198215485 25
      vertex -137.334396362 6.81198215485 25
      vertex -165.889556885 35.1880187988 25
    endloop
  endfacet
  facet normal 0 1 0
    outer loop
      vertex -165.889556885 35.1880187988 25
      vertex -137.334396362 6.81198215485 25
      vertex -137.334396362 35.1880187988 25
    endloop
  endfacet
  facet normal -0 1 0
    outer loop
      vertex -165.889556885 35.1880187988 25
      vertex -137.334396362 35.1880187988 25
      vertex -165.715087891 35.3715705872 25
    endloop
  endfacet
  facet normal 0 1 0
    outer loop
      vertex -165.715087891 35.3715705872 25
      vertex -137.334396362 35.1880187988 25
      vertex -137.508880615 35.3715705872 25
    endloop
  endfacet
  facet normal -0 1 0
    outer loop
      vertex -165.715087891 35.3715705872 25
      vertex -137.508880615 35.3715705872 25
      vertex -165.560073853 35.5718307495 25
    endloop
  endfacet
  facet normal 0 1 0
    outer loop
      vertex -165.560073853 35.5718307495 25
      vertex -137.508880615 35.3715705872 25
      vertex -137.663894653 35.5718307495 25
    endloop
  endfacet
  facet normal -0 1 0
    outer loop
      vertex -165.560073853 35.5718307495 25
      vertex -137.663894653 35.5718307495 25
      vertex -165.426116943 35.7867469788 25
    endloop
  endfacet
  facet normal 0 1 0
    outer loop
      vertex -165.426116943 35.7867469788 25
      vertex -137.663894653 35.5718307495 25
      vertex -137.797851562 35.7867469788 25
    endloop
  endfacet
  facet normal -0 1 0
    outer loop
      vertex -165.426116943 35.7867469788 25
      vertex -137.797851562 35.7867469788 25
      vertex -165.314590454 36.0141105652 25
    endloop
  endfacet
  facet normal 0 1 0
    outer loop
      vertex -165.314590454 36.0141105652 25
      vertex -137.797851562 35.7867469788 25
      vertex -137.909378052 36.0141105652 25
    endloop
  endfacet
  facet normal -0 1 0
    outer loop
      vertex -165.314590454 36.0141105652 25
      vertex -137.909378052 36.0141105652 25
      vertex -165.226638794 36.2515907288 25
    endloop
  endfacet
  facet normal 0 1 0
    outer loop
      vertex -165.226638794 36.2515907288 25
      vertex -137.909378052 36.0141105652 25
      vertex -137.997329712 36.2515907288 25
    endloop
  endfacet
  facet normal -0 1 0
    outer loop
      vertex -165.226638794 36.2515907288 25
      vertex -137.997329712 36.2515907288 25
      vertex -165.163162231 36.4967536926 25
    endloop
  endfacet
  facet normal 0 1 0
    outer loop
      vertex -165.163162231 36.4967536926 25
      vertex -137.997329712 36.2515907288 25
      vertex -138.060806274 36.4967536926 25
    endloop
  endfacet
  facet normal -0 1 0
    outer loop
      vertex -165.163162231 36.4967536926 25
      vertex -138.060806274 36.4967536926 25
      vertex -165.124801636 36.7470779419 25
    endloop
  endfacet
  facet normal 0 1 0
    outer loop
      vertex -165.124801636 36.7470779419 25
      vertex -138.060806274 36.4967536926 25
      vertex -138.099151611 36.7470779419 25
    endloop
  endfacet
  facet normal -0 1 0
    outer loop
      vertex -165.124801636 36.7470779419 25
      vertex -138.099151611 36.7470779419 25
      vertex -165.111984253 37 25
    endloop
  endfacet
  facet normal 0 1 0
    outer loop
      vertex -165.111984253 37 25
      vertex -138.099151611 36.7470779419 25
      vertex -138.111984253 37 25
    endloop
  endfacet
  facet normal -0 1 0
    outer loop
      vertex -165.111984253 37 25
      vertex -138.111984253 37 25
      vertex -165.124801636 37.2529220581 25
    endloop
  endfacet
  facet normal 0 1 0
    outer loop
      vertex -165.124801636 37.2529220581 25
      vertex -138.111984253 37 25
      vertex -138.099151611 37.2529220581 25
    endloop
  endfacet
  facet normal -0 1 0
    outer loop
      vertex -165.124801636 37.2529220581 25
      vertex -138.099151611 37.2529220581 25
      vertex -165.163162231 37.5032463074 25
    endloop
  endfacet
  facet normal 0 1 0
    outer loop
      vertex -165.163162231 37.5032463074 25
      vertex -138.099151611 37.2529220581 25
      vertex -138.060806274 37.5032463074 25
    endloop
  endfacet
  facet normal -0 1 0
    outer loop
      vertex -165.163162231 37.5032463074 25
      vertex -138.060806274 37.5032463074 25
      vertex -165.226638794 37.7484092712 25
    endloop
  endfacet
  facet normal 0 1 0
    outer loop
      vertex -165.226638794 37.7484092712 25
      vertex -138.060806274 37.5032463074 25
      vertex -137.997329712 37.7484092712 25
    endloop
  endfacet
  facet normal -0 1 0
    outer loop
      vertex -165.226638794 37.7484092712 25
      vertex -137.997329712 37.7484092712 25
      vertex -165.314590454 37.9858894348 25
    endloop
  endfacet
  facet normal 0 1 0
    outer loop
      vertex -165.314590454 37.9858894348 25
      vertex -137.997329712 37.7484092712 25
      vertex -137.909378052 37.9858894348 25
    endloop
  endfacet
  facet normal -0 1 0
    outer loop
      vertex -165.314590454 37.9858894348 25
      vertex -137.909378052 37.9858894348 25
      vertex -165.426116943 38.2132530212 25
    endloop
  endfacet
  facet normal 0 1 0
    outer loop
      vertex -165.426116943 38.2132530212 25
      vertex -137.909378052 37.9858894348 25
      vertex -137.797851562 38.2132530212 25
    endloop
  endfacet
  facet normal -0 1 0
    outer loop
      vertex -165.426116943 38.2132530212 25
      vertex -137.797851562 38.2132530212 25
      vertex -165.560073853 38.4281692505 25
    endloop
  endfacet
  facet normal 0 1 0
    outer loop
      vertex -165.560073853 38.4281692505 25
      vertex -137.797851562 38.2132530212 25
      vertex -137.663894653 38.4281692505 25
    endloop
  endfacet
  facet normal -0 1 0
    outer loop
      vertex -165.560073853 38.4281692505 25
      vertex -137.663894653 38.4281692505 25
      vertex -165.715087891 38.6284294128 25
    endloop
  endfacet
  facet normal 0 1 0
    outer loop
      vertex -165.715087891 38.6284294128 25
      vertex -137.663894653 38.4281692505 25
      vertex -137.508880615 38.6284294128 25
    endloop
  endfacet
  facet normal -0 1 0
    outer loop
      vertex -165.715087891 38.6284294128 25
      vertex -137.508880615 38.6284294128 25
      vertex -165.889556885 38.8119812012 25
    endloop
  endfacet
  facet normal 0 1 0
    outer loop
      vertex -165.889556885 38.8119812012 25
      vertex -137.508880615 38.6284294128 25
      vertex -137.334396362 38.8119812012 25
    endloop
  endfacet
  facet normal -0 1 0
    outer loop
      vertex -165.889556885 38.8119812012 25
      vertex -137.334396362 38.8119812012 25
      vertex -168.611984253 42 25
    endloop
  endfacet
  facet normal 0 1 0
    outer loop
      vertex -168.611984253 42 25
      vertex -137.334396362 38.8119812012 25
      vertex -134.611984253 42 25
    endloop
  endfacet
  facet normal 0 1 0
    outer loop
      vertex -134.611984253 42 25
      vertex -137.334396362 38.8119812012 25
      vertex -137.142242432 38.976940155 25
    endloop
  endfacet
  facet normal 0 1 0
    outer loop
      vertex -134.611984253 42 25
      vertex -137.142242432 38.976940155 25
      vertex -136.934387207 39.1216125488 25
    endloop
  endfacet
  facet normal 0 1 0
    outer loop
      vertex -137.334396362 35.1880187988 25
      vertex -137.334396362 6.81198215485 25
      vertex -137.142242432 35.023059845 25
    endloop
  endfacet
  facet normal 0 1 -0
    outer loop
      vertex -137.142242432 35.023059845 25
      vertex -137.334396362 6.81198215485 25
      vertex -137.142242432 6.97693967819 25
    endloop
  endfacet
  facet normal 0 1 0
    outer loop
      vertex -137.142242432 35.023059845 25
      vertex -137.142242432 6.97693967819 25
      vertex -136.934387207 34.8783874512 25
    endloop
  endfacet
  facet normal 0 1 -0
    outer loop
      vertex -136.934387207 34.8783874512 25
      vertex -137.142242432 6.97693967819 25
      vertex -136.934387207 7.12161064148 25
    endloop
  endfacet
  facet normal 0 1 0
    outer loop
      vertex -136.934387207 34.8783874512 25
      vertex -136.934387207 7.12161064148 25
      vertex -136.712966919 34.7554893494 25
    endloop
  endfacet
  facet normal 0 1 -0
    outer loop
      vertex -136.712966919 34.7554893494 25
      vertex -136.934387207 7.12161064148 25
      vertex -136.712966919 7.24451112747 25
    endloop
  endfacet
  facet normal 0 1 0
    outer loop
      vertex -136.712966919 34.7554893494 25
      vertex -136.712966919 7.24451112747 25
      vertex -136.480239868 34.655620575 25
    endloop
  endfacet
  facet normal 0 1 -0
    outer loop
      vertex -136.480239868 34.655620575 25
      vertex -136.712966919 7.24451112747 25
      vertex -136.480239868 7.34438037872 25
    endloop
  endfacet
  facet normal 0 1 0
    outer loop
      vertex -136.480239868 34.655620575 25
      vertex -136.480239868 7.34438037872 25
      vertex -136.238616943 34.5798072815 25
    endloop
  endfacet
  facet normal 0 1 -0
    outer loop
      vertex -136.238616943 34.5798072815 25
      vertex -136.480239868 7.34438037872 25
      vertex -136.238616943 7.42019319534 25
    endloop
  endfacet
  facet normal 0 1 0
    outer loop
      vertex -136.238616943 34.5798072815 25
      vertex -136.238616943 7.42019319534 25
      vertex -135.99055481 34.5288276672 25
    endloop
  endfacet
  facet normal 0 1 -0
    outer loop
      vertex -135.99055481 34.5288276672 25
      vertex -136.238616943 7.42019319534 25
      vertex -135.99055481 7.47117090225 25
    endloop
  endfacet
  facet normal 0 1 0
    outer loop
      vertex -135.99055481 34.5288276672 25
      vertex -135.99055481 7.47117090225 25
      vertex -135.738601685 34.5032081604 25
    endloop
  endfacet
  facet normal 0 1 -0
    outer loop
      vertex -135.738601685 34.5032081604 25
      vertex -135.99055481 7.47117090225 25
      vertex -135.738601685 7.49679088593 25
    endloop
  endfacet
  facet normal 0 1 0
    outer loop
      vertex -135.738601685 34.5032081604 25
      vertex -135.738601685 7.49679088593 25
      vertex -135.485351562 7.49679088593 25
    endloop
  endfacet
  facet normal 0 1 0
    outer loop
      vertex -135.738601685 34.5032081604 25
      vertex -135.485351562 7.49679088593 25
      vertex -135.485351562 34.5032081604 25
    endloop
  endfacet
  facet normal 0 1 0
    outer loop
      vertex -135.485351562 34.5032081604 25
      vertex -135.485351562 7.49679088593 25
      vertex -135.233413696 7.47117090225 25
    endloop
  endfacet
  facet normal -0 1 0
    outer loop
      vertex -135.485351562 34.5032081604 25
      vertex -135.233413696 7.47117090225 25
      vertex -135.233413696 34.5288276672 25
    endloop
  endfacet
  facet normal 0 1 0
    outer loop
      vertex -135.233413696 34.5288276672 25
      vertex -135.233413696 7.47117090225 25
      vertex -134.985351562 7.42019319534 25
    endloop
  endfacet
  facet normal -0 1 0
    outer loop
      vertex -135.233413696 34.5288276672 25
      vertex -134.985351562 7.42019319534 25
      vertex -134.985351562 34.5798072815 25
    endloop
  endfacet
  facet normal 0 1 0
    outer loop
      vertex -134.985351562 34.5798072815 25
      vertex -134.985351562 7.42019319534 25
      vertex -134.743713379 7.34438037872 25
    endloop
  endfacet
  facet normal -0 1 0
    outer loop
      vertex -134.985351562 34.5798072815 25
      vertex -134.743713379 7.34438037872 25
      vertex -134.743713379 34.655620575 25
    endloop
  endfacet
  facet normal 0 1 0
    outer loop
      vertex -134.743713379 34.655620575 25
      vertex -134.743713379 7.34438037872 25
      vertex -134.511001587 7.24451112747 25
    endloop
  endfacet
  facet normal -0 1 0
    outer loop
      vertex -134.743713379 34.655620575 25
      vertex -134.511001587 7.24451112747 25
      vertex -134.511001587 34.7554893494 25
    endloop
  endfacet
  facet normal 0 1 0
    outer loop
      vertex -134.511001587 34.7554893494 25
      vertex -134.511001587 7.24451112747 25
      vertex -134.28956604 7.12161064148 25
    endloop
  endfacet
  facet normal -0 1 0
    outer loop
      vertex -134.511001587 34.7554893494 25
      vertex -134.28956604 7.12161064148 25
      vertex -134.28956604 34.8783874512 25
    endloop
  endfacet
  facet normal 0 1 0
    outer loop
      vertex -134.28956604 34.8783874512 25
      vertex -134.28956604 7.12161064148 25
      vertex -134.081710815 6.97693967819 25
    endloop
  endfacet
  facet normal -0 1 0
    outer loop
      vertex -134.28956604 34.8783874512 25
      vertex -134.081710815 6.97693967819 25
      vertex -134.081710815 35.023059845 25
    endloop
  endfacet
  facet normal -0 1 0
    outer loop
      vertex -134.081710815 35.023059845 25
      vertex -134.081710815 6.97693967819 25
      vertex -133.889556885 35.1880187988 25
    endloop
  endfacet
  facet normal 0 1 -0
    outer loop
      vertex -133.889556885 35.1880187988 25
      vertex -134.081710815 6.97693967819 25
      vertex -133.889556885 6.81198215485 25
    endloop
  endfacet
  facet normal 0 1 0
    outer loop
      vertex -133.889556885 35.1880187988 25
      vertex -133.889556885 6.81198215485 25
      vertex -130.611984253 3.99999976158 25
    endloop
  endfacet
  facet normal 0 1 0
    outer loop
      vertex -130.611984253 3.99999976158 25
      vertex -133.889556885 6.81198215485 25
      vertex -133.715087891 6.62843179703 25
    endloop
  endfacet
  facet normal 0 1 0
    outer loop
      vertex -130.611984253 3.99999976158 25
      vertex -133.715087891 6.62843179703 25
      vertex -133.560073853 6.42817020416 25
    endloop
  endfacet
  facet normal 0 1 0
    outer loop
      vertex -133.560073853 6.42817020416 25
      vertex -133.426116943 6.21325492859 25
      vertex -130.611984253 3.99999976158 25
    endloop
  endfacet
  facet normal 0 1 0
    outer loop
      vertex -130.611984253 3.99999976158 25
      vertex -133.426116943 6.21325492859 25
      vertex -133.314590454 5.98588943481 25
    endloop
  endfacet
  facet normal 0 1 0
    outer loop
      vertex -130.611984253 3.99999976158 25
      vertex -133.314590454 5.98588943481 25
      vertex -133.226638794 5.74840831757 25
    endloop
  endfacet
  facet normal 0 1 0
    outer loop
      vertex -133.226638794 5.74840831757 25
      vertex -133.163162231 5.50324583054 25
      vertex -130.611984253 3.99999976158 25
    endloop
  endfacet
  facet normal 0 1 0
    outer loop
      vertex -130.611984253 3.99999976158 25
      vertex -133.163162231 5.50324583054 25
      vertex -133.124801636 5.25292015076 25
    endloop
  endfacet
  facet normal 0 1 0
    outer loop
      vertex -130.611984253 3.99999976158 25
      vertex -133.124801636 5.25292015076 25
      vertex -133.111984253 4.99999952316 25
    endloop
  endfacet
  facet normal 0 1 -0
    outer loop
      vertex -133.111984253 4.99999952316 25
      vertex -133.124801636 4.74707937241 25
      vertex -130.611984253 3.99999976158 25
    endloop
  endfacet
  facet normal 0 1 0
    outer loop
      vertex -130.611984253 3.99999976158 25
      vertex -133.124801636 4.74707937241 25
      vertex -133.163162231 4.49675369263 25
    endloop
  endfacet
  facet normal 0 1 0
    outer loop
      vertex -130.611984253 3.99999976158 25
      vertex -133.163162231 4.49675369263 25
      vertex -133.226638794 4.25159215927 25
    endloop
  endfacet
  facet normal -0 1 0
    outer loop
      vertex -133.314590454 4.01411008835 25
      vertex -130.661224365 3.37426233292 25
      vertex -133.226638794 4.25159215927 25
    endloop
  endfacet
  facet normal 0 1 0
    outer loop
      vertex -133.226638794 4.25159215927 25
      vertex -130.661224365 3.37426233292 25
      vertex -130.624313354 3.6861641407 25
    endloop
  endfacet
  facet normal 0 1 0
    outer loop
      vertex -133.226638794 4.25159215927 25
      vertex -130.624313354 3.6861641407 25
      vertex -130.611984253 3.99999976158 25
    endloop
  endfacet
  facet normal -0 1 0
    outer loop
      vertex -133.426116943 3.78674554825 25
      vertex -130.807754517 2.76393222809 25
      vertex -133.314590454 4.01411008835 25
    endloop
  endfacet
  facet normal 0 1 0
    outer loop
      vertex -133.314590454 4.01411008835 25
      vertex -130.807754517 2.76393222809 25
      vertex -130.722503662 3.06621837616 25
    endloop
  endfacet
  facet normal 0 1 0
    outer loop
      vertex -133.314590454 4.01411008835 25
      vertex -130.722503662 3.06621837616 25
      vertex -130.661224365 3.37426233292 25
    endloop
  endfacet
  facet normal -0 1 0
    outer loop
      vertex -133.560073853 3.57182908058 25
      vertex -131.047958374 2.18403816223 25
      vertex -133.426116943 3.78674554825 25
    endloop
  endfacet
  facet normal 0 1 0
    outer loop
      vertex -133.426116943 3.78674554825 25
      vertex -131.047958374 2.18403816223 25
      vertex -130.91645813 2.46926641464 25
    endloop
  endfacet
  facet normal 0 1 0
    outer loop
      vertex -133.426116943 3.78674554825 25
      vertex -130.91645813 2.46926641464 25
      vertex -130.807754517 2.76393222809 25
    endloop
  endfacet
  facet normal 0 1 0
    outer loop
      vertex -131.047958374 2.18403816223 25
      vertex -133.560073853 3.57182908058 25
      vertex -131.201416016 1.91000533104 25
    endloop
  endfacet
  facet normal 0 1 0
    outer loop
      vertex -131.201416016 1.91000533104 25
      vertex -133.560073853 3.57182908058 25
      vertex -133.715087891 3.37156867981 25
    endloop
  endfacet
  facet normal 0 1 0
    outer loop
      vertex -131.201416016 1.91000533104 25
      vertex -133.715087891 3.37156867981 25
      vertex -131.375915527 1.64885866642 25
    endloop
  endfacet
  facet normal 0 1 0
    outer loop
      vertex -131.375915527 1.64885866642 25
      vertex -133.715087891 3.37156867981 25
      vertex -131.570358276 1.40220785141 25
    endloop
  endfacet
  facet normal 0 1 0
    outer loop
      vertex -131.570358276 1.40220785141 25
      vertex -133.715087891 3.37156867981 25
      vertex -133.889556885 3.18801856041 25
    endloop
  endfacet
  facet normal 0 1 0
    outer loop
      vertex -131.570358276 1.40220785141 25
      vertex -133.889556885 3.18801856041 25
      vertex -131.783554077 1.17157268524 25
    endloop
  endfacet
  facet normal 0 1 0
    outer loop
      vertex -131.783554077 1.17157268524 25
      vertex -133.889556885 3.18801856041 25
      vertex -132.014190674 0.958375990391 25
    endloop
  endfacet
  facet normal 0 1 0
    outer loop
      vertex -132.014190674 0.958375990391 25
      vertex -133.889556885 3.18801856041 25
      vertex -132.26083374 0.763932287693 25
    endloop
  endfacet
  facet normal 0 1 0
    outer loop
      vertex -132.26083374 0.763932287693 25
      vertex -133.889556885 3.18801856041 25
      vertex -134.081710815 3.02306103706 25
    endloop
  endfacet
  facet normal 0 1 0
    outer loop
      vertex -132.26083374 0.763932287693 25
      vertex -134.081710815 3.02306103706 25
      vertex -132.521987915 0.58943939209 25
    endloop
  endfacet
  facet normal 0 1 0
    outer loop
      vertex -132.521987915 0.58943939209 25
      vertex -134.081710815 3.02306103706 25
      vertex -134.28956604 2.87838983536 25
    endloop
  endfacet
  facet normal 0 1 0
    outer loop
      vertex -132.521987915 0.58943939209 25
      vertex -134.28956604 2.87838983536 25
      vertex -132.796020508 0.435973763466 25
    endloop
  endfacet
  facet normal 0 1 0
    outer loop
      vertex -132.796020508 0.435973763466 25
      vertex -134.28956604 2.87838983536 25
      vertex -133.081253052 0.304481685162 25
    endloop
  endfacet
  facet normal 0 1 0
    outer loop
      vertex -133.081253052 0.304481685162 25
      vertex -134.28956604 2.87838983536 25
      vertex -134.511001587 2.75548815727 25
    endloop
  endfacet
  facet normal 0 1 0
    outer loop
      vertex -133.081253052 0.304481685162 25
      vertex -134.511001587 2.75548815727 25
      vertex -133.375915527 0.195774257183 25
    endloop
  endfacet
  facet normal 0 1 0
    outer loop
      vertex -133.375915527 0.195774257183 25
      vertex -134.511001587 2.75548815727 25
      vertex -133.678207397 0.110519886017 25
    endloop
  endfacet
  facet normal 0 1 0
    outer loop
      vertex -133.678207397 0.110519886017 25
      vertex -134.511001587 2.75548815727 25
      vertex -134.743713379 2.65561914444 25
    endloop
  endfacet
  facet normal 0 1 0
    outer loop
      vertex -133.678207397 0.110519886017 25
      vertex -134.743713379 2.65561914444 25
      vertex -133.986236572 0.0492467880249 25
    endloop
  endfacet
  facet normal 0 1 0
    outer loop
      vertex -133.986236572 0.0492467880249 25
      vertex -134.743713379 2.65561914444 25
      vertex -134.298141479 0.0123304724693 25
    endloop
  endfacet
  facet normal 0 1 0
    outer loop
      vertex -134.298141479 0.0123304724693 25
      vertex -134.743713379 2.65561914444 25
      vertex -134.985351562 2.57980751991 25
    endloop
  endfacet
  facet normal 0 1 0
    outer loop
      vertex -134.298141479 0.0123304724693 25
      vertex -134.985351562 2.57980751991 25
      vertex -134.611984253 1.53080844662e-15 25
    endloop
  endfacet
  facet normal 0 1 0
    outer loop
      vertex -134.611984253 1.53080844662e-15 25
      vertex -134.985351562 2.57980751991 25
      vertex -135.233413696 2.52882957458 25
    endloop
  endfacet
  facet normal 0 1 0
    outer loop
      vertex -134.611984253 1.53080844662e-15 25
      vertex -135.233413696 2.52882957458 25
      vertex -135.485351562 2.50320863724 25
    endloop
  endfacet
  facet normal 0 1 -0
    outer loop
      vertex -135.485351562 2.50320863724 25
      vertex -135.738601685 2.50320863724 25
      vertex -134.611984253 1.53080844662e-15 25
    endloop
  endfacet
  facet normal 0 1 0
    outer loop
      vertex -134.611984253 1.53080844662e-15 25
      vertex -135.738601685 2.50320863724 25
      vertex -135.99055481 2.52882957458 25
    endloop
  endfacet
  facet normal 0 1 0
    outer loop
      vertex -134.611984253 1.53080844662e-15 25
      vertex -135.99055481 2.52882957458 25
      vertex -136.238616943 2.57980751991 25
    endloop
  endfacet
  facet normal 0 1 -0
    outer loop
      vertex -136.238616943 2.57980751991 25
      vertex -136.480239868 2.65561914444 25
      vertex -134.611984253 1.53080844662e-15 25
    endloop
  endfacet
  facet normal 0 1 0
    outer loop
      vertex -134.611984253 1.53080844662e-15 25
      vertex -136.480239868 2.65561914444 25
      vertex -136.712966919 2.75548815727 25
    endloop
  endfacet
  facet normal 0 1 0
    outer loop
      vertex -134.611984253 1.53080844662e-15 25
      vertex -136.712966919 2.75548815727 25
      vertex -136.934387207 2.87838983536 25
    endloop
  endfacet
  facet normal 0 1 -0
    outer loop
      vertex -136.934387207 2.87838983536 25
      vertex -137.142242432 3.02306103706 25
      vertex -134.611984253 1.53080844662e-15 25
    endloop
  endfacet
  facet normal 0 1 0
    outer loop
      vertex -134.611984253 1.53080844662e-15 25
      vertex -137.142242432 3.02306103706 25
      vertex -137.334396362 3.18801856041 25
    endloop
  endfacet
  facet normal 0 1 0
    outer loop
      vertex -170.099151611 36.7470779419 25
      vertex -170.111984253 37 25
      vertex -172.611984253 38 25
    endloop
  endfacet
  facet normal 0 1 0
    outer loop
      vertex -172.611984253 38 25
      vertex -170.111984253 37 25
      vertex -170.099151611 37.2529220581 25
    endloop
  endfacet
  facet normal 0 1 0
    outer loop
      vertex -172.611984253 38 25
      vertex -170.099151611 37.2529220581 25
      vertex -170.060806274 37.5032463074 25
    endloop
  endfacet
  facet normal 0 1 0
    outer loop
      vertex -170.060806274 37.5032463074 25
      vertex -169.997329712 37.7484092712 25
      vertex -172.611984253 38 25
    endloop
  endfacet
  facet normal -0 1 0
    outer loop
      vertex -172.611984253 38 25
      vertex -169.997329712 37.7484092712 25
      vertex -172.599655151 38.313835144 25
    endloop
  endfacet
  facet normal -0 1 0
    outer loop
      vertex -172.599655151 38.313835144 25
      vertex -169.997329712 37.7484092712 25
      vertex -172.562728882 38.6257362366 25
    endloop
  endfacet
  facet normal 0 1 0
    outer loop
      vertex -172.562728882 38.6257362366 25
      vertex -169.997329712 37.7484092712 25
      vertex -169.909378052 37.9858894348 25
    endloop
  endfacet
  facet normal -0 1 0
    outer loop
      vertex -172.562728882 38.6257362366 25
      vertex -169.909378052 37.9858894348 25
      vertex -172.501464844 38.9337806702 25
    endloop
  endfacet
  facet normal -0 1 0
    outer loop
      vertex -172.501464844 38.9337806702 25
      vertex -169.909378052 37.9858894348 25
      vertex -172.416213989 39.2360687256 25
    endloop
  endfacet
  facet normal 0 1 0
    outer loop
      vertex -172.416213989 39.2360687256 25
      vertex -169.909378052 37.9858894348 25
      vertex -169.797851562 38.2132530212 25
    endloop
  endfacet
  facet normal -0 1 0
    outer loop
      vertex -172.416213989 39.2360687256 25
      vertex -169.797851562 38.2132530212 25
      vertex -172.307495117 39.5307350159 25
    endloop
  endfacet
  facet normal -0 1 0
    outer loop
      vertex -172.307495117 39.5307350159 25
      vertex -169.797851562 38.2132530212 25
      vertex -172.176010132 39.8159637451 25
    endloop
  endfacet
  facet normal 0 1 0
    outer loop
      vertex -172.176010132 39.8159637451 25
      vertex -169.797851562 38.2132530212 25
      vertex -169.663894653 38.4281692505 25
    endloop
  endfacet
  facet normal -0 1 0
    outer loop
      vertex -172.176010132 39.8159637451 25
      vertex -169.663894653 38.4281692505 25
      vertex -172.022537231 40.0899925232 25
    endloop
  endfacet
  facet normal 0 1 0
    outer loop
      vertex -172.022537231 40.0899925232 25
      vertex -169.663894653 38.4281692505 25
      vertex -169.508880615 38.6284294128 25
    endloop
  endfacet
  facet normal -0 1 0
    outer loop
      vertex -172.022537231 40.0899925232 25
      vertex -169.508880615 38.6284294128 25
      vertex -171.848052979 40.3511428833 25
    endloop
  endfacet
  facet normal -0 1 0
    outer loop
      vertex -171.848052979 40.3511428833 25
      vertex -169.508880615 38.6284294128 25
      vertex -171.653610229 40.5977935791 25
    endloop
  endfacet
  facet normal 0 1 0
    outer loop
      vertex -171.653610229 40.5977935791 25
      vertex -169.508880615 38.6284294128 25
      vertex -169.334396362 38.8119812012 25
    endloop
  endfacet
  facet normal -0 1 0
    outer loop
      vertex -171.653610229 40.5977935791 25
      vertex -169.334396362 38.8119812012 25
      vertex -171.440414429 40.8284263611 25
    endloop
  endfacet
  facet normal -0 1 0
    outer loop
      vertex -171.440414429 40.8284263611 25
      vertex -169.334396362 38.8119812012 25
      vertex -171.209777832 41.0416221619 25
    endloop
  endfacet
  facet normal -0 1 0
    outer loop
      vertex -171.209777832 41.0416221619 25
      vertex -169.334396362 38.8119812012 25
      vertex -170.963119507 41.2360687256 25
    endloop
  endfacet
  facet normal 0 1 0
    outer loop
      vertex -170.963119507 41.2360687256 25
      vertex -169.334396362 38.8119812012 25
      vertex -169.142242432 38.976940155 25
    endloop
  endfacet
  facet normal -0 1 0
    outer loop
      vertex -170.963119507 41.2360687256 25
      vertex -169.142242432 38.976940155 25
      vertex -170.701980591 41.4105606079 25
    endloop
  endfacet
  facet normal 0 1 0
    outer loop
      vertex -170.701980591 41.4105606079 25
      vertex -169.142242432 38.976940155 25
      vertex -168.934387207 39.1216125488 25
    endloop
  endfacet
  facet normal -0 1 0
    outer loop
      vertex -170.701980591 41.4105606079 25
      vertex -168.934387207 39.1216125488 25
      vertex -170.427947998 41.5640258789 25
    endloop
  endfacet
  facet normal -0 1 0
    outer loop
      vertex -170.427947998 41.5640258789 25
      vertex -168.934387207 39.1216125488 25
      vertex -170.142715454 41.6955184937 25
    endloop
  endfacet
  facet normal 0 1 0
    outer loop
      vertex -170.142715454 41.6955184937 25
      vertex -168.934387207 39.1216125488 25
      vertex -168.712966919 39.2445106506 25
    endloop
  endfacet
  facet normal -0 1 0
    outer loop
      vertex -170.142715454 41.6955184937 25
      vertex -168.712966919 39.2445106506 25
      vertex -169.848052979 41.8042259216 25
    endloop
  endfacet
  facet normal -0 1 0
    outer loop
      vertex -169.848052979 41.8042259216 25
      vertex -168.712966919 39.2445106506 25
      vertex -169.545761108 41.8894805908 25
    endloop
  endfacet
  facet normal 0 1 0
    outer loop
      vertex -169.545761108 41.8894805908 25
      vertex -168.712966919 39.2445106506 25
      vertex -168.480239868 39.344379425 25
    endloop
  endfacet
  facet normal -0 1 0
    outer loop
      vertex -169.545761108 41.8894805908 25
      vertex -168.480239868 39.344379425 25
      vertex -169.237716675 41.9507522583 25
    endloop
  endfacet
  facet normal -0 1 0
    outer loop
      vertex -169.237716675 41.9507522583 25
      vertex -168.480239868 39.344379425 25
      vertex -168.925811768 41.9876708984 25
    endloop
  endfacet
  facet normal 0 1 0
    outer loop
      vertex -168.925811768 41.9876708984 25
      vertex -168.480239868 39.344379425 25
      vertex -168.238616943 39.4201927185 25
    endloop
  endfacet
  facet normal -0 1 0
    outer loop
      vertex -168.925811768 41.9876708984 25
      vertex -168.238616943 39.4201927185 25
      vertex -168.611984253 42 25
    endloop
  endfacet
  facet normal 0 1 0
    outer loop
      vertex -168.611984253 42 25
      vertex -168.238616943 39.4201927185 25
      vertex -167.99055481 39.4711723328 25
    endloop
  endfacet
  facet normal 0 1 0
    outer loop
      vertex -168.611984253 42 25
      vertex -167.99055481 39.4711723328 25
      vertex -167.738601685 39.4967918396 25
    endloop
  endfacet
  facet normal -0 1 0
    outer loop
      vertex -167.738601685 39.4967918396 25
      vertex -167.485351562 39.4967918396 25
      vertex -168.611984253 42 25
    endloop
  endfacet
  facet normal 0 1 0
    outer loop
      vertex -168.611984253 42 25
      vertex -167.485351562 39.4967918396 25
      vertex -167.233413696 39.4711723328 25
    endloop
  endfacet
  facet normal 0 1 0
    outer loop
      vertex -168.611984253 42 25
      vertex -167.233413696 39.4711723328 25
      vertex -166.985351562 39.4201927185 25
    endloop
  endfacet
  facet normal -0 1 0
    outer loop
      vertex -166.985351562 39.4201927185 25
      vertex -166.743713379 39.344379425 25
      vertex -168.611984253 42 25
    endloop
  endfacet
  facet normal 0 1 0
    outer loop
      vertex -168.611984253 42 25
      vertex -166.743713379 39.344379425 25
      vertex -166.511001587 39.2445106506 25
    endloop
  endfacet
  facet normal 0 1 0
    outer loop
      vertex -168.611984253 42 25
      vertex -166.511001587 39.2445106506 25
      vertex -166.28956604 39.1216125488 25
    endloop
  endfacet
  facet normal -0 1 0
    outer loop
      vertex -166.28956604 39.1216125488 25
      vertex -166.081710815 38.976940155 25
      vertex -168.611984253 42 25
    endloop
  endfacet
  facet normal 0 1 0
    outer loop
      vertex -168.611984253 42 25
      vertex -166.081710815 38.976940155 25
      vertex -165.889556885 38.8119812012 25
    endloop
  endfacet
  facet normal 0 1 -0
    outer loop
      vertex -165.889556885 35.1880187988 25
      vertex -166.081710815 35.023059845 25
      vertex -165.889556885 6.81198215485 25
    endloop
  endfacet
  facet normal 0 1 0
    outer loop
      vertex -165.889556885 6.81198215485 25
      vertex -166.081710815 35.023059845 25
      vertex -166.081710815 6.97693967819 25
    endloop
  endfacet
  facet normal 0 1 0
    outer loop
      vertex -166.081710815 6.97693967819 25
      vertex -166.081710815 35.023059845 25
      vertex -166.28956604 34.8783874512 25
    endloop
  endfacet
  facet normal 0 1 0
    outer loop
      vertex -166.081710815 6.97693967819 25
      vertex -166.28956604 34.8783874512 25
      vertex -166.28956604 7.12161064148 25
    endloop
  endfacet
  facet normal 0 1 0
    outer loop
      vertex -166.28956604 7.12161064148 25
      vertex -166.28956604 34.8783874512 25
      vertex -166.511001587 34.7554893494 25
    endloop
  endfacet
  facet normal 0 1 0
    outer loop
      vertex -166.28956604 7.12161064148 25
      vertex -166.511001587 34.7554893494 25
      vertex -166.511001587 7.24451112747 25
    endloop
  endfacet
  facet normal 0 1 0
    outer loop
      vertex -166.511001587 7.24451112747 25
      vertex -166.511001587 34.7554893494 25
      vertex -166.743713379 34.655620575 25
    endloop
  endfacet
  facet normal 0 1 0
    outer loop
      vertex -166.511001587 7.24451112747 25
      vertex -166.743713379 34.655620575 25
      vertex -166.743713379 7.34438037872 25
    endloop
  endfacet
  facet normal 0 1 0
    outer loop
      vertex -166.743713379 7.34438037872 25
      vertex -166.743713379 34.655620575 25
      vertex -166.985351562 34.5798072815 25
    endloop
  endfacet
  facet normal 0 1 0
    outer loop
      vertex -166.743713379 7.34438037872 25
      vertex -166.985351562 34.5798072815 25
      vertex -166.985351562 7.42019319534 25
    endloop
  endfacet
  facet normal 0 1 0
    outer loop
      vertex -166.985351562 7.42019319534 25
      vertex -166.985351562 34.5798072815 25
      vertex -167.233413696 34.5288276672 25
    endloop
  endfacet
  facet normal 0 1 0
    outer loop
      vertex -166.985351562 7.42019319534 25
      vertex -167.233413696 34.5288276672 25
      vertex -167.233413696 7.47117090225 25
    endloop
  endfacet
  facet normal 0 1 0
    outer loop
      vertex -167.233413696 7.47117090225 25
      vertex -167.233413696 34.5288276672 25
      vertex -167.485351562 34.5032081604 25
    endloop
  endfacet
  facet normal 0 1 0
    outer loop
      vertex -167.233413696 7.47117090225 25
      vertex -167.485351562 34.5032081604 25
      vertex -167.485351562 7.49679088593 25
    endloop
  endfacet
  facet normal 0 1 0
    outer loop
      vertex -167.485351562 7.49679088593 25
      vertex -167.485351562 34.5032081604 25
      vertex -167.738601685 34.5032081604 25
    endloop
  endfacet
  facet normal 0 1 0
    outer loop
      vertex -167.485351562 7.49679088593 25
      vertex -167.738601685 34.5032081604 25
      vertex -167.738601685 7.49679088593 25
    endloop
  endfacet
  facet normal 0 1 0
    outer loop
      vertex -167.738601685 7.49679088593 25
      vertex -167.738601685 34.5032081604 25
      vertex -167.99055481 7.47117090225 25
    endloop
  endfacet
  facet normal 0 1 0
    outer loop
      vertex -167.99055481 7.47117090225 25
      vertex -167.738601685 34.5032081604 25
      vertex -167.99055481 34.5288276672 25
    endloop
  endfacet
  facet normal 0 1 0
    outer loop
      vertex -167.99055481 7.47117090225 25
      vertex -167.99055481 34.5288276672 25
      vertex -168.238616943 7.42019319534 25
    endloop
  endfacet
  facet normal 0 1 0
    outer loop
      vertex -168.238616943 7.42019319534 25
      vertex -167.99055481 34.5288276672 25
      vertex -168.238616943 34.5798072815 25
    endloop
  endfacet
  facet normal 0 1 0
    outer loop
      vertex -168.238616943 7.42019319534 25
      vertex -168.238616943 34.5798072815 25
      vertex -168.480239868 7.34438037872 25
    endloop
  endfacet
  facet normal 0 1 0
    outer loop
      vertex -168.480239868 7.34438037872 25
      vertex -168.238616943 34.5798072815 25
      vertex -168.480239868 34.655620575 25
    endloop
  endfacet
  facet normal 0 1 0
    outer loop
      vertex -168.480239868 7.34438037872 25
      vertex -168.480239868 34.655620575 25
      vertex -168.712966919 7.24451112747 25
    endloop
  endfacet
  facet normal 0 1 0
    outer loop
      vertex -168.712966919 7.24451112747 25
      vertex -168.480239868 34.655620575 25
      vertex -168.712966919 34.7554893494 25
    endloop
  endfacet
  facet normal 0 1 0
    outer loop
      vertex -168.712966919 7.24451112747 25
      vertex -168.712966919 34.7554893494 25
      vertex -168.934387207 7.12161064148 25
    endloop
  endfacet
  facet normal 0 1 0
    outer loop
      vertex -168.934387207 7.12161064148 25
      vertex -168.712966919 34.7554893494 25
      vertex -168.934387207 34.8783874512 25
    endloop
  endfacet
  facet normal 0 1 0
    outer loop
      vertex -168.934387207 7.12161064148 25
      vertex -168.934387207 34.8783874512 25
      vertex -169.142242432 6.97693967819 25
    endloop
  endfacet
  facet normal 0 1 0
    outer loop
      vertex -169.142242432 6.97693967819 25
      vertex -168.934387207 34.8783874512 25
      vertex -169.142242432 35.023059845 25
    endloop
  endfacet
  facet normal 0 1 0
    outer loop
      vertex -169.142242432 6.97693967819 25
      vertex -169.142242432 35.023059845 25
      vertex -169.334396362 35.1880187988 25
    endloop
  endfacet
  facet normal 0 1 -0
    outer loop
      vertex -169.508880615 35.3715705872 25
      vertex -172.611984253 38 25
      vertex -169.334396362 35.1880187988 25
    endloop
  endfacet
  facet normal 0 1 0
    outer loop
      vertex -169.334396362 35.1880187988 25
      vertex -172.611984253 38 25
      vertex -172.611984253 3.99999976158 25
    endloop
  endfacet
  facet normal 0 1 -0
    outer loop
      vertex -169.334396362 35.1880187988 25
      vertex -172.611984253 3.99999976158 25
      vertex -169.334396362 6.81198215485 25
    endloop
  endfacet
  facet normal 0 1 0
    outer loop
      vertex -169.334396362 6.81198215485 25
      vertex -172.611984253 3.99999976158 25
      vertex -169.508880615 6.62843179703 25
    endloop
  endfacet
  facet normal 0 1 0
    outer loop
      vertex -169.508880615 6.62843179703 25
      vertex -172.611984253 3.99999976158 25
      vertex -169.663894653 6.42817020416 25
    endloop
  endfacet
  facet normal 0 1 0
    outer loop
      vertex -169.663894653 6.42817020416 25
      vertex -172.611984253 3.99999976158 25
      vertex -169.797851562 6.21325492859 25
    endloop
  endfacet
  facet normal 0 1 0
    outer loop
      vertex -169.797851562 6.21325492859 25
      vertex -172.611984253 3.99999976158 25
      vertex -169.909378052 5.98588943481 25
    endloop
  endfacet
  facet normal 0 1 0
    outer loop
      vertex -169.909378052 5.98588943481 25
      vertex -172.611984253 3.99999976158 25
      vertex -169.997329712 5.74840831757 25
    endloop
  endfacet
  facet normal 0 1 0
    outer loop
      vertex -169.997329712 5.74840831757 25
      vertex -172.611984253 3.99999976158 25
      vertex -170.060806274 5.50324583054 25
    endloop
  endfacet
  facet normal 0 1 0
    outer loop
      vertex -170.060806274 5.50324583054 25
      vertex -172.611984253 3.99999976158 25
      vertex -170.099151611 5.25292015076 25
    endloop
  endfacet
  facet normal 0 1 0
    outer loop
      vertex -170.099151611 5.25292015076 25
      vertex -172.611984253 3.99999976158 25
      vertex -170.111984253 4.99999952316 25
    endloop
  endfacet
  facet normal 0 1 -0
    outer loop
      vertex -170.111984253 4.99999952316 25
      vertex -172.611984253 3.99999976158 25
      vertex -170.099151611 4.74707937241 25
    endloop
  endfacet
  facet normal 0 1 -0
    outer loop
      vertex -170.099151611 4.74707937241 25
      vertex -172.611984253 3.99999976158 25
      vertex -170.060806274 4.49675369263 25
    endloop
  endfacet
  facet normal 0 1 -0
    outer loop
      vertex -170.060806274 4.49675369263 25
      vertex -172.611984253 3.99999976158 25
      vertex -169.997329712 4.25159215927 25
    endloop
  endfacet
  facet normal 0 1 0
    outer loop
      vertex -169.997329712 4.25159215927 25
      vertex -172.611984253 3.99999976158 25
      vertex -172.599655151 3.6861641407 25
    endloop
  endfacet
  facet normal 0 1 0
    outer loop
      vertex -169.997329712 4.25159215927 25
      vertex -172.599655151 3.6861641407 25
      vertex -172.562728882 3.37426233292 25
    endloop
  endfacet
  facet normal 0 1 0
    outer loop
      vertex -169.508880615 35.3715705872 25
      vertex -169.663894653 35.5718307495 25
      vertex -172.611984253 38 25
    endloop
  endfacet
  facet normal 0 1 0
    outer loop
      vertex -172.611984253 38 25
      vertex -169.663894653 35.5718307495 25
      vertex -169.797851562 35.7867469788 25
    endloop
  endfacet
  facet normal 0 1 0
    outer loop
      vertex -172.611984253 38 25
      vertex -169.797851562 35.7867469788 25
      vertex -169.909378052 36.0141105652 25
    endloop
  endfacet
  facet normal 0 1 0
    outer loop
      vertex -169.909378052 36.0141105652 25
      vertex -169.997329712 36.2515907288 25
      vertex -172.611984253 38 25
    endloop
  endfacet
  facet normal 0 1 0
    outer loop
      vertex -172.611984253 38 25
      vertex -169.997329712 36.2515907288 25
      vertex -170.060806274 36.4967536926 25
    endloop
  endfacet
  facet normal 0 1 0
    outer loop
      vertex -172.611984253 38 25
      vertex -170.060806274 36.4967536926 25
      vertex -170.099151611 36.7470779419 25
    endloop
  endfacet
  facet normal 0 1 0
    outer loop
      vertex -136.934387207 39.1216125488 25
      vertex -136.712966919 39.2445106506 25
      vertex -134.611984253 42 25
    endloop
  endfacet
  facet normal 0 1 0
    outer loop
      vertex -134.611984253 42 25
      vertex -136.712966919 39.2445106506 25
      vertex -136.480239868 39.344379425 25
    endloop
  endfacet
  facet normal 0 1 0
    outer loop
      vertex -134.611984253 42 25
      vertex -136.480239868 39.344379425 25
      vertex -136.238616943 39.4201927185 25
    endloop
  endfacet
  facet normal 0 1 0
    outer loop
      vertex -136.238616943 39.4201927185 25
      vertex -135.99055481 39.4711723328 25
      vertex -134.611984253 42 25
    endloop
  endfacet
  facet normal 0 1 0
    outer loop
      vertex -134.611984253 42 25
      vertex -135.99055481 39.4711723328 25
      vertex -135.738601685 39.4967918396 25
    endloop
  endfacet
  facet normal 0 1 0
    outer loop
      vertex -134.611984253 42 25
      vertex -135.738601685 39.4967918396 25
      vertex -135.485351562 39.4967918396 25
    endloop
  endfacet
  facet normal -0 1 0
    outer loop
      vertex -135.485351562 39.4967918396 25
      vertex -135.233413696 39.4711723328 25
      vertex -134.611984253 42 25
    endloop
  endfacet
  facet normal 0 1 0
    outer loop
      vertex -134.611984253 42 25
      vertex -135.233413696 39.4711723328 25
      vertex -134.985351562 39.4201927185 25
    endloop
  endfacet
  facet normal 0 1 -0
    outer loop
      vertex -134.611984253 42 25
      vertex -134.985351562 39.4201927185 25
      vertex -134.298141479 41.9876708984 25
    endloop
  endfacet
  facet normal 0 1 0
    outer loop
      vertex -134.298141479 41.9876708984 25
      vertex -134.985351562 39.4201927185 25
      vertex -134.743713379 39.344379425 25
    endloop
  endfacet
  facet normal 0 1 -0
    outer loop
      vertex -134.298141479 41.9876708984 25
      vertex -134.743713379 39.344379425 25
      vertex -133.986236572 41.9507522583 25
    endloop
  endfacet
  facet normal 0 1 -0
    outer loop
      vertex -133.986236572 41.9507522583 25
      vertex -134.743713379 39.344379425 25
      vertex -133.678207397 41.8894805908 25
    endloop
  endfacet
  facet normal 0 1 0
    outer loop
      vertex -133.678207397 41.8894805908 25
      vertex -134.743713379 39.344379425 25
      vertex -134.511001587 39.2445106506 25
    endloop
  endfacet
  facet normal 0 1 -0
    outer loop
      vertex -133.678207397 41.8894805908 25
      vertex -134.511001587 39.2445106506 25
      vertex -133.375915527 41.8042259216 25
    endloop
  endfacet
  facet normal 0 1 -0
    outer loop
      vertex -133.375915527 41.8042259216 25
      vertex -134.511001587 39.2445106506 25
      vertex -133.081253052 41.6955184937 25
    endloop
  endfacet
  facet normal 0 1 0
    outer loop
      vertex -133.081253052 41.6955184937 25
      vertex -134.511001587 39.2445106506 25
      vertex -134.28956604 39.1216125488 25
    endloop
  endfacet
  facet normal 0 1 -0
    outer loop
      vertex -133.081253052 41.6955184937 25
      vertex -134.28956604 39.1216125488 25
      vertex -132.796020508 41.5640258789 25
    endloop
  endfacet
  facet normal 0 1 -0
    outer loop
      vertex -132.796020508 41.5640258789 25
      vertex -134.28956604 39.1216125488 25
      vertex -132.521987915 41.4105606079 25
    endloop
  endfacet
  facet normal 0 1 0
    outer loop
      vertex -132.521987915 41.4105606079 25
      vertex -134.28956604 39.1216125488 25
      vertex -134.081710815 38.976940155 25
    endloop
  endfacet
  facet normal 0 1 -0
    outer loop
      vertex -132.521987915 41.4105606079 25
      vertex -134.081710815 38.976940155 25
      vertex -132.26083374 41.2360687256 25
    endloop
  endfacet
  facet normal 0 1 0
    outer loop
      vertex -132.26083374 41.2360687256 25
      vertex -134.081710815 38.976940155 25
      vertex -133.889556885 38.8119812012 25
    endloop
  endfacet
  facet normal 0 1 -0
    outer loop
      vertex -132.26083374 41.2360687256 25
      vertex -133.889556885 38.8119812012 25
      vertex -132.014190674 41.0416221619 25
    endloop
  endfacet
  facet normal 0 1 -0
    outer loop
      vertex -132.014190674 41.0416221619 25
      vertex -133.889556885 38.8119812012 25
      vertex -131.783554077 40.8284263611 25
    endloop
  endfacet
  facet normal 0 1 -0
    outer loop
      vertex -131.783554077 40.8284263611 25
      vertex -133.889556885 38.8119812012 25
      vertex -131.570358276 40.5977935791 25
    endloop
  endfacet
  facet normal 0 1 0
    outer loop
      vertex -131.570358276 40.5977935791 25
      vertex -133.889556885 38.8119812012 25
      vertex -133.715087891 38.6284294128 25
    endloop
  endfacet
  facet normal 0 1 -0
    outer loop
      vertex -131.570358276 40.5977935791 25
      vertex -133.715087891 38.6284294128 25
      vertex -131.375915527 40.3511428833 25
    endloop
  endfacet
  facet normal 0 1 -0
    outer loop
      vertex -131.375915527 40.3511428833 25
      vertex -133.715087891 38.6284294128 25
      vertex -131.201416016 40.0899925232 25
    endloop
  endfacet
  facet normal 0 1 0
    outer loop
      vertex -131.201416016 40.0899925232 25
      vertex -133.715087891 38.6284294128 25
      vertex -133.560073853 38.4281692505 25
    endloop
  endfacet
  facet normal 0 1 -0
    outer loop
      vertex -131.201416016 40.0899925232 25
      vertex -133.560073853 38.4281692505 25
      vertex -131.047958374 39.8159637451 25
    endloop
  endfacet
  facet normal 0 1 0
    outer loop
      vertex -131.047958374 39.8159637451 25
      vertex -133.560073853 38.4281692505 25
      vertex -133.426116943 38.2132530212 25
    endloop
  endfacet
  facet normal 0 1 -0
    outer loop
      vertex -131.047958374 39.8159637451 25
      vertex -133.426116943 38.2132530212 25
      vertex -130.91645813 39.5307350159 25
    endloop
  endfacet
  facet normal 0 1 -0
    outer loop
      vertex -130.91645813 39.5307350159 25
      vertex -133.426116943 38.2132530212 25
      vertex -130.807754517 39.2360687256 25
    endloop
  endfacet
  facet normal 0 1 0
    outer loop
      vertex -130.807754517 39.2360687256 25
      vertex -133.426116943 38.2132530212 25
      vertex -133.314590454 37.9858894348 25
    endloop
  endfacet
  facet normal 0 1 -0
    outer loop
      vertex -130.807754517 39.2360687256 25
      vertex -133.314590454 37.9858894348 25
      vertex -130.722503662 38.9337806702 25
    endloop
  endfacet
  facet normal 0 1 -0
    outer loop
      vertex -130.722503662 38.9337806702 25
      vertex -133.314590454 37.9858894348 25
      vertex -130.661224365 38.6257362366 25
    endloop
  endfacet
  facet normal 0 1 0
    outer loop
      vertex -130.661224365 38.6257362366 25
      vertex -133.314590454 37.9858894348 25
      vertex -133.226638794 37.7484092712 25
    endloop
  endfacet
  facet normal 0 1 -0
    outer loop
      vertex -130.661224365 38.6257362366 25
      vertex -133.226638794 37.7484092712 25
      vertex -130.624313354 38.313835144 25
    endloop
  endfacet
  facet normal 0 1 -0
    outer loop
      vertex -130.624313354 38.313835144 25
      vertex -133.226638794 37.7484092712 25
      vertex -130.611984253 38 25
    endloop
  endfacet
  facet normal 0 1 0
    outer loop
      vertex -130.611984253 38 25
      vertex -133.226638794 37.7484092712 25
      vertex -133.163162231 37.5032463074 25
    endloop
  endfacet
  facet normal 0 1 0
    outer loop
      vertex -130.611984253 38 25
      vertex -133.163162231 37.5032463074 25
      vertex -133.124801636 37.2529220581 25
    endloop
  endfacet
  facet normal -0 1 0
    outer loop
      vertex -133.124801636 37.2529220581 25
      vertex -133.111984253 37 25
      vertex -130.611984253 38 25
    endloop
  endfacet
  facet normal 0 1 0
    outer loop
      vertex -130.611984253 38 25
      vertex -133.111984253 37 25
      vertex -133.124801636 36.7470779419 25
    endloop
  endfacet
  facet normal 0 1 0
    outer loop
      vertex -130.611984253 38 25
      vertex -133.124801636 36.7470779419 25
      vertex -133.163162231 36.4967536926 25
    endloop
  endfacet
  facet normal -0 1 -0
    outer loop
      vertex -133.163162231 36.4967536926 25
      vertex -133.226638794 36.2515907288 25
      vertex -130.611984253 38 25
    endloop
  endfacet
  facet normal 0 1 0
    outer loop
      vertex -130.611984253 38 25
      vertex -133.226638794 36.2515907288 25
      vertex -133.314590454 36.0141105652 25
    endloop
  endfacet
  facet normal 0 1 0
    outer loop
      vertex -130.611984253 38 25
      vertex -133.314590454 36.0141105652 25
      vertex -133.426116943 35.7867469788 25
    endloop
  endfacet
  facet normal -0 1 -0
    outer loop
      vertex -133.426116943 35.7867469788 25
      vertex -133.560073853 35.5718307495 25
      vertex -130.611984253 38 25
    endloop
  endfacet
  facet normal 0 1 0
    outer loop
      vertex -130.611984253 38 25
      vertex -133.560073853 35.5718307495 25
      vertex -133.715087891 35.3715705872 25
    endloop
  endfacet
  facet normal 0 1 0
    outer loop
      vertex -130.611984253 38 25
      vertex -133.715087891 35.3715705872 25
      vertex -133.889556885 35.1880187988 25
    endloop
  endfacet
  facet normal 0 1 0
    outer loop
      vertex -169.334396362 6.81198215485 25
      vertex -169.142242432 6.97693967819 25
      vertex -169.334396362 35.1880187988 25
    endloop
  endfacet
  facet normal 0 1 0
    outer loop
      vertex -166.28956604 2.87838983536 25
      vertex -166.511001587 2.75548815727 25
      vertex -168.611984253 1.53080844662e-15 25
    endloop
  endfacet
  facet normal 0 1 0
    outer loop
      vertex -168.611984253 1.53080844662e-15 25
      vertex -166.511001587 2.75548815727 25
      vertex -166.743713379 2.65561914444 25
    endloop
  endfacet
  facet normal 0 1 0
    outer loop
      vertex -168.611984253 1.53080844662e-15 25
      vertex -166.743713379 2.65561914444 25
      vertex -166.985351562 2.57980751991 25
    endloop
  endfacet
  facet normal 0 1 0
    outer loop
      vertex -166.985351562 2.57980751991 25
      vertex -167.233413696 2.52882957458 25
      vertex -168.611984253 1.53080844662e-15 25
    endloop
  endfacet
  facet normal 0 1 0
    outer loop
      vertex -168.611984253 1.53080844662e-15 25
      vertex -167.233413696 2.52882957458 25
      vertex -167.485351562 2.50320863724 25
    endloop
  endfacet
  facet normal 0 1 0
    outer loop
      vertex -168.611984253 1.53080844662e-15 25
      vertex -167.485351562 2.50320863724 25
      vertex -167.738601685 2.50320863724 25
    endloop
  endfacet
  facet normal 0 1 0
    outer loop
      vertex -167.738601685 2.50320863724 25
      vertex -167.99055481 2.52882957458 25
      vertex -168.611984253 1.53080844662e-15 25
    endloop
  endfacet
  facet normal 0 1 0
    outer loop
      vertex -168.611984253 1.53080844662e-15 25
      vertex -167.99055481 2.52882957458 25
      vertex -168.238616943 2.57980751991 25
    endloop
  endfacet
  facet normal 0 1 0
    outer loop
      vertex -168.611984253 1.53080844662e-15 25
      vertex -168.238616943 2.57980751991 25
      vertex -168.925811768 0.0123304724693 25
    endloop
  endfacet
  facet normal 0 1 0
    outer loop
      vertex -168.925811768 0.0123304724693 25
      vertex -168.238616943 2.57980751991 25
      vertex -168.480239868 2.65561914444 25
    endloop
  endfacet
  facet normal 0 1 0
    outer loop
      vertex -168.925811768 0.0123304724693 25
      vertex -168.480239868 2.65561914444 25
      vertex -169.237716675 0.0492467880249 25
    endloop
  endfacet
  facet normal 0 1 0
    outer loop
      vertex -169.237716675 0.0492467880249 25
      vertex -168.480239868 2.65561914444 25
      vertex -169.545761108 0.110519886017 25
    endloop
  endfacet
  facet normal 0 1 0
    outer loop
      vertex -169.545761108 0.110519886017 25
      vertex -168.480239868 2.65561914444 25
      vertex -168.712966919 2.75548815727 25
    endloop
  endfacet
  facet normal 0 1 0
    outer loop
      vertex -169.545761108 0.110519886017 25
      vertex -168.712966919 2.75548815727 25
      vertex -169.848052979 0.195774257183 25
    endloop
  endfacet
  facet normal 0 1 0
    outer loop
      vertex -169.848052979 0.195774257183 25
      vertex -168.712966919 2.75548815727 25
      vertex -170.142715454 0.304481685162 25
    endloop
  endfacet
  facet normal 0 1 0
    outer loop
      vertex -170.142715454 0.304481685162 25
      vertex -168.712966919 2.75548815727 25
      vertex -168.934387207 2.87838983536 25
    endloop
  endfacet
  facet normal 0 1 0
    outer loop
      vertex -170.142715454 0.304481685162 25
      vertex -168.934387207 2.87838983536 25
      vertex -170.427947998 0.435973763466 25
    endloop
  endfacet
  facet normal 0 1 0
    outer loop
      vertex -170.427947998 0.435973763466 25
      vertex -168.934387207 2.87838983536 25
      vertex -170.701980591 0.58943939209 25
    endloop
  endfacet
  facet normal 0 1 0
    outer loop
      vertex -170.701980591 0.58943939209 25
      vertex -168.934387207 2.87838983536 25
      vertex -169.142242432 3.02306103706 25
    endloop
  endfacet
  facet normal 0 1 0
    outer loop
      vertex -170.701980591 0.58943939209 25
      vertex -169.142242432 3.02306103706 25
      vertex -170.963119507 0.763932287693 25
    endloop
  endfacet
  facet normal 0 1 0
    outer loop
      vertex -170.963119507 0.763932287693 25
      vertex -169.142242432 3.02306103706 25
      vertex -169.334396362 3.18801856041 25
    endloop
  endfacet
  facet normal 0 1 0
    outer loop
      vertex -170.963119507 0.763932287693 25
      vertex -169.334396362 3.18801856041 25
      vertex -171.209777832 0.958375990391 25
    endloop
  endfacet
  facet normal 0 1 0
    outer loop
      vertex -171.209777832 0.958375990391 25
      vertex -169.334396362 3.18801856041 25
      vertex -171.440414429 1.17157268524 25
    endloop
  endfacet
  facet normal 0 1 0
    outer loop
      vertex -171.440414429 1.17157268524 25
      vertex -169.334396362 3.18801856041 25
      vertex -171.653610229 1.40220785141 25
    endloop
  endfacet
  facet normal 0 1 0
    outer loop
      vertex -171.653610229 1.40220785141 25
      vertex -169.334396362 3.18801856041 25
      vertex -169.508880615 3.37156867981 25
    endloop
  endfacet
  facet normal 0 1 0
    outer loop
      vertex -171.653610229 1.40220785141 25
      vertex -169.508880615 3.37156867981 25
      vertex -171.848052979 1.64885866642 25
    endloop
  endfacet
  facet normal 0 1 0
    outer loop
      vertex -171.848052979 1.64885866642 25
      vertex -169.508880615 3.37156867981 25
      vertex -172.022537231 1.91000533104 25
    endloop
  endfacet
  facet normal 0 1 0
    outer loop
      vertex -172.022537231 1.91000533104 25
      vertex -169.508880615 3.37156867981 25
      vertex -169.663894653 3.57182908058 25
    endloop
  endfacet
  facet normal 0 1 0
    outer loop
      vertex -172.022537231 1.91000533104 25
      vertex -169.663894653 3.57182908058 25
      vertex -172.176010132 2.18403816223 25
    endloop
  endfacet
  facet normal 0 1 0
    outer loop
      vertex -172.176010132 2.18403816223 25
      vertex -169.663894653 3.57182908058 25
      vertex -169.797851562 3.78674554825 25
    endloop
  endfacet
  facet normal 0 1 0
    outer loop
      vertex -172.176010132 2.18403816223 25
      vertex -169.797851562 3.78674554825 25
      vertex -172.307495117 2.46926641464 25
    endloop
  endfacet
  facet normal 0 1 0
    outer loop
      vertex -172.307495117 2.46926641464 25
      vertex -169.797851562 3.78674554825 25
      vertex -172.416213989 2.76393222809 25
    endloop
  endfacet
  facet normal 0 1 0
    outer loop
      vertex -172.416213989 2.76393222809 25
      vertex -169.797851562 3.78674554825 25
      vertex -169.909378052 4.01411008835 25
    endloop
  endfacet
  facet normal 0 1 0
    outer loop
      vertex -172.416213989 2.76393222809 25
      vertex -169.909378052 4.01411008835 25
      vertex -172.501464844 3.06621837616 25
    endloop
  endfacet
  facet normal 0 1 0
    outer loop
      vertex -172.501464844 3.06621837616 25
      vertex -169.909378052 4.01411008835 25
      vertex -172.562728882 3.37426233292 25
    endloop
  endfacet
  facet normal 0 1 0
    outer loop
      vertex -172.562728882 3.37426233292 25
      vertex -169.909378052 4.01411008835 25
      vertex -169.997329712 4.25159215927 25
    endloop
  endfacet
  facet normal 0 1 0
    outer loop
      vertex -130.611984253 3.99999976158 25
      vertex -130.611984253 38 25
      vertex -133.889556885 35.1880187988 25
    endloop
  endfacet
  facet normal -0 -1 0
    outer loop
      vertex -138.099151611 4.74707937241 1.19209289551e-07
      vertex -165.124801636 4.74707937241 1.19209289551e-07
      vertex -138.111984253 4.99999952316 1.19209289551e-07
    endloop
  endfacet
  facet normal 0 -1 0
    outer loop
      vertex -138.111984253 4.99999952316 1.19209289551e-07
      vertex -165.124801636 4.74707937241 1.19209289551e-07
      vertex -165.111984253 4.99999952316 1.19209289551e-07
    endloop
  endfacet
  facet normal -0 -1 -0
    outer loop
      vertex -138.111984253 4.99999952316 1.19209289551e-07
      vertex -165.111984253 4.99999952316 1.19209289551e-07
      vertex -138.099151611 5.25292015076 1.19209289551e-07
    endloop
  endfacet
  facet normal 0 -1 0
    outer loop
      vertex -138.099151611 5.25292015076 1.19209289551e-07
      vertex -165.111984253 4.99999952316 1.19209289551e-07
      vertex -165.124801636 5.25292015076 1.19209289551e-07
    endloop
  endfacet
  facet normal -0 -1 -0
    outer loop
      vertex -138.099151611 5.25292015076 1.19209289551e-07
      vertex -165.124801636 5.25292015076 1.19209289551e-07
      vertex -138.060806274 5.50324583054 1.19209289551e-07
    endloop
  endfacet
  facet normal 0 -1 0
    outer loop
      vertex -138.060806274 5.50324583054 1.19209289551e-07
      vertex -165.124801636 5.25292015076 1.19209289551e-07
      vertex -165.163162231 5.50324583054 1.19209289551e-07
    endloop
  endfacet
  facet normal -0 -1 -0
    outer loop
      vertex -138.060806274 5.50324583054 1.19209289551e-07
      vertex -165.163162231 5.50324583054 1.19209289551e-07
      vertex -137.997329712 5.74840831757 1.19209289551e-07
    endloop
  endfacet
  facet normal 0 -1 0
    outer loop
      vertex -137.997329712 5.74840831757 1.19209289551e-07
      vertex -165.163162231 5.50324583054 1.19209289551e-07
      vertex -165.226638794 5.74840831757 1.19209289551e-07
    endloop
  endfacet
  facet normal -0 -1 -0
    outer loop
      vertex -137.997329712 5.74840831757 1.19209289551e-07
      vertex -165.226638794 5.74840831757 1.19209289551e-07
      vertex -137.909378052 5.98588943481 1.19209289551e-07
    endloop
  endfacet
  facet normal 0 -1 0
    outer loop
      vertex -137.909378052 5.98588943481 1.19209289551e-07
      vertex -165.226638794 5.74840831757 1.19209289551e-07
      vertex -165.314590454 5.98588943481 1.19209289551e-07
    endloop
  endfacet
  facet normal -0 -1 -0
    outer loop
      vertex -137.909378052 5.98588943481 1.19209289551e-07
      vertex -165.314590454 5.98588943481 1.19209289551e-07
      vertex -137.797851562 6.21325492859 1.19209289551e-07
    endloop
  endfacet
  facet normal 0 -1 0
    outer loop
      vertex -137.797851562 6.21325492859 1.19209289551e-07
      vertex -165.314590454 5.98588943481 1.19209289551e-07
      vertex -165.426116943 6.21325492859 1.19209289551e-07
    endloop
  endfacet
  facet normal -0 -1 -0
    outer loop
      vertex -137.797851562 6.21325492859 1.19209289551e-07
      vertex -165.426116943 6.21325492859 1.19209289551e-07
      vertex -137.663894653 6.42817020416 1.19209289551e-07
    endloop
  endfacet
  facet normal 0 -1 0
    outer loop
      vertex -137.663894653 6.42817020416 1.19209289551e-07
      vertex -165.426116943 6.21325492859 1.19209289551e-07
      vertex -165.560073853 6.42817020416 1.19209289551e-07
    endloop
  endfacet
  facet normal -0 -1 -0
    outer loop
      vertex -137.663894653 6.42817020416 1.19209289551e-07
      vertex -165.560073853 6.42817020416 1.19209289551e-07
      vertex -137.508880615 6.62843179703 1.19209289551e-07
    endloop
  endfacet
  facet normal 0 -1 0
    outer loop
      vertex -137.508880615 6.62843179703 1.19209289551e-07
      vertex -165.560073853 6.42817020416 1.19209289551e-07
      vertex -165.715087891 6.62843179703 1.19209289551e-07
    endloop
  endfacet
  facet normal -0 -1 -0
    outer loop
      vertex -137.508880615 6.62843179703 1.19209289551e-07
      vertex -165.715087891 6.62843179703 1.19209289551e-07
      vertex -137.334396362 6.81198215485 1.19209289551e-07
    endloop
  endfacet
  facet normal 0 -1 0
    outer loop
      vertex -137.334396362 6.81198215485 1.19209289551e-07
      vertex -165.715087891 6.62843179703 1.19209289551e-07
      vertex -165.889556885 6.81198215485 1.19209289551e-07
    endloop
  endfacet
  facet normal -0 -1 -0
    outer loop
      vertex -137.334396362 6.81198215485 1.19209289551e-07
      vertex -165.889556885 6.81198215485 1.19209289551e-07
      vertex -137.334396362 35.1880187988 1.19209289551e-07
    endloop
  endfacet
  facet normal 0 -1 0
    outer loop
      vertex -137.334396362 35.1880187988 1.19209289551e-07
      vertex -165.889556885 6.81198215485 1.19209289551e-07
      vertex -165.889556885 35.1880187988 1.19209289551e-07
    endloop
  endfacet
  facet normal -0 -1 0
    outer loop
      vertex -137.334396362 35.1880187988 1.19209289551e-07
      vertex -165.889556885 35.1880187988 1.19209289551e-07
      vertex -137.508880615 35.3715705872 1.19209289551e-07
    endloop
  endfacet
  facet normal 0 -1 0
    outer loop
      vertex -137.508880615 35.3715705872 1.19209289551e-07
      vertex -165.889556885 35.1880187988 1.19209289551e-07
      vertex -165.715087891 35.3715705872 1.19209289551e-07
    endloop
  endfacet
  facet normal -0 -1 0
    outer loop
      vertex -137.508880615 35.3715705872 1.19209289551e-07
      vertex -165.715087891 35.3715705872 1.19209289551e-07
      vertex -137.663894653 35.5718307495 1.19209289551e-07
    endloop
  endfacet
  facet normal 0 -1 0
    outer loop
      vertex -137.663894653 35.5718307495 1.19209289551e-07
      vertex -165.715087891 35.3715705872 1.19209289551e-07
      vertex -165.560073853 35.5718307495 1.19209289551e-07
    endloop
  endfacet
  facet normal -0 -1 0
    outer loop
      vertex -137.663894653 35.5718307495 1.19209289551e-07
      vertex -165.560073853 35.5718307495 1.19209289551e-07
      vertex -137.797851562 35.7867469788 1.19209289551e-07
    endloop
  endfacet
  facet normal 0 -1 0
    outer loop
      vertex -137.797851562 35.7867469788 1.19209289551e-07
      vertex -165.560073853 35.5718307495 1.19209289551e-07
      vertex -165.426116943 35.7867469788 1.19209289551e-07
    endloop
  endfacet
  facet normal -0 -1 0
    outer loop
      vertex -137.797851562 35.7867469788 1.19209289551e-07
      vertex -165.426116943 35.7867469788 1.19209289551e-07
      vertex -137.909378052 36.0141105652 1.19209289551e-07
    endloop
  endfacet
  facet normal 0 -1 0
    outer loop
      vertex -137.909378052 36.0141105652 1.19209289551e-07
      vertex -165.426116943 35.7867469788 1.19209289551e-07
      vertex -165.314590454 36.0141105652 1.19209289551e-07
    endloop
  endfacet
  facet normal -0 -1 0
    outer loop
      vertex -137.909378052 36.0141105652 1.19209289551e-07
      vertex -165.314590454 36.0141105652 1.19209289551e-07
      vertex -137.997329712 36.2515907288 1.19209289551e-07
    endloop
  endfacet
  facet normal 0 -1 0
    outer loop
      vertex -137.997329712 36.2515907288 1.19209289551e-07
      vertex -165.314590454 36.0141105652 1.19209289551e-07
      vertex -165.226638794 36.2515907288 1.19209289551e-07
    endloop
  endfacet
  facet normal -0 -1 0
    outer loop
      vertex -137.997329712 36.2515907288 1.19209289551e-07
      vertex -165.226638794 36.2515907288 1.19209289551e-07
      vertex -138.060806274 36.4967536926 1.19209289551e-07
    endloop
  endfacet
  facet normal 0 -1 0
    outer loop
      vertex -138.060806274 36.4967536926 1.19209289551e-07
      vertex -165.226638794 36.2515907288 1.19209289551e-07
      vertex -165.163162231 36.4967536926 1.19209289551e-07
    endloop
  endfacet
  facet normal -0 -1 0
    outer loop
      vertex -138.060806274 36.4967536926 1.19209289551e-07
      vertex -165.163162231 36.4967536926 1.19209289551e-07
      vertex -138.099151611 36.7470779419 1.19209289551e-07
    endloop
  endfacet
  facet normal 0 -1 0
    outer loop
      vertex -138.099151611 36.7470779419 1.19209289551e-07
      vertex -165.163162231 36.4967536926 1.19209289551e-07
      vertex -165.124801636 36.7470779419 1.19209289551e-07
    endloop
  endfacet
  facet normal -0 -1 0
    outer loop
      vertex -138.099151611 36.7470779419 1.19209289551e-07
      vertex -165.124801636 36.7470779419 1.19209289551e-07
      vertex -138.111984253 37 1.19209289551e-07
    endloop
  endfacet
  facet normal 0 -1 0
    outer loop
      vertex -138.111984253 37 1.19209289551e-07
      vertex -165.124801636 36.7470779419 1.19209289551e-07
      vertex -165.111984253 37 1.19209289551e-07
    endloop
  endfacet
  facet normal -0 -1 -0
    outer loop
      vertex -138.111984253 37 1.19209289551e-07
      vertex -165.111984253 37 1.19209289551e-07
      vertex -138.099151611 37.2529220581 1.19209289551e-07
    endloop
  endfacet
  facet normal 0 -1 0
    outer loop
      vertex -138.099151611 37.2529220581 1.19209289551e-07
      vertex -165.111984253 37 1.19209289551e-07
      vertex -165.124801636 37.2529220581 1.19209289551e-07
    endloop
  endfacet
  facet normal -0 -1 -0
    outer loop
      vertex -138.099151611 37.2529220581 1.19209289551e-07
      vertex -165.124801636 37.2529220581 1.19209289551e-07
      vertex -138.060806274 37.5032463074 1.19209289551e-07
    endloop
  endfacet
  facet normal 0 -1 0
    outer loop
      vertex -138.060806274 37.5032463074 1.19209289551e-07
      vertex -165.124801636 37.2529220581 1.19209289551e-07
      vertex -165.163162231 37.5032463074 1.19209289551e-07
    endloop
  endfacet
  facet normal -0 -1 -0
    outer loop
      vertex -138.060806274 37.5032463074 1.19209289551e-07
      vertex -165.163162231 37.5032463074 1.19209289551e-07
      vertex -137.997329712 37.7484092712 1.19209289551e-07
    endloop
  endfacet
  facet normal 0 -1 0
    outer loop
      vertex -137.997329712 37.7484092712 1.19209289551e-07
      vertex -165.163162231 37.5032463074 1.19209289551e-07
      vertex -165.226638794 37.7484092712 1.19209289551e-07
    endloop
  endfacet
  facet normal -0 -1 -0
    outer loop
      vertex -137.997329712 37.7484092712 1.19209289551e-07
      vertex -165.226638794 37.7484092712 1.19209289551e-07
      vertex -137.909378052 37.9858894348 1.19209289551e-07
    endloop
  endfacet
  facet normal 0 -1 0
    outer loop
      vertex -137.909378052 37.9858894348 1.19209289551e-07
      vertex -165.226638794 37.7484092712 1.19209289551e-07
      vertex -165.314590454 37.9858894348 1.19209289551e-07
    endloop
  endfacet
  facet normal -0 -1 -0
    outer loop
      vertex -137.909378052 37.9858894348 1.19209289551e-07
      vertex -165.314590454 37.9858894348 1.19209289551e-07
      vertex -137.797851562 38.2132530212 1.19209289551e-07
    endloop
  endfacet
  facet normal 0 -1 0
    outer loop
      vertex -137.797851562 38.2132530212 1.19209289551e-07
      vertex -165.314590454 37.9858894348 1.19209289551e-07
      vertex -165.426116943 38.2132530212 1.19209289551e-07
    endloop
  endfacet
  facet normal -0 -1 -0
    outer loop
      vertex -137.797851562 38.2132530212 1.19209289551e-07
      vertex -165.426116943 38.2132530212 1.19209289551e-07
      vertex -137.663894653 38.4281692505 1.19209289551e-07
    endloop
  endfacet
  facet normal 0 -1 0
    outer loop
      vertex -137.663894653 38.4281692505 1.19209289551e-07
      vertex -165.426116943 38.2132530212 1.19209289551e-07
      vertex -165.560073853 38.4281692505 1.19209289551e-07
    endloop
  endfacet
  facet normal -0 -1 -0
    outer loop
      vertex -137.663894653 38.4281692505 1.19209289551e-07
      vertex -165.560073853 38.4281692505 1.19209289551e-07
      vertex -137.508880615 38.6284294128 1.19209289551e-07
    endloop
  endfacet
  facet normal 0 -1 0
    outer loop
      vertex -137.508880615 38.6284294128 1.19209289551e-07
      vertex -165.560073853 38.4281692505 1.19209289551e-07
      vertex -165.715087891 38.6284294128 1.19209289551e-07
    endloop
  endfacet
  facet normal -0 -1 -0
    outer loop
      vertex -137.508880615 38.6284294128 1.19209289551e-07
      vertex -165.715087891 38.6284294128 1.19209289551e-07
      vertex -137.334396362 38.8119812012 1.19209289551e-07
    endloop
  endfacet
  facet normal 0 -1 0
    outer loop
      vertex -137.334396362 38.8119812012 1.19209289551e-07
      vertex -165.715087891 38.6284294128 1.19209289551e-07
      vertex -165.889556885 38.8119812012 1.19209289551e-07
    endloop
  endfacet
  facet normal -0 -1 -0
    outer loop
      vertex -137.334396362 38.8119812012 1.19209289551e-07
      vertex -165.889556885 38.8119812012 1.19209289551e-07
      vertex -134.611984253 42 1.19209289551e-07
    endloop
  endfacet
  facet normal 0 -1 0
    outer loop
      vertex -134.611984253 42 1.19209289551e-07
      vertex -165.889556885 38.8119812012 1.19209289551e-07
      vertex -168.611984253 42 1.19209289551e-07
    endloop
  endfacet
  facet normal 0 -1 0
    outer loop
      vertex -168.611984253 42 1.19209289551e-07
      vertex -165.889556885 38.8119812012 1.19209289551e-07
      vertex -166.081710815 38.976940155 1.19209289551e-07
    endloop
  endfacet
  facet normal 0 -1 0
    outer loop
      vertex -168.611984253 42 1.19209289551e-07
      vertex -166.081710815 38.976940155 1.19209289551e-07
      vertex -166.28956604 39.1216125488 1.19209289551e-07
    endloop
  endfacet
  facet normal 0 -1 0
    outer loop
      vertex -165.124801636 4.74707937241 1.19209289551e-07
      vertex -138.099151611 4.74707937241 1.19209289551e-07
      vertex -165.163162231 4.49675369263 1.19209289551e-07
    endloop
  endfacet
  facet normal 0 -1 0
    outer loop
      vertex -165.163162231 4.49675369263 1.19209289551e-07
      vertex -138.099151611 4.74707937241 1.19209289551e-07
      vertex -138.060806274 4.49675369263 1.19209289551e-07
    endloop
  endfacet
  facet normal 0 -1 0
    outer loop
      vertex -165.163162231 4.49675369263 1.19209289551e-07
      vertex -138.060806274 4.49675369263 1.19209289551e-07
      vertex -165.226638794 4.25159215927 1.19209289551e-07
    endloop
  endfacet
  facet normal 0 -1 0
    outer loop
      vertex -165.226638794 4.25159215927 1.19209289551e-07
      vertex -138.060806274 4.49675369263 1.19209289551e-07
      vertex -137.997329712 4.25159215927 1.19209289551e-07
    endloop
  endfacet
  facet normal 0 -1 0
    outer loop
      vertex -165.226638794 4.25159215927 1.19209289551e-07
      vertex -137.997329712 4.25159215927 1.19209289551e-07
      vertex -165.314590454 4.01411008835 1.19209289551e-07
    endloop
  endfacet
  facet normal 0 -1 0
    outer loop
      vertex -165.314590454 4.01411008835 1.19209289551e-07
      vertex -137.997329712 4.25159215927 1.19209289551e-07
      vertex -137.909378052 4.01411008835 1.19209289551e-07
    endloop
  endfacet
  facet normal 0 -1 0
    outer loop
      vertex -165.314590454 4.01411008835 1.19209289551e-07
      vertex -137.909378052 4.01411008835 1.19209289551e-07
      vertex -165.426116943 3.78674554825 1.19209289551e-07
    endloop
  endfacet
  facet normal 0 -1 0
    outer loop
      vertex -165.426116943 3.78674554825 1.19209289551e-07
      vertex -137.909378052 4.01411008835 1.19209289551e-07
      vertex -137.797851562 3.78674554825 1.19209289551e-07
    endloop
  endfacet
  facet normal 0 -1 0
    outer loop
      vertex -165.426116943 3.78674554825 1.19209289551e-07
      vertex -137.797851562 3.78674554825 1.19209289551e-07
      vertex -165.560073853 3.57182908058 1.19209289551e-07
    endloop
  endfacet
  facet normal 0 -1 0
    outer loop
      vertex -165.560073853 3.57182908058 1.19209289551e-07
      vertex -137.797851562 3.78674554825 1.19209289551e-07
      vertex -137.663894653 3.57182908058 1.19209289551e-07
    endloop
  endfacet
  facet normal 0 -1 0
    outer loop
      vertex -165.560073853 3.57182908058 1.19209289551e-07
      vertex -137.663894653 3.57182908058 1.19209289551e-07
      vertex -165.715087891 3.37156867981 1.19209289551e-07
    endloop
  endfacet
  facet normal 0 -1 0
    outer loop
      vertex -165.715087891 3.37156867981 1.19209289551e-07
      vertex -137.663894653 3.57182908058 1.19209289551e-07
      vertex -137.508880615 3.37156867981 1.19209289551e-07
    endloop
  endfacet
  facet normal 0 -1 0
    outer loop
      vertex -165.715087891 3.37156867981 1.19209289551e-07
      vertex -137.508880615 3.37156867981 1.19209289551e-07
      vertex -165.889556885 3.18801856041 1.19209289551e-07
    endloop
  endfacet
  facet normal 0 -1 0
    outer loop
      vertex -165.889556885 3.18801856041 1.19209289551e-07
      vertex -137.508880615 3.37156867981 1.19209289551e-07
      vertex -137.334396362 3.18801856041 1.19209289551e-07
    endloop
  endfacet
  facet normal 0 -1 0
    outer loop
      vertex -165.889556885 3.18801856041 1.19209289551e-07
      vertex -137.334396362 3.18801856041 1.19209289551e-07
      vertex -168.611984253 7.29946406236e-24 1.19209289551e-07
    endloop
  endfacet
  facet normal 0 -1 0
    outer loop
      vertex -168.611984253 7.29946406236e-24 1.19209289551e-07
      vertex -137.334396362 3.18801856041 1.19209289551e-07
      vertex -134.611984253 7.29946406236e-24 1.19209289551e-07
    endloop
  endfacet
  facet normal 0 -1 0
    outer loop
      vertex -134.611984253 7.29946406236e-24 1.19209289551e-07
      vertex -137.334396362 3.18801856041 1.19209289551e-07
      vertex -137.142242432 3.02306103706 1.19209289551e-07
    endloop
  endfacet
  facet normal 0 -1 0
    outer loop
      vertex -134.611984253 7.29946406236e-24 1.19209289551e-07
      vertex -137.142242432 3.02306103706 1.19209289551e-07
      vertex -136.934387207 2.87838983536 1.19209289551e-07
    endloop
  endfacet
  facet normal 0 -1 0
    outer loop
      vertex -136.934387207 2.87838983536 1.19209289551e-07
      vertex -136.712966919 2.75548815727 1.19209289551e-07
      vertex -134.611984253 7.29946406236e-24 1.19209289551e-07
    endloop
  endfacet
  facet normal 0 -1 0
    outer loop
      vertex -134.611984253 7.29946406236e-24 1.19209289551e-07
      vertex -136.712966919 2.75548815727 1.19209289551e-07
      vertex -136.480239868 2.65561914444 1.19209289551e-07
    endloop
  endfacet
  facet normal 0 -1 0
    outer loop
      vertex -134.611984253 7.29946406236e-24 1.19209289551e-07
      vertex -136.480239868 2.65561914444 1.19209289551e-07
      vertex -136.238616943 2.57980751991 1.19209289551e-07
    endloop
  endfacet
  facet normal 0 -1 0
    outer loop
      vertex -136.238616943 2.57980751991 1.19209289551e-07
      vertex -135.99055481 2.52882957458 1.19209289551e-07
      vertex -134.611984253 7.29946406236e-24 1.19209289551e-07
    endloop
  endfacet
  facet normal 0 -1 0
    outer loop
      vertex -134.611984253 7.29946406236e-24 1.19209289551e-07
      vertex -135.99055481 2.52882957458 1.19209289551e-07
      vertex -135.738601685 2.50320863724 1.19209289551e-07
    endloop
  endfacet
  facet normal 0 -1 0
    outer loop
      vertex -134.611984253 7.29946406236e-24 1.19209289551e-07
      vertex -135.738601685 2.50320863724 1.19209289551e-07
      vertex -135.485351562 2.50320863724 1.19209289551e-07
    endloop
  endfacet
  facet normal 0 -1 0
    outer loop
      vertex -135.485351562 2.50320863724 1.19209289551e-07
      vertex -135.233413696 2.52882957458 1.19209289551e-07
      vertex -134.611984253 7.29946406236e-24 1.19209289551e-07
    endloop
  endfacet
  facet normal 0 -1 0
    outer loop
      vertex -134.611984253 7.29946406236e-24 1.19209289551e-07
      vertex -135.233413696 2.52882957458 1.19209289551e-07
      vertex -134.985351562 2.57980751991 1.19209289551e-07
    endloop
  endfacet
  facet normal 0 -1 -0
    outer loop
      vertex -134.611984253 7.29946406236e-24 1.19209289551e-07
      vertex -134.985351562 2.57980751991 1.19209289551e-07
      vertex -134.298141479 0.0123304724693 1.19209289551e-07
    endloop
  endfacet
  facet normal 0 -1 0
    outer loop
      vertex -134.298141479 0.0123304724693 1.19209289551e-07
      vertex -134.985351562 2.57980751991 1.19209289551e-07
      vertex -134.743713379 2.65561914444 1.19209289551e-07
    endloop
  endfacet
  facet normal 0 -1 -0
    outer loop
      vertex -134.298141479 0.0123304724693 1.19209289551e-07
      vertex -134.743713379 2.65561914444 1.19209289551e-07
      vertex -133.986236572 0.0492467880249 1.19209289551e-07
    endloop
  endfacet
  facet normal 0 -1 -0
    outer loop
      vertex -133.986236572 0.0492467880249 1.19209289551e-07
      vertex -134.743713379 2.65561914444 1.19209289551e-07
      vertex -133.678207397 0.110519886017 1.19209289551e-07
    endloop
  endfacet
  facet normal 0 -1 0
    outer loop
      vertex -133.678207397 0.110519886017 1.19209289551e-07
      vertex -134.743713379 2.65561914444 1.19209289551e-07
      vertex -134.511001587 2.75548815727 1.19209289551e-07
    endloop
  endfacet
  facet normal 0 -1 -0
    outer loop
      vertex -133.678207397 0.110519886017 1.19209289551e-07
      vertex -134.511001587 2.75548815727 1.19209289551e-07
      vertex -133.375915527 0.195774257183 1.19209289551e-07
    endloop
  endfacet
  facet normal 0 -1 -0
    outer loop
      vertex -133.375915527 0.195774257183 1.19209289551e-07
      vertex -134.511001587 2.75548815727 1.19209289551e-07
      vertex -133.081253052 0.304481685162 1.19209289551e-07
    endloop
  endfacet
  facet normal 0 -1 0
    outer loop
      vertex -133.081253052 0.304481685162 1.19209289551e-07
      vertex -134.511001587 2.75548815727 1.19209289551e-07
      vertex -134.28956604 2.87838983536 1.19209289551e-07
    endloop
  endfacet
  facet normal 0 -1 -0
    outer loop
      vertex -133.081253052 0.304481685162 1.19209289551e-07
      vertex -134.28956604 2.87838983536 1.19209289551e-07
      vertex -132.796020508 0.435973763466 1.19209289551e-07
    endloop
  endfacet
  facet normal 0 -1 -0
    outer loop
      vertex -132.796020508 0.435973763466 1.19209289551e-07
      vertex -134.28956604 2.87838983536 1.19209289551e-07
      vertex -132.521987915 0.58943939209 1.19209289551e-07
    endloop
  endfacet
  facet normal 0 -1 0
    outer loop
      vertex -132.521987915 0.58943939209 1.19209289551e-07
      vertex -134.28956604 2.87838983536 1.19209289551e-07
      vertex -134.081710815 3.02306103706 1.19209289551e-07
    endloop
  endfacet
  facet normal 0 -1 -0
    outer loop
      vertex -132.521987915 0.58943939209 1.19209289551e-07
      vertex -134.081710815 3.02306103706 1.19209289551e-07
      vertex -132.26083374 0.763932287693 1.19209289551e-07
    endloop
  endfacet
  facet normal 0 -1 0
    outer loop
      vertex -132.26083374 0.763932287693 1.19209289551e-07
      vertex -134.081710815 3.02306103706 1.19209289551e-07
      vertex -133.889556885 3.18801856041 1.19209289551e-07
    endloop
  endfacet
  facet normal 0 -1 -0
    outer loop
      vertex -132.26083374 0.763932287693 1.19209289551e-07
      vertex -133.889556885 3.18801856041 1.19209289551e-07
      vertex -132.014190674 0.958375990391 1.19209289551e-07
    endloop
  endfacet
  facet normal 0 -1 -0
    outer loop
      vertex -132.014190674 0.958375990391 1.19209289551e-07
      vertex -133.889556885 3.18801856041 1.19209289551e-07
      vertex -131.783554077 1.17157268524 1.19209289551e-07
    endloop
  endfacet
  facet normal 0 -1 -0
    outer loop
      vertex -131.783554077 1.17157268524 1.19209289551e-07
      vertex -133.889556885 3.18801856041 1.19209289551e-07
      vertex -131.570358276 1.40220785141 1.19209289551e-07
    endloop
  endfacet
  facet normal 0 -1 0
    outer loop
      vertex -131.570358276 1.40220785141 1.19209289551e-07
      vertex -133.889556885 3.18801856041 1.19209289551e-07
      vertex -133.715087891 3.37156867981 1.19209289551e-07
    endloop
  endfacet
  facet normal 0 -1 -0
    outer loop
      vertex -131.570358276 1.40220785141 1.19209289551e-07
      vertex -133.715087891 3.37156867981 1.19209289551e-07
      vertex -131.375915527 1.64885866642 1.19209289551e-07
    endloop
  endfacet
  facet normal 0 -1 -0
    outer loop
      vertex -131.375915527 1.64885866642 1.19209289551e-07
      vertex -133.715087891 3.37156867981 1.19209289551e-07
      vertex -131.201416016 1.91000533104 1.19209289551e-07
    endloop
  endfacet
  facet normal 0 -1 0
    outer loop
      vertex -131.201416016 1.91000533104 1.19209289551e-07
      vertex -133.715087891 3.37156867981 1.19209289551e-07
      vertex -133.560073853 3.57182908058 1.19209289551e-07
    endloop
  endfacet
  facet normal 0 -1 -0
    outer loop
      vertex -131.201416016 1.91000533104 1.19209289551e-07
      vertex -133.560073853 3.57182908058 1.19209289551e-07
      vertex -131.047958374 2.18403816223 1.19209289551e-07
    endloop
  endfacet
  facet normal 0 -1 0
    outer loop
      vertex -131.047958374 2.18403816223 1.19209289551e-07
      vertex -133.560073853 3.57182908058 1.19209289551e-07
      vertex -133.426116943 3.78674554825 1.19209289551e-07
    endloop
  endfacet
  facet normal 0 -1 -0
    outer loop
      vertex -131.047958374 2.18403816223 1.19209289551e-07
      vertex -133.426116943 3.78674554825 1.19209289551e-07
      vertex -130.91645813 2.46926641464 1.19209289551e-07
    endloop
  endfacet
  facet normal 0 -1 -0
    outer loop
      vertex -130.91645813 2.46926641464 1.19209289551e-07
      vertex -133.426116943 3.78674554825 1.19209289551e-07
      vertex -130.807754517 2.76393222809 1.19209289551e-07
    endloop
  endfacet
  facet normal 0 -1 0
    outer loop
      vertex -130.807754517 2.76393222809 1.19209289551e-07
      vertex -133.426116943 3.78674554825 1.19209289551e-07
      vertex -133.314590454 4.01411008835 1.19209289551e-07
    endloop
  endfacet
  facet normal 0 -1 -0
    outer loop
      vertex -130.807754517 2.76393222809 1.19209289551e-07
      vertex -133.314590454 4.01411008835 1.19209289551e-07
      vertex -130.722503662 3.06621837616 1.19209289551e-07
    endloop
  endfacet
  facet normal 0 -1 -0
    outer loop
      vertex -130.722503662 3.06621837616 1.19209289551e-07
      vertex -133.314590454 4.01411008835 1.19209289551e-07
      vertex -130.661224365 3.37426233292 1.19209289551e-07
    endloop
  endfacet
  facet normal 0 -1 0
    outer loop
      vertex -130.661224365 3.37426233292 1.19209289551e-07
      vertex -133.314590454 4.01411008835 1.19209289551e-07
      vertex -133.226638794 4.25159215927 1.19209289551e-07
    endloop
  endfacet
  facet normal 0 -1 -0
    outer loop
      vertex -130.661224365 3.37426233292 1.19209289551e-07
      vertex -133.226638794 4.25159215927 1.19209289551e-07
      vertex -130.624313354 3.6861641407 1.19209289551e-07
    endloop
  endfacet
  facet normal 0 -1 -0
    outer loop
      vertex -130.624313354 3.6861641407 1.19209289551e-07
      vertex -133.226638794 4.25159215927 1.19209289551e-07
      vertex -130.611984253 3.99999976158 1.19209289551e-07
    endloop
  endfacet
  facet normal 0 -1 0
    outer loop
      vertex -130.611984253 3.99999976158 1.19209289551e-07
      vertex -133.226638794 4.25159215927 1.19209289551e-07
      vertex -133.163162231 4.49675369263 1.19209289551e-07
    endloop
  endfacet
  facet normal 0 -1 0
    outer loop
      vertex -130.611984253 3.99999976158 1.19209289551e-07
      vertex -133.163162231 4.49675369263 1.19209289551e-07
      vertex -133.124801636 4.74707937241 1.19209289551e-07
    endloop
  endfacet
  facet normal 0 -1 0
    outer loop
      vertex -133.124801636 4.74707937241 1.19209289551e-07
      vertex -133.111984253 4.99999952316 1.19209289551e-07
      vertex -130.611984253 3.99999976158 1.19209289551e-07
    endloop
  endfacet
  facet normal 0 -1 0
    outer loop
      vertex -130.611984253 3.99999976158 1.19209289551e-07
      vertex -133.111984253 4.99999952316 1.19209289551e-07
      vertex -133.124801636 5.25292015076 1.19209289551e-07
    endloop
  endfacet
  facet normal 0 -1 0
    outer loop
      vertex -130.611984253 3.99999976158 1.19209289551e-07
      vertex -133.124801636 5.25292015076 1.19209289551e-07
      vertex -133.163162231 5.50324583054 1.19209289551e-07
    endloop
  endfacet
  facet normal 0 -1 -0
    outer loop
      vertex -133.163162231 5.50324583054 1.19209289551e-07
      vertex -133.226638794 5.74840831757 1.19209289551e-07
      vertex -130.611984253 3.99999976158 1.19209289551e-07
    endloop
  endfacet
  facet normal 0 -1 0
    outer loop
      vertex -130.611984253 3.99999976158 1.19209289551e-07
      vertex -133.226638794 5.74840831757 1.19209289551e-07
      vertex -133.314590454 5.98588943481 1.19209289551e-07
    endloop
  endfacet
  facet normal 0 -1 0
    outer loop
      vertex -130.611984253 3.99999976158 1.19209289551e-07
      vertex -133.314590454 5.98588943481 1.19209289551e-07
      vertex -133.426116943 6.21325492859 1.19209289551e-07
    endloop
  endfacet
  facet normal 0 -1 -0
    outer loop
      vertex -133.426116943 6.21325492859 1.19209289551e-07
      vertex -133.560073853 6.42817020416 1.19209289551e-07
      vertex -130.611984253 3.99999976158 1.19209289551e-07
    endloop
  endfacet
  facet normal 0 -1 0
    outer loop
      vertex -130.611984253 3.99999976158 1.19209289551e-07
      vertex -133.560073853 6.42817020416 1.19209289551e-07
      vertex -133.715087891 6.62843179703 1.19209289551e-07
    endloop
  endfacet
  facet normal 0 -1 0
    outer loop
      vertex -130.611984253 3.99999976158 1.19209289551e-07
      vertex -133.715087891 6.62843179703 1.19209289551e-07
      vertex -133.889556885 6.81198215485 1.19209289551e-07
    endloop
  endfacet
  facet normal 0 -1 0
    outer loop
      vertex -130.611984253 3.99999976158 1.19209289551e-07
      vertex -133.889556885 6.81198215485 1.19209289551e-07
      vertex -133.889556885 35.1880187988 1.19209289551e-07
    endloop
  endfacet
  facet normal 0 -1 0
    outer loop
      vertex -133.889556885 35.1880187988 1.19209289551e-07
      vertex -133.889556885 6.81198215485 1.19209289551e-07
      vertex -134.081710815 6.97693967819 1.19209289551e-07
    endloop
  endfacet
  facet normal 0 -1 0
    outer loop
      vertex -133.889556885 35.1880187988 1.19209289551e-07
      vertex -134.081710815 6.97693967819 1.19209289551e-07
      vertex -134.081710815 35.023059845 1.19209289551e-07
    endloop
  endfacet
  facet normal 0 -1 0
    outer loop
      vertex -134.081710815 35.023059845 1.19209289551e-07
      vertex -134.081710815 6.97693967819 1.19209289551e-07
      vertex -134.28956604 34.8783874512 1.19209289551e-07
    endloop
  endfacet
  facet normal 0 -1 0
    outer loop
      vertex -134.28956604 34.8783874512 1.19209289551e-07
      vertex -134.081710815 6.97693967819 1.19209289551e-07
      vertex -134.28956604 7.12161064148 1.19209289551e-07
    endloop
  endfacet
  facet normal 0 -1 0
    outer loop
      vertex -134.28956604 34.8783874512 1.19209289551e-07
      vertex -134.28956604 7.12161064148 1.19209289551e-07
      vertex -134.511001587 34.7554893494 1.19209289551e-07
    endloop
  endfacet
  facet normal 0 -1 0
    outer loop
      vertex -134.511001587 34.7554893494 1.19209289551e-07
      vertex -134.28956604 7.12161064148 1.19209289551e-07
      vertex -134.511001587 7.24451112747 1.19209289551e-07
    endloop
  endfacet
  facet normal 0 -1 0
    outer loop
      vertex -134.511001587 34.7554893494 1.19209289551e-07
      vertex -134.511001587 7.24451112747 1.19209289551e-07
      vertex -134.743713379 34.655620575 1.19209289551e-07
    endloop
  endfacet
  facet normal 0 -1 0
    outer loop
      vertex -134.743713379 34.655620575 1.19209289551e-07
      vertex -134.511001587 7.24451112747 1.19209289551e-07
      vertex -134.743713379 7.34438037872 1.19209289551e-07
    endloop
  endfacet
  facet normal 0 -1 0
    outer loop
      vertex -134.743713379 34.655620575 1.19209289551e-07
      vertex -134.743713379 7.34438037872 1.19209289551e-07
      vertex -134.985351562 34.5798072815 1.19209289551e-07
    endloop
  endfacet
  facet normal 0 -1 0
    outer loop
      vertex -134.985351562 34.5798072815 1.19209289551e-07
      vertex -134.743713379 7.34438037872 1.19209289551e-07
      vertex -134.985351562 7.42019319534 1.19209289551e-07
    endloop
  endfacet
  facet normal 0 -1 0
    outer loop
      vertex -134.985351562 34.5798072815 1.19209289551e-07
      vertex -134.985351562 7.42019319534 1.19209289551e-07
      vertex -135.233413696 34.5288276672 1.19209289551e-07
    endloop
  endfacet
  facet normal 0 -1 0
    outer loop
      vertex -135.233413696 34.5288276672 1.19209289551e-07
      vertex -134.985351562 7.42019319534 1.19209289551e-07
      vertex -135.233413696 7.47117090225 1.19209289551e-07
    endloop
  endfacet
  facet normal 0 -1 0
    outer loop
      vertex -135.233413696 34.5288276672 1.19209289551e-07
      vertex -135.233413696 7.47117090225 1.19209289551e-07
      vertex -135.485351562 34.5032081604 1.19209289551e-07
    endloop
  endfacet
  facet normal 0 -1 0
    outer loop
      vertex -135.485351562 34.5032081604 1.19209289551e-07
      vertex -135.233413696 7.47117090225 1.19209289551e-07
      vertex -135.485351562 7.49679088593 1.19209289551e-07
    endloop
  endfacet
  facet normal 0 -1 0
    outer loop
      vertex -135.485351562 34.5032081604 1.19209289551e-07
      vertex -135.485351562 7.49679088593 1.19209289551e-07
      vertex -135.738601685 7.49679088593 1.19209289551e-07
    endloop
  endfacet
  facet normal 0 -1 0
    outer loop
      vertex -135.485351562 34.5032081604 1.19209289551e-07
      vertex -135.738601685 7.49679088593 1.19209289551e-07
      vertex -135.738601685 34.5032081604 1.19209289551e-07
    endloop
  endfacet
  facet normal 0 -1 0
    outer loop
      vertex -135.738601685 34.5032081604 1.19209289551e-07
      vertex -135.738601685 7.49679088593 1.19209289551e-07
      vertex -135.99055481 7.47117090225 1.19209289551e-07
    endloop
  endfacet
  facet normal -0 -1 0
    outer loop
      vertex -135.738601685 34.5032081604 1.19209289551e-07
      vertex -135.99055481 7.47117090225 1.19209289551e-07
      vertex -135.99055481 34.5288276672 1.19209289551e-07
    endloop
  endfacet
  facet normal 0 -1 0
    outer loop
      vertex -135.99055481 34.5288276672 1.19209289551e-07
      vertex -135.99055481 7.47117090225 1.19209289551e-07
      vertex -136.238616943 7.42019319534 1.19209289551e-07
    endloop
  endfacet
  facet normal -0 -1 0
    outer loop
      vertex -135.99055481 34.5288276672 1.19209289551e-07
      vertex -136.238616943 7.42019319534 1.19209289551e-07
      vertex -136.238616943 34.5798072815 1.19209289551e-07
    endloop
  endfacet
  facet normal 0 -1 0
    outer loop
      vertex -136.238616943 34.5798072815 1.19209289551e-07
      vertex -136.238616943 7.42019319534 1.19209289551e-07
      vertex -136.480239868 7.34438037872 1.19209289551e-07
    endloop
  endfacet
  facet normal -0 -1 0
    outer loop
      vertex -136.238616943 34.5798072815 1.19209289551e-07
      vertex -136.480239868 7.34438037872 1.19209289551e-07
      vertex -136.480239868 34.655620575 1.19209289551e-07
    endloop
  endfacet
  facet normal 0 -1 0
    outer loop
      vertex -136.480239868 34.655620575 1.19209289551e-07
      vertex -136.480239868 7.34438037872 1.19209289551e-07
      vertex -136.712966919 7.24451112747 1.19209289551e-07
    endloop
  endfacet
  facet normal -0 -1 0
    outer loop
      vertex -136.480239868 34.655620575 1.19209289551e-07
      vertex -136.712966919 7.24451112747 1.19209289551e-07
      vertex -136.712966919 34.7554893494 1.19209289551e-07
    endloop
  endfacet
  facet normal 0 -1 0
    outer loop
      vertex -136.712966919 34.7554893494 1.19209289551e-07
      vertex -136.712966919 7.24451112747 1.19209289551e-07
      vertex -136.934387207 7.12161064148 1.19209289551e-07
    endloop
  endfacet
  facet normal -0 -1 0
    outer loop
      vertex -136.712966919 34.7554893494 1.19209289551e-07
      vertex -136.934387207 7.12161064148 1.19209289551e-07
      vertex -136.934387207 34.8783874512 1.19209289551e-07
    endloop
  endfacet
  facet normal 0 -1 0
    outer loop
      vertex -136.934387207 34.8783874512 1.19209289551e-07
      vertex -136.934387207 7.12161064148 1.19209289551e-07
      vertex -137.142242432 6.97693967819 1.19209289551e-07
    endloop
  endfacet
  facet normal -0 -1 0
    outer loop
      vertex -136.934387207 34.8783874512 1.19209289551e-07
      vertex -137.142242432 6.97693967819 1.19209289551e-07
      vertex -137.142242432 35.023059845 1.19209289551e-07
    endloop
  endfacet
  facet normal 0 -1 0
    outer loop
      vertex -137.142242432 35.023059845 1.19209289551e-07
      vertex -137.142242432 6.97693967819 1.19209289551e-07
      vertex -137.334396362 6.81198215485 1.19209289551e-07
    endloop
  endfacet
  facet normal -0 -1 0
    outer loop
      vertex -137.142242432 35.023059845 1.19209289551e-07
      vertex -137.334396362 6.81198215485 1.19209289551e-07
      vertex -137.334396362 35.1880187988 1.19209289551e-07
    endloop
  endfacet
  facet normal -0 -1 0
    outer loop
      vertex -170.099151611 37.2529220581 1.19209289551e-07
      vertex -170.111984253 37 1.19209289551e-07
      vertex -172.611984253 38 1.19209289551e-07
    endloop
  endfacet
  facet normal 0 -1 0
    outer loop
      vertex -172.611984253 38 1.19209289551e-07
      vertex -170.111984253 37 1.19209289551e-07
      vertex -170.099151611 36.7470779419 1.19209289551e-07
    endloop
  endfacet
  facet normal 0 -1 0
    outer loop
      vertex -172.611984253 38 1.19209289551e-07
      vertex -170.099151611 36.7470779419 1.19209289551e-07
      vertex -170.060806274 36.4967536926 1.19209289551e-07
    endloop
  endfacet
  facet normal -0 -1 0
    outer loop
      vertex -170.060806274 36.4967536926 1.19209289551e-07
      vertex -169.997329712 36.2515907288 1.19209289551e-07
      vertex -172.611984253 38 1.19209289551e-07
    endloop
  endfacet
  facet normal 0 -1 0
    outer loop
      vertex -172.611984253 38 1.19209289551e-07
      vertex -169.997329712 36.2515907288 1.19209289551e-07
      vertex -169.909378052 36.0141105652 1.19209289551e-07
    endloop
  endfacet
  facet normal 0 -1 0
    outer loop
      vertex -172.611984253 38 1.19209289551e-07
      vertex -169.909378052 36.0141105652 1.19209289551e-07
      vertex -169.797851562 35.7867469788 1.19209289551e-07
    endloop
  endfacet
  facet normal -0 -1 0
    outer loop
      vertex -169.797851562 35.7867469788 1.19209289551e-07
      vertex -169.663894653 35.5718307495 1.19209289551e-07
      vertex -172.611984253 38 1.19209289551e-07
    endloop
  endfacet
  facet normal 0 -1 0
    outer loop
      vertex -172.611984253 38 1.19209289551e-07
      vertex -169.663894653 35.5718307495 1.19209289551e-07
      vertex -169.508880615 35.3715705872 1.19209289551e-07
    endloop
  endfacet
  facet normal 0 -1 0
    outer loop
      vertex -172.611984253 38 1.19209289551e-07
      vertex -169.508880615 35.3715705872 1.19209289551e-07
      vertex -169.334396362 35.1880187988 1.19209289551e-07
    endloop
  endfacet
  facet normal -0 -1 0
    outer loop
      vertex -169.142242432 35.023059845 1.19209289551e-07
      vertex -169.142242432 6.97693967819 1.19209289551e-07
      vertex -169.334396362 35.1880187988 1.19209289551e-07
    endloop
  endfacet
  facet normal 0 -1 0
    outer loop
      vertex -169.334396362 35.1880187988 1.19209289551e-07
      vertex -169.142242432 6.97693967819 1.19209289551e-07
      vertex -169.334396362 6.81198215485 1.19209289551e-07
    endloop
  endfacet
  facet normal 0 -1 0
    outer loop
      vertex -169.334396362 35.1880187988 1.19209289551e-07
      vertex -169.334396362 6.81198215485 1.19209289551e-07
      vertex -172.611984253 3.99999976158 1.19209289551e-07
    endloop
  endfacet
  facet normal 0 -1 0
    outer loop
      vertex -172.611984253 3.99999976158 1.19209289551e-07
      vertex -169.334396362 6.81198215485 1.19209289551e-07
      vertex -169.508880615 6.62843179703 1.19209289551e-07
    endloop
  endfacet
  facet normal 0 -1 0
    outer loop
      vertex -172.611984253 3.99999976158 1.19209289551e-07
      vertex -169.508880615 6.62843179703 1.19209289551e-07
      vertex -169.663894653 6.42817020416 1.19209289551e-07
    endloop
  endfacet
  facet normal 0 -1 0
    outer loop
      vertex -169.142242432 35.023059845 1.19209289551e-07
      vertex -168.934387207 34.8783874512 1.19209289551e-07
      vertex -169.142242432 6.97693967819 1.19209289551e-07
    endloop
  endfacet
  facet normal 0 -1 0
    outer loop
      vertex -169.142242432 6.97693967819 1.19209289551e-07
      vertex -168.934387207 34.8783874512 1.19209289551e-07
      vertex -168.934387207 7.12161064148 1.19209289551e-07
    endloop
  endfacet
  facet normal 0 -1 0
    outer loop
      vertex -168.934387207 7.12161064148 1.19209289551e-07
      vertex -168.934387207 34.8783874512 1.19209289551e-07
      vertex -168.712966919 34.7554893494 1.19209289551e-07
    endloop
  endfacet
  facet normal 0 -1 0
    outer loop
      vertex -168.934387207 7.12161064148 1.19209289551e-07
      vertex -168.712966919 34.7554893494 1.19209289551e-07
      vertex -168.712966919 7.24451112747 1.19209289551e-07
    endloop
  endfacet
  facet normal 0 -1 0
    outer loop
      vertex -168.712966919 7.24451112747 1.19209289551e-07
      vertex -168.712966919 34.7554893494 1.19209289551e-07
      vertex -168.480239868 34.655620575 1.19209289551e-07
    endloop
  endfacet
  facet normal 0 -1 0
    outer loop
      vertex -168.712966919 7.24451112747 1.19209289551e-07
      vertex -168.480239868 34.655620575 1.19209289551e-07
      vertex -168.480239868 7.34438037872 1.19209289551e-07
    endloop
  endfacet
  facet normal 0 -1 0
    outer loop
      vertex -168.480239868 7.34438037872 1.19209289551e-07
      vertex -168.480239868 34.655620575 1.19209289551e-07
      vertex -168.238616943 34.5798072815 1.19209289551e-07
    endloop
  endfacet
  facet normal 0 -1 0
    outer loop
      vertex -168.480239868 7.34438037872 1.19209289551e-07
      vertex -168.238616943 34.5798072815 1.19209289551e-07
      vertex -168.238616943 7.42019319534 1.19209289551e-07
    endloop
  endfacet
  facet normal 0 -1 0
    outer loop
      vertex -168.238616943 7.42019319534 1.19209289551e-07
      vertex -168.238616943 34.5798072815 1.19209289551e-07
      vertex -167.99055481 34.5288276672 1.19209289551e-07
    endloop
  endfacet
  facet normal 0 -1 0
    outer loop
      vertex -168.238616943 7.42019319534 1.19209289551e-07
      vertex -167.99055481 34.5288276672 1.19209289551e-07
      vertex -167.99055481 7.47117090225 1.19209289551e-07
    endloop
  endfacet
  facet normal 0 -1 0
    outer loop
      vertex -167.99055481 7.47117090225 1.19209289551e-07
      vertex -167.99055481 34.5288276672 1.19209289551e-07
      vertex -167.738601685 34.5032081604 1.19209289551e-07
    endloop
  endfacet
  facet normal 0 -1 0
    outer loop
      vertex -167.99055481 7.47117090225 1.19209289551e-07
      vertex -167.738601685 34.5032081604 1.19209289551e-07
      vertex -167.738601685 7.49679088593 1.19209289551e-07
    endloop
  endfacet
  facet normal 0 -1 0
    outer loop
      vertex -167.738601685 7.49679088593 1.19209289551e-07
      vertex -167.738601685 34.5032081604 1.19209289551e-07
      vertex -167.485351562 34.5032081604 1.19209289551e-07
    endloop
  endfacet
  facet normal 0 -1 0
    outer loop
      vertex -167.738601685 7.49679088593 1.19209289551e-07
      vertex -167.485351562 34.5032081604 1.19209289551e-07
      vertex -167.485351562 7.49679088593 1.19209289551e-07
    endloop
  endfacet
  facet normal 0 -1 0
    outer loop
      vertex -167.485351562 7.49679088593 1.19209289551e-07
      vertex -167.485351562 34.5032081604 1.19209289551e-07
      vertex -167.233413696 7.47117090225 1.19209289551e-07
    endloop
  endfacet
  facet normal 0 -1 -0
    outer loop
      vertex -167.233413696 7.47117090225 1.19209289551e-07
      vertex -167.485351562 34.5032081604 1.19209289551e-07
      vertex -167.233413696 34.5288276672 1.19209289551e-07
    endloop
  endfacet
  facet normal 0 -1 0
    outer loop
      vertex -167.233413696 7.47117090225 1.19209289551e-07
      vertex -167.233413696 34.5288276672 1.19209289551e-07
      vertex -166.985351562 7.42019319534 1.19209289551e-07
    endloop
  endfacet
  facet normal 0 -1 -0
    outer loop
      vertex -166.985351562 7.42019319534 1.19209289551e-07
      vertex -167.233413696 34.5288276672 1.19209289551e-07
      vertex -166.985351562 34.5798072815 1.19209289551e-07
    endloop
  endfacet
  facet normal 0 -1 0
    outer loop
      vertex -166.985351562 7.42019319534 1.19209289551e-07
      vertex -166.985351562 34.5798072815 1.19209289551e-07
      vertex -166.743713379 7.34438037872 1.19209289551e-07
    endloop
  endfacet
  facet normal 0 -1 -0
    outer loop
      vertex -166.743713379 7.34438037872 1.19209289551e-07
      vertex -166.985351562 34.5798072815 1.19209289551e-07
      vertex -166.743713379 34.655620575 1.19209289551e-07
    endloop
  endfacet
  facet normal 0 -1 0
    outer loop
      vertex -166.743713379 7.34438037872 1.19209289551e-07
      vertex -166.743713379 34.655620575 1.19209289551e-07
      vertex -166.511001587 7.24451112747 1.19209289551e-07
    endloop
  endfacet
  facet normal 0 -1 -0
    outer loop
      vertex -166.511001587 7.24451112747 1.19209289551e-07
      vertex -166.743713379 34.655620575 1.19209289551e-07
      vertex -166.511001587 34.7554893494 1.19209289551e-07
    endloop
  endfacet
  facet normal 0 -1 0
    outer loop
      vertex -166.511001587 7.24451112747 1.19209289551e-07
      vertex -166.511001587 34.7554893494 1.19209289551e-07
      vertex -166.28956604 7.12161064148 1.19209289551e-07
    endloop
  endfacet
  facet normal 0 -1 -0
    outer loop
      vertex -166.28956604 7.12161064148 1.19209289551e-07
      vertex -166.511001587 34.7554893494 1.19209289551e-07
      vertex -166.28956604 34.8783874512 1.19209289551e-07
    endloop
  endfacet
  facet normal 0 -1 0
    outer loop
      vertex -166.28956604 7.12161064148 1.19209289551e-07
      vertex -166.28956604 34.8783874512 1.19209289551e-07
      vertex -166.081710815 6.97693967819 1.19209289551e-07
    endloop
  endfacet
  facet normal 0 -1 -0
    outer loop
      vertex -166.081710815 6.97693967819 1.19209289551e-07
      vertex -166.28956604 34.8783874512 1.19209289551e-07
      vertex -166.081710815 35.023059845 1.19209289551e-07
    endloop
  endfacet
  facet normal 0 -1 0
    outer loop
      vertex -166.081710815 6.97693967819 1.19209289551e-07
      vertex -166.081710815 35.023059845 1.19209289551e-07
      vertex -165.889556885 6.81198215485 1.19209289551e-07
    endloop
  endfacet
  facet normal 0 -1 -0
    outer loop
      vertex -165.889556885 6.81198215485 1.19209289551e-07
      vertex -166.081710815 35.023059845 1.19209289551e-07
      vertex -165.889556885 35.1880187988 1.19209289551e-07
    endloop
  endfacet
  facet normal 0 -1 0
    outer loop
      vertex -166.28956604 39.1216125488 1.19209289551e-07
      vertex -166.511001587 39.2445106506 1.19209289551e-07
      vertex -168.611984253 42 1.19209289551e-07
    endloop
  endfacet
  facet normal 0 -1 0
    outer loop
      vertex -168.611984253 42 1.19209289551e-07
      vertex -166.511001587 39.2445106506 1.19209289551e-07
      vertex -166.743713379 39.344379425 1.19209289551e-07
    endloop
  endfacet
  facet normal 0 -1 0
    outer loop
      vertex -168.611984253 42 1.19209289551e-07
      vertex -166.743713379 39.344379425 1.19209289551e-07
      vertex -166.985351562 39.4201927185 1.19209289551e-07
    endloop
  endfacet
  facet normal 0 -1 0
    outer loop
      vertex -166.985351562 39.4201927185 1.19209289551e-07
      vertex -167.233413696 39.4711723328 1.19209289551e-07
      vertex -168.611984253 42 1.19209289551e-07
    endloop
  endfacet
  facet normal 0 -1 0
    outer loop
      vertex -168.611984253 42 1.19209289551e-07
      vertex -167.233413696 39.4711723328 1.19209289551e-07
      vertex -167.485351562 39.4967918396 1.19209289551e-07
    endloop
  endfacet
  facet normal 0 -1 0
    outer loop
      vertex -168.611984253 42 1.19209289551e-07
      vertex -167.485351562 39.4967918396 1.19209289551e-07
      vertex -167.738601685 39.4967918396 1.19209289551e-07
    endloop
  endfacet
  facet normal -0 -1 0
    outer loop
      vertex -167.738601685 39.4967918396 1.19209289551e-07
      vertex -167.99055481 39.4711723328 1.19209289551e-07
      vertex -168.611984253 42 1.19209289551e-07
    endloop
  endfacet
  facet normal 0 -1 0
    outer loop
      vertex -168.611984253 42 1.19209289551e-07
      vertex -167.99055481 39.4711723328 1.19209289551e-07
      vertex -168.238616943 39.4201927185 1.19209289551e-07
    endloop
  endfacet
  facet normal 0 -1 0
    outer loop
      vertex -168.611984253 42 1.19209289551e-07
      vertex -168.238616943 39.4201927185 1.19209289551e-07
      vertex -168.925811768 41.9876708984 1.19209289551e-07
    endloop
  endfacet
  facet normal 0 -1 0
    outer loop
      vertex -168.925811768 41.9876708984 1.19209289551e-07
      vertex -168.238616943 39.4201927185 1.19209289551e-07
      vertex -168.480239868 39.344379425 1.19209289551e-07
    endloop
  endfacet
  facet normal 0 -1 0
    outer loop
      vertex -168.925811768 41.9876708984 1.19209289551e-07
      vertex -168.480239868 39.344379425 1.19209289551e-07
      vertex -169.237716675 41.9507522583 1.19209289551e-07
    endloop
  endfacet
  facet normal 0 -1 0
    outer loop
      vertex -169.237716675 41.9507522583 1.19209289551e-07
      vertex -168.480239868 39.344379425 1.19209289551e-07
      vertex -169.545761108 41.8894805908 1.19209289551e-07
    endloop
  endfacet
  facet normal 0 -1 0
    outer loop
      vertex -169.545761108 41.8894805908 1.19209289551e-07
      vertex -168.480239868 39.344379425 1.19209289551e-07
      vertex -168.712966919 39.2445106506 1.19209289551e-07
    endloop
  endfacet
  facet normal 0 -1 0
    outer loop
      vertex -169.545761108 41.8894805908 1.19209289551e-07
      vertex -168.712966919 39.2445106506 1.19209289551e-07
      vertex -169.848052979 41.8042259216 1.19209289551e-07
    endloop
  endfacet
  facet normal 0 -1 0
    outer loop
      vertex -169.848052979 41.8042259216 1.19209289551e-07
      vertex -168.712966919 39.2445106506 1.19209289551e-07
      vertex -170.142715454 41.6955184937 1.19209289551e-07
    endloop
  endfacet
  facet normal 0 -1 0
    outer loop
      vertex -170.142715454 41.6955184937 1.19209289551e-07
      vertex -168.712966919 39.2445106506 1.19209289551e-07
      vertex -168.934387207 39.1216125488 1.19209289551e-07
    endloop
  endfacet
  facet normal 0 -1 0
    outer loop
      vertex -170.142715454 41.6955184937 1.19209289551e-07
      vertex -168.934387207 39.1216125488 1.19209289551e-07
      vertex -170.427947998 41.5640258789 1.19209289551e-07
    endloop
  endfacet
  facet normal 0 -1 0
    outer loop
      vertex -170.427947998 41.5640258789 1.19209289551e-07
      vertex -168.934387207 39.1216125488 1.19209289551e-07
      vertex -170.701980591 41.4105606079 1.19209289551e-07
    endloop
  endfacet
  facet normal 0 -1 0
    outer loop
      vertex -170.701980591 41.4105606079 1.19209289551e-07
      vertex -168.934387207 39.1216125488 1.19209289551e-07
      vertex -169.142242432 38.976940155 1.19209289551e-07
    endloop
  endfacet
  facet normal 0 -1 0
    outer loop
      vertex -170.701980591 41.4105606079 1.19209289551e-07
      vertex -169.142242432 38.976940155 1.19209289551e-07
      vertex -170.963119507 41.2360687256 1.19209289551e-07
    endloop
  endfacet
  facet normal 0 -1 0
    outer loop
      vertex -170.963119507 41.2360687256 1.19209289551e-07
      vertex -169.142242432 38.976940155 1.19209289551e-07
      vertex -169.334396362 38.8119812012 1.19209289551e-07
    endloop
  endfacet
  facet normal 0 -1 0
    outer loop
      vertex -170.963119507 41.2360687256 1.19209289551e-07
      vertex -169.334396362 38.8119812012 1.19209289551e-07
      vertex -171.209777832 41.0416221619 1.19209289551e-07
    endloop
  endfacet
  facet normal 0 -1 0
    outer loop
      vertex -171.209777832 41.0416221619 1.19209289551e-07
      vertex -169.334396362 38.8119812012 1.19209289551e-07
      vertex -171.440414429 40.8284263611 1.19209289551e-07
    endloop
  endfacet
  facet normal 0 -1 0
    outer loop
      vertex -171.440414429 40.8284263611 1.19209289551e-07
      vertex -169.334396362 38.8119812012 1.19209289551e-07
      vertex -171.653610229 40.5977935791 1.19209289551e-07
    endloop
  endfacet
  facet normal 0 -1 0
    outer loop
      vertex -171.653610229 40.5977935791 1.19209289551e-07
      vertex -169.334396362 38.8119812012 1.19209289551e-07
      vertex -169.508880615 38.6284294128 1.19209289551e-07
    endloop
  endfacet
  facet normal 0 -1 0
    outer loop
      vertex -171.653610229 40.5977935791 1.19209289551e-07
      vertex -169.508880615 38.6284294128 1.19209289551e-07
      vertex -171.848052979 40.3511428833 1.19209289551e-07
    endloop
  endfacet
  facet normal 0 -1 0
    outer loop
      vertex -171.848052979 40.3511428833 1.19209289551e-07
      vertex -169.508880615 38.6284294128 1.19209289551e-07
      vertex -172.022537231 40.0899925232 1.19209289551e-07
    endloop
  endfacet
  facet normal 0 -1 0
    outer loop
      vertex -172.022537231 40.0899925232 1.19209289551e-07
      vertex -169.508880615 38.6284294128 1.19209289551e-07
      vertex -169.663894653 38.4281692505 1.19209289551e-07
    endloop
  endfacet
  facet normal 0 -1 0
    outer loop
      vertex -172.022537231 40.0899925232 1.19209289551e-07
      vertex -169.663894653 38.4281692505 1.19209289551e-07
      vertex -172.176010132 39.8159637451 1.19209289551e-07
    endloop
  endfacet
  facet normal 0 -1 0
    outer loop
      vertex -172.176010132 39.8159637451 1.19209289551e-07
      vertex -169.663894653 38.4281692505 1.19209289551e-07
      vertex -169.797851562 38.2132530212 1.19209289551e-07
    endloop
  endfacet
  facet normal 0 -1 0
    outer loop
      vertex -172.176010132 39.8159637451 1.19209289551e-07
      vertex -169.797851562 38.2132530212 1.19209289551e-07
      vertex -172.307495117 39.5307350159 1.19209289551e-07
    endloop
  endfacet
  facet normal 0 -1 0
    outer loop
      vertex -172.307495117 39.5307350159 1.19209289551e-07
      vertex -169.797851562 38.2132530212 1.19209289551e-07
      vertex -172.416213989 39.2360687256 1.19209289551e-07
    endloop
  endfacet
  facet normal 0 -1 0
    outer loop
      vertex -172.416213989 39.2360687256 1.19209289551e-07
      vertex -169.797851562 38.2132530212 1.19209289551e-07
      vertex -169.909378052 37.9858894348 1.19209289551e-07
    endloop
  endfacet
  facet normal 0 -1 0
    outer loop
      vertex -172.416213989 39.2360687256 1.19209289551e-07
      vertex -169.909378052 37.9858894348 1.19209289551e-07
      vertex -172.501464844 38.9337806702 1.19209289551e-07
    endloop
  endfacet
  facet normal 0 -1 0
    outer loop
      vertex -172.501464844 38.9337806702 1.19209289551e-07
      vertex -169.909378052 37.9858894348 1.19209289551e-07
      vertex -172.562728882 38.6257362366 1.19209289551e-07
    endloop
  endfacet
  facet normal 0 -1 0
    outer loop
      vertex -172.562728882 38.6257362366 1.19209289551e-07
      vertex -169.909378052 37.9858894348 1.19209289551e-07
      vertex -169.997329712 37.7484092712 1.19209289551e-07
    endloop
  endfacet
  facet normal 0 -1 0
    outer loop
      vertex -172.562728882 38.6257362366 1.19209289551e-07
      vertex -169.997329712 37.7484092712 1.19209289551e-07
      vertex -172.599655151 38.313835144 1.19209289551e-07
    endloop
  endfacet
  facet normal 0 -1 0
    outer loop
      vertex -172.599655151 38.313835144 1.19209289551e-07
      vertex -169.997329712 37.7484092712 1.19209289551e-07
      vertex -172.611984253 38 1.19209289551e-07
    endloop
  endfacet
  facet normal 0 -1 0
    outer loop
      vertex -172.611984253 38 1.19209289551e-07
      vertex -169.997329712 37.7484092712 1.19209289551e-07
      vertex -170.060806274 37.5032463074 1.19209289551e-07
    endloop
  endfacet
  facet normal 0 -1 0
    outer loop
      vertex -172.611984253 38 1.19209289551e-07
      vertex -170.060806274 37.5032463074 1.19209289551e-07
      vertex -170.099151611 37.2529220581 1.19209289551e-07
    endloop
  endfacet
  facet normal 0 -1 -0
    outer loop
      vertex -130.611984253 3.99999976158 1.19209289551e-07
      vertex -133.889556885 35.1880187988 1.19209289551e-07
      vertex -130.611984253 38 1.19209289551e-07
    endloop
  endfacet
  facet normal 0 -1 0
    outer loop
      vertex -130.611984253 38 1.19209289551e-07
      vertex -133.889556885 35.1880187988 1.19209289551e-07
      vertex -133.715087891 35.3715705872 1.19209289551e-07
    endloop
  endfacet
  facet normal 0 -1 0
    outer loop
      vertex -130.611984253 38 1.19209289551e-07
      vertex -133.715087891 35.3715705872 1.19209289551e-07
      vertex -133.560073853 35.5718307495 1.19209289551e-07
    endloop
  endfacet
  facet normal 0 -1 0
    outer loop
      vertex -133.560073853 35.5718307495 1.19209289551e-07
      vertex -133.426116943 35.7867469788 1.19209289551e-07
      vertex -130.611984253 38 1.19209289551e-07
    endloop
  endfacet
  facet normal 0 -1 0
    outer loop
      vertex -130.611984253 38 1.19209289551e-07
      vertex -133.426116943 35.7867469788 1.19209289551e-07
      vertex -133.314590454 36.0141105652 1.19209289551e-07
    endloop
  endfacet
  facet normal 0 -1 0
    outer loop
      vertex -130.611984253 38 1.19209289551e-07
      vertex -133.314590454 36.0141105652 1.19209289551e-07
      vertex -133.226638794 36.2515907288 1.19209289551e-07
    endloop
  endfacet
  facet normal 0 -1 0
    outer loop
      vertex -133.226638794 36.2515907288 1.19209289551e-07
      vertex -133.163162231 36.4967536926 1.19209289551e-07
      vertex -130.611984253 38 1.19209289551e-07
    endloop
  endfacet
  facet normal 0 -1 0
    outer loop
      vertex -130.611984253 38 1.19209289551e-07
      vertex -133.163162231 36.4967536926 1.19209289551e-07
      vertex -133.124801636 36.7470779419 1.19209289551e-07
    endloop
  endfacet
  facet normal 0 -1 0
    outer loop
      vertex -130.611984253 38 1.19209289551e-07
      vertex -133.124801636 36.7470779419 1.19209289551e-07
      vertex -133.111984253 37 1.19209289551e-07
    endloop
  endfacet
  facet normal 0 -1 -0
    outer loop
      vertex -133.111984253 37 1.19209289551e-07
      vertex -133.124801636 37.2529220581 1.19209289551e-07
      vertex -130.611984253 38 1.19209289551e-07
    endloop
  endfacet
  facet normal 0 -1 0
    outer loop
      vertex -130.611984253 38 1.19209289551e-07
      vertex -133.124801636 37.2529220581 1.19209289551e-07
      vertex -133.163162231 37.5032463074 1.19209289551e-07
    endloop
  endfacet
  facet normal 0 -1 0
    outer loop
      vertex -130.611984253 38 1.19209289551e-07
      vertex -133.163162231 37.5032463074 1.19209289551e-07
      vertex -133.226638794 37.7484092712 1.19209289551e-07
    endloop
  endfacet
  facet normal 0 -1 0
    outer loop
      vertex -133.314590454 37.9858894348 1.19209289551e-07
      vertex -130.661224365 38.6257362366 1.19209289551e-07
      vertex -133.226638794 37.7484092712 1.19209289551e-07
    endloop
  endfacet
  facet normal 0 -1 0
    outer loop
      vertex -133.226638794 37.7484092712 1.19209289551e-07
      vertex -130.661224365 38.6257362366 1.19209289551e-07
      vertex -130.624313354 38.313835144 1.19209289551e-07
    endloop
  endfacet
  facet normal 0 -1 0
    outer loop
      vertex -133.226638794 37.7484092712 1.19209289551e-07
      vertex -130.624313354 38.313835144 1.19209289551e-07
      vertex -130.611984253 38 1.19209289551e-07
    endloop
  endfacet
  facet normal 0 -1 0
    outer loop
      vertex -133.426116943 38.2132530212 1.19209289551e-07
      vertex -130.807754517 39.2360687256 1.19209289551e-07
      vertex -133.314590454 37.9858894348 1.19209289551e-07
    endloop
  endfacet
  facet normal 0 -1 0
    outer loop
      vertex -133.314590454 37.9858894348 1.19209289551e-07
      vertex -130.807754517 39.2360687256 1.19209289551e-07
      vertex -130.722503662 38.9337806702 1.19209289551e-07
    endloop
  endfacet
  facet normal 0 -1 0
    outer loop
      vertex -133.314590454 37.9858894348 1.19209289551e-07
      vertex -130.722503662 38.9337806702 1.19209289551e-07
      vertex -130.661224365 38.6257362366 1.19209289551e-07
    endloop
  endfacet
  facet normal 0 -1 0
    outer loop
      vertex -133.560073853 38.4281692505 1.19209289551e-07
      vertex -131.047958374 39.8159637451 1.19209289551e-07
      vertex -133.426116943 38.2132530212 1.19209289551e-07
    endloop
  endfacet
  facet normal 0 -1 0
    outer loop
      vertex -133.426116943 38.2132530212 1.19209289551e-07
      vertex -131.047958374 39.8159637451 1.19209289551e-07
      vertex -130.91645813 39.5307350159 1.19209289551e-07
    endloop
  endfacet
  facet normal 0 -1 0
    outer loop
      vertex -133.426116943 38.2132530212 1.19209289551e-07
      vertex -130.91645813 39.5307350159 1.19209289551e-07
      vertex -130.807754517 39.2360687256 1.19209289551e-07
    endloop
  endfacet
  facet normal -0 -1 0
    outer loop
      vertex -131.047958374 39.8159637451 1.19209289551e-07
      vertex -133.560073853 38.4281692505 1.19209289551e-07
      vertex -131.201416016 40.0899925232 1.19209289551e-07
    endloop
  endfacet
  facet normal 0 -1 0
    outer loop
      vertex -131.201416016 40.0899925232 1.19209289551e-07
      vertex -133.560073853 38.4281692505 1.19209289551e-07
      vertex -133.715087891 38.6284294128 1.19209289551e-07
    endloop
  endfacet
  facet normal -0 -1 0
    outer loop
      vertex -131.201416016 40.0899925232 1.19209289551e-07
      vertex -133.715087891 38.6284294128 1.19209289551e-07
      vertex -131.375915527 40.3511428833 1.19209289551e-07
    endloop
  endfacet
  facet normal -0 -1 0
    outer loop
      vertex -131.375915527 40.3511428833 1.19209289551e-07
      vertex -133.715087891 38.6284294128 1.19209289551e-07
      vertex -131.570358276 40.5977935791 1.19209289551e-07
    endloop
  endfacet
  facet normal 0 -1 0
    outer loop
      vertex -131.570358276 40.5977935791 1.19209289551e-07
      vertex -133.715087891 38.6284294128 1.19209289551e-07
      vertex -133.889556885 38.8119812012 1.19209289551e-07
    endloop
  endfacet
  facet normal -0 -1 0
    outer loop
      vertex -131.570358276 40.5977935791 1.19209289551e-07
      vertex -133.889556885 38.8119812012 1.19209289551e-07
      vertex -131.783554077 40.8284263611 1.19209289551e-07
    endloop
  endfacet
  facet normal -0 -1 0
    outer loop
      vertex -131.783554077 40.8284263611 1.19209289551e-07
      vertex -133.889556885 38.8119812012 1.19209289551e-07
      vertex -132.014190674 41.0416221619 1.19209289551e-07
    endloop
  endfacet
  facet normal -0 -1 0
    outer loop
      vertex -132.014190674 41.0416221619 1.19209289551e-07
      vertex -133.889556885 38.8119812012 1.19209289551e-07
      vertex -132.26083374 41.2360687256 1.19209289551e-07
    endloop
  endfacet
  facet normal 0 -1 0
    outer loop
      vertex -132.26083374 41.2360687256 1.19209289551e-07
      vertex -133.889556885 38.8119812012 1.19209289551e-07
      vertex -134.081710815 38.976940155 1.19209289551e-07
    endloop
  endfacet
  facet normal -0 -1 0
    outer loop
      vertex -132.26083374 41.2360687256 1.19209289551e-07
      vertex -134.081710815 38.976940155 1.19209289551e-07
      vertex -132.521987915 41.4105606079 1.19209289551e-07
    endloop
  endfacet
  facet normal 0 -1 0
    outer loop
      vertex -132.521987915 41.4105606079 1.19209289551e-07
      vertex -134.081710815 38.976940155 1.19209289551e-07
      vertex -134.28956604 39.1216125488 1.19209289551e-07
    endloop
  endfacet
  facet normal -0 -1 0
    outer loop
      vertex -132.521987915 41.4105606079 1.19209289551e-07
      vertex -134.28956604 39.1216125488 1.19209289551e-07
      vertex -132.796020508 41.5640258789 1.19209289551e-07
    endloop
  endfacet
  facet normal -0 -1 0
    outer loop
      vertex -132.796020508 41.5640258789 1.19209289551e-07
      vertex -134.28956604 39.1216125488 1.19209289551e-07
      vertex -133.081253052 41.6955184937 1.19209289551e-07
    endloop
  endfacet
  facet normal 0 -1 0
    outer loop
      vertex -133.081253052 41.6955184937 1.19209289551e-07
      vertex -134.28956604 39.1216125488 1.19209289551e-07
      vertex -134.511001587 39.2445106506 1.19209289551e-07
    endloop
  endfacet
  facet normal -0 -1 0
    outer loop
      vertex -133.081253052 41.6955184937 1.19209289551e-07
      vertex -134.511001587 39.2445106506 1.19209289551e-07
      vertex -133.375915527 41.8042259216 1.19209289551e-07
    endloop
  endfacet
  facet normal -0 -1 0
    outer loop
      vertex -133.375915527 41.8042259216 1.19209289551e-07
      vertex -134.511001587 39.2445106506 1.19209289551e-07
      vertex -133.678207397 41.8894805908 1.19209289551e-07
    endloop
  endfacet
  facet normal 0 -1 0
    outer loop
      vertex -133.678207397 41.8894805908 1.19209289551e-07
      vertex -134.511001587 39.2445106506 1.19209289551e-07
      vertex -134.743713379 39.344379425 1.19209289551e-07
    endloop
  endfacet
  facet normal -0 -1 0
    outer loop
      vertex -133.678207397 41.8894805908 1.19209289551e-07
      vertex -134.743713379 39.344379425 1.19209289551e-07
      vertex -133.986236572 41.9507522583 1.19209289551e-07
    endloop
  endfacet
  facet normal -0 -1 0
    outer loop
      vertex -133.986236572 41.9507522583 1.19209289551e-07
      vertex -134.743713379 39.344379425 1.19209289551e-07
      vertex -134.298141479 41.9876708984 1.19209289551e-07
    endloop
  endfacet
  facet normal 0 -1 0
    outer loop
      vertex -134.298141479 41.9876708984 1.19209289551e-07
      vertex -134.743713379 39.344379425 1.19209289551e-07
      vertex -134.985351562 39.4201927185 1.19209289551e-07
    endloop
  endfacet
  facet normal -0 -1 0
    outer loop
      vertex -134.298141479 41.9876708984 1.19209289551e-07
      vertex -134.985351562 39.4201927185 1.19209289551e-07
      vertex -134.611984253 42 1.19209289551e-07
    endloop
  endfacet
  facet normal 0 -1 0
    outer loop
      vertex -134.611984253 42 1.19209289551e-07
      vertex -134.985351562 39.4201927185 1.19209289551e-07
      vertex -135.233413696 39.4711723328 1.19209289551e-07
    endloop
  endfacet
  facet normal 0 -1 0
    outer loop
      vertex -134.611984253 42 1.19209289551e-07
      vertex -135.233413696 39.4711723328 1.19209289551e-07
      vertex -135.485351562 39.4967918396 1.19209289551e-07
    endloop
  endfacet
  facet normal -0 -1 -0
    outer loop
      vertex -135.485351562 39.4967918396 1.19209289551e-07
      vertex -135.738601685 39.4967918396 1.19209289551e-07
      vertex -134.611984253 42 1.19209289551e-07
    endloop
  endfacet
  facet normal 0 -1 0
    outer loop
      vertex -134.611984253 42 1.19209289551e-07
      vertex -135.738601685 39.4967918396 1.19209289551e-07
      vertex -135.99055481 39.4711723328 1.19209289551e-07
    endloop
  endfacet
  facet normal 0 -1 0
    outer loop
      vertex -134.611984253 42 1.19209289551e-07
      vertex -135.99055481 39.4711723328 1.19209289551e-07
      vertex -136.238616943 39.4201927185 1.19209289551e-07
    endloop
  endfacet
  facet normal -0 -1 -0
    outer loop
      vertex -136.238616943 39.4201927185 1.19209289551e-07
      vertex -136.480239868 39.344379425 1.19209289551e-07
      vertex -134.611984253 42 1.19209289551e-07
    endloop
  endfacet
  facet normal 0 -1 0
    outer loop
      vertex -134.611984253 42 1.19209289551e-07
      vertex -136.480239868 39.344379425 1.19209289551e-07
      vertex -136.712966919 39.2445106506 1.19209289551e-07
    endloop
  endfacet
  facet normal 0 -1 0
    outer loop
      vertex -134.611984253 42 1.19209289551e-07
      vertex -136.712966919 39.2445106506 1.19209289551e-07
      vertex -136.934387207 39.1216125488 1.19209289551e-07
    endloop
  endfacet
  facet normal -0 -1 -0
    outer loop
      vertex -136.934387207 39.1216125488 1.19209289551e-07
      vertex -137.142242432 38.976940155 1.19209289551e-07
      vertex -134.611984253 42 1.19209289551e-07
    endloop
  endfacet
  facet normal 0 -1 0
    outer loop
      vertex -134.611984253 42 1.19209289551e-07
      vertex -137.142242432 38.976940155 1.19209289551e-07
      vertex -137.334396362 38.8119812012 1.19209289551e-07
    endloop
  endfacet
  facet normal 0 -1 0
    outer loop
      vertex -170.099151611 5.25292015076 1.19209289551e-07
      vertex -170.111984253 4.99999952316 1.19209289551e-07
      vertex -172.611984253 3.99999976158 1.19209289551e-07
    endloop
  endfacet
  facet normal 0 -1 0
    outer loop
      vertex -172.611984253 3.99999976158 1.19209289551e-07
      vertex -170.111984253 4.99999952316 1.19209289551e-07
      vertex -170.099151611 4.74707937241 1.19209289551e-07
    endloop
  endfacet
  facet normal 0 -1 0
    outer loop
      vertex -172.611984253 3.99999976158 1.19209289551e-07
      vertex -170.099151611 4.74707937241 1.19209289551e-07
      vertex -170.060806274 4.49675369263 1.19209289551e-07
    endloop
  endfacet
  facet normal 0 -1 0
    outer loop
      vertex -170.060806274 4.49675369263 1.19209289551e-07
      vertex -169.997329712 4.25159215927 1.19209289551e-07
      vertex -172.611984253 3.99999976158 1.19209289551e-07
    endloop
  endfacet
  facet normal 0 -1 0
    outer loop
      vertex -172.611984253 3.99999976158 1.19209289551e-07
      vertex -169.997329712 4.25159215927 1.19209289551e-07
      vertex -172.599655151 3.6861641407 1.19209289551e-07
    endloop
  endfacet
  facet normal 0 -1 0
    outer loop
      vertex -172.599655151 3.6861641407 1.19209289551e-07
      vertex -169.997329712 4.25159215927 1.19209289551e-07
      vertex -172.562728882 3.37426233292 1.19209289551e-07
    endloop
  endfacet
  facet normal 0 -1 0
    outer loop
      vertex -172.562728882 3.37426233292 1.19209289551e-07
      vertex -169.997329712 4.25159215927 1.19209289551e-07
      vertex -169.909378052 4.01411008835 1.19209289551e-07
    endloop
  endfacet
  facet normal 0 -1 0
    outer loop
      vertex -172.562728882 3.37426233292 1.19209289551e-07
      vertex -169.909378052 4.01411008835 1.19209289551e-07
      vertex -172.501464844 3.06621837616 1.19209289551e-07
    endloop
  endfacet
  facet normal 0 -1 0
    outer loop
      vertex -172.501464844 3.06621837616 1.19209289551e-07
      vertex -169.909378052 4.01411008835 1.19209289551e-07
      vertex -172.416213989 2.76393222809 1.19209289551e-07
    endloop
  endfacet
  facet normal 0 -1 0
    outer loop
      vertex -172.416213989 2.76393222809 1.19209289551e-07
      vertex -169.909378052 4.01411008835 1.19209289551e-07
      vertex -169.797851562 3.78674554825 1.19209289551e-07
    endloop
  endfacet
  facet normal 0 -1 0
    outer loop
      vertex -172.416213989 2.76393222809 1.19209289551e-07
      vertex -169.797851562 3.78674554825 1.19209289551e-07
      vertex -172.307495117 2.46926641464 1.19209289551e-07
    endloop
  endfacet
  facet normal 0 -1 0
    outer loop
      vertex -172.307495117 2.46926641464 1.19209289551e-07
      vertex -169.797851562 3.78674554825 1.19209289551e-07
      vertex -172.176010132 2.18403816223 1.19209289551e-07
    endloop
  endfacet
  facet normal 0 -1 0
    outer loop
      vertex -172.176010132 2.18403816223 1.19209289551e-07
      vertex -169.797851562 3.78674554825 1.19209289551e-07
      vertex -169.663894653 3.57182908058 1.19209289551e-07
    endloop
  endfacet
  facet normal 0 -1 0
    outer loop
      vertex -172.176010132 2.18403816223 1.19209289551e-07
      vertex -169.663894653 3.57182908058 1.19209289551e-07
      vertex -172.022537231 1.91000533104 1.19209289551e-07
    endloop
  endfacet
  facet normal 0 -1 0
    outer loop
      vertex -172.022537231 1.91000533104 1.19209289551e-07
      vertex -169.663894653 3.57182908058 1.19209289551e-07
      vertex -169.508880615 3.37156867981 1.19209289551e-07
    endloop
  endfacet
  facet normal 0 -1 0
    outer loop
      vertex -172.022537231 1.91000533104 1.19209289551e-07
      vertex -169.508880615 3.37156867981 1.19209289551e-07
      vertex -171.848052979 1.64885866642 1.19209289551e-07
    endloop
  endfacet
  facet normal 0 -1 0
    outer loop
      vertex -171.848052979 1.64885866642 1.19209289551e-07
      vertex -169.508880615 3.37156867981 1.19209289551e-07
      vertex -171.653610229 1.40220785141 1.19209289551e-07
    endloop
  endfacet
  facet normal 0 -1 0
    outer loop
      vertex -171.653610229 1.40220785141 1.19209289551e-07
      vertex -169.508880615 3.37156867981 1.19209289551e-07
      vertex -169.334396362 3.18801856041 1.19209289551e-07
    endloop
  endfacet
  facet normal 0 -1 0
    outer loop
      vertex -171.653610229 1.40220785141 1.19209289551e-07
      vertex -169.334396362 3.18801856041 1.19209289551e-07
      vertex -171.440414429 1.17157268524 1.19209289551e-07
    endloop
  endfacet
  facet normal 0 -1 0
    outer loop
      vertex -171.440414429 1.17157268524 1.19209289551e-07
      vertex -169.334396362 3.18801856041 1.19209289551e-07
      vertex -171.209777832 0.958375990391 1.19209289551e-07
    endloop
  endfacet
  facet normal 0 -1 0
    outer loop
      vertex -171.209777832 0.958375990391 1.19209289551e-07
      vertex -169.334396362 3.18801856041 1.19209289551e-07
      vertex -170.963119507 0.763932287693 1.19209289551e-07
    endloop
  endfacet
  facet normal 0 -1 0
    outer loop
      vertex -170.963119507 0.763932287693 1.19209289551e-07
      vertex -169.334396362 3.18801856041 1.19209289551e-07
      vertex -169.142242432 3.02306103706 1.19209289551e-07
    endloop
  endfacet
  facet normal 0 -1 0
    outer loop
      vertex -170.963119507 0.763932287693 1.19209289551e-07
      vertex -169.142242432 3.02306103706 1.19209289551e-07
      vertex -170.701980591 0.58943939209 1.19209289551e-07
    endloop
  endfacet
  facet normal 0 -1 0
    outer loop
      vertex -170.701980591 0.58943939209 1.19209289551e-07
      vertex -169.142242432 3.02306103706 1.19209289551e-07
      vertex -168.934387207 2.87838983536 1.19209289551e-07
    endloop
  endfacet
  facet normal 0 -1 0
    outer loop
      vertex -170.701980591 0.58943939209 1.19209289551e-07
      vertex -168.934387207 2.87838983536 1.19209289551e-07
      vertex -170.427947998 0.435973763466 1.19209289551e-07
    endloop
  endfacet
  facet normal 0 -1 0
    outer loop
      vertex -170.427947998 0.435973763466 1.19209289551e-07
      vertex -168.934387207 2.87838983536 1.19209289551e-07
      vertex -170.142715454 0.304481685162 1.19209289551e-07
    endloop
  endfacet
  facet normal 0 -1 0
    outer loop
      vertex -170.142715454 0.304481685162 1.19209289551e-07
      vertex -168.934387207 2.87838983536 1.19209289551e-07
      vertex -168.712966919 2.75548815727 1.19209289551e-07
    endloop
  endfacet
  facet normal 0 -1 0
    outer loop
      vertex -170.142715454 0.304481685162 1.19209289551e-07
      vertex -168.712966919 2.75548815727 1.19209289551e-07
      vertex -169.848052979 0.195774257183 1.19209289551e-07
    endloop
  endfacet
  facet normal 0 -1 0
    outer loop
      vertex -169.848052979 0.195774257183 1.19209289551e-07
      vertex -168.712966919 2.75548815727 1.19209289551e-07
      vertex -169.545761108 0.110519886017 1.19209289551e-07
    endloop
  endfacet
  facet normal 0 -1 0
    outer loop
      vertex -169.545761108 0.110519886017 1.19209289551e-07
      vertex -168.712966919 2.75548815727 1.19209289551e-07
      vertex -168.480239868 2.65561914444 1.19209289551e-07
    endloop
  endfacet
  facet normal 0 -1 0
    outer loop
      vertex -169.545761108 0.110519886017 1.19209289551e-07
      vertex -168.480239868 2.65561914444 1.19209289551e-07
      vertex -169.237716675 0.0492467880249 1.19209289551e-07
    endloop
  endfacet
  facet normal 0 -1 0
    outer loop
      vertex -169.237716675 0.0492467880249 1.19209289551e-07
      vertex -168.480239868 2.65561914444 1.19209289551e-07
      vertex -168.925811768 0.0123304724693 1.19209289551e-07
    endloop
  endfacet
  facet normal 0 -1 0
    outer loop
      vertex -168.925811768 0.0123304724693 1.19209289551e-07
      vertex -168.480239868 2.65561914444 1.19209289551e-07
      vertex -168.238616943 2.57980751991 1.19209289551e-07
    endloop
  endfacet
  facet normal 0 -1 0
    outer loop
      vertex -168.925811768 0.0123304724693 1.19209289551e-07
      vertex -168.238616943 2.57980751991 1.19209289551e-07
      vertex -168.611984253 7.29946406236e-24 1.19209289551e-07
    endloop
  endfacet
  facet normal 0 -1 0
    outer loop
      vertex -168.611984253 7.29946406236e-24 1.19209289551e-07
      vertex -168.238616943 2.57980751991 1.19209289551e-07
      vertex -167.99055481 2.52882957458 1.19209289551e-07
    endloop
  endfacet
  facet normal 0 -1 0
    outer loop
      vertex -168.611984253 7.29946406236e-24 1.19209289551e-07
      vertex -167.99055481 2.52882957458 1.19209289551e-07
      vertex -167.738601685 2.50320863724 1.19209289551e-07
    endloop
  endfacet
  facet normal 0 -1 0
    outer loop
      vertex -167.738601685 2.50320863724 1.19209289551e-07
      vertex -167.485351562 2.50320863724 1.19209289551e-07
      vertex -168.611984253 7.29946406236e-24 1.19209289551e-07
    endloop
  endfacet
  facet normal 0 -1 0
    outer loop
      vertex -168.611984253 7.29946406236e-24 1.19209289551e-07
      vertex -167.485351562 2.50320863724 1.19209289551e-07
      vertex -167.233413696 2.52882957458 1.19209289551e-07
    endloop
  endfacet
  facet normal 0 -1 0
    outer loop
      vertex -168.611984253 7.29946406236e-24 1.19209289551e-07
      vertex -167.233413696 2.52882957458 1.19209289551e-07
      vertex -166.985351562 2.57980751991 1.19209289551e-07
    endloop
  endfacet
  facet normal 0 -1 0
    outer loop
      vertex -166.985351562 2.57980751991 1.19209289551e-07
      vertex -166.743713379 2.65561914444 1.19209289551e-07
      vertex -168.611984253 7.29946406236e-24 1.19209289551e-07
    endloop
  endfacet
  facet normal 0 -1 0
    outer loop
      vertex -168.611984253 7.29946406236e-24 1.19209289551e-07
      vertex -166.743713379 2.65561914444 1.19209289551e-07
      vertex -166.511001587 2.75548815727 1.19209289551e-07
    endloop
  endfacet
  facet normal 0 -1 0
    outer loop
      vertex -168.611984253 7.29946406236e-24 1.19209289551e-07
      vertex -166.511001587 2.75548815727 1.19209289551e-07
      vertex -166.28956604 2.87838983536 1.19209289551e-07
    endloop
  endfacet
  facet normal 0 -1 0
    outer loop
      vertex -166.28956604 2.87838983536 1.19209289551e-07
      vertex -166.081710815 3.02306103706 1.19209289551e-07
      vertex -168.611984253 7.29946406236e-24 1.19209289551e-07
    endloop
  endfacet
  facet normal 0 -1 0
    outer loop
      vertex -168.611984253 7.29946406236e-24 1.19209289551e-07
      vertex -166.081710815 3.02306103706 1.19209289551e-07
      vertex -165.889556885 3.18801856041 1.19209289551e-07
    endloop
  endfacet
  facet normal 0 -1 0
    outer loop
      vertex -169.663894653 6.42817020416 1.19209289551e-07
      vertex -169.797851562 6.21325492859 1.19209289551e-07
      vertex -172.611984253 3.99999976158 1.19209289551e-07
    endloop
  endfacet
  facet normal 0 -1 0
    outer loop
      vertex -172.611984253 3.99999976158 1.19209289551e-07
      vertex -169.797851562 6.21325492859 1.19209289551e-07
      vertex -169.909378052 5.98588943481 1.19209289551e-07
    endloop
  endfacet
  facet normal 0 -1 0
    outer loop
      vertex -172.611984253 3.99999976158 1.19209289551e-07
      vertex -169.909378052 5.98588943481 1.19209289551e-07
      vertex -169.997329712 5.74840831757 1.19209289551e-07
    endloop
  endfacet
  facet normal 0 -1 0
    outer loop
      vertex -169.997329712 5.74840831757 1.19209289551e-07
      vertex -170.060806274 5.50324583054 1.19209289551e-07
      vertex -172.611984253 3.99999976158 1.19209289551e-07
    endloop
  endfacet
  facet normal 0 -1 0
    outer loop
      vertex -172.611984253 3.99999976158 1.19209289551e-07
      vertex -170.060806274 5.50324583054 1.19209289551e-07
      vertex -170.099151611 5.25292015076 1.19209289551e-07
    endloop
  endfacet
  facet normal 0 -1 0
    outer loop
      vertex -172.611984253 3.99999976158 1.19209289551e-07
      vertex -172.611984253 38 1.19209289551e-07
      vertex -169.334396362 35.1880187988 1.19209289551e-07
    endloop
  endfacet
endsolid "fr-wheel-rill-25mm"
